eta_c,eta_cb,stable,n_seeds,all_finite,late_abs_early_deg,late_abs_early_deg_sd,late_signed_early_deg,late_signed_early_deg_sd,late_endpoint_mm,late_endpoint_mm_sd,adapt_abs_early_deg,adapt_abs_early_deg_sd,adapt_endpoint_mm,adapt_endpoint_mm_sd,max_adapt_abs_early_deg,max_adapt_abs_early_deg_sd,max_adapt_endpoint_mm,max_adapt_endpoint_mm_sd,max_baseline_abs_early_deg,max_baseline_abs_early_deg_sd,max_baseline_endpoint_mm,max_baseline_endpoint_mm_sd,max_washout_abs_early_deg,max_washout_abs_early_deg_sd,max_washout_endpoint_mm,max_washout_endpoint_mm_sd,late_path_rmse_mm,late_path_rmse_mm_sd,late_velocity_rmse_mm_s,late_velocity_rmse_mm_s_sd,first_washout_deg,first_washout_deg_sd,clip_events,clip_events_sd,objective,objective_sd
0.0,0.0,True,5,True,30.13867951183866,0.2691283697090494,30.13867951183866,0.2691283697090494,15.285353035834698,0.10161273924279064,30.13867951183866,0.26912836970904935,15.285353035834698,0.10161273924279071,30.138679511838667,0.2691283697090504,15.285353035834698,0.10161273924279077,0.244408933011998,0.14764968664693273,0.02099938865022976,0.011486256033510658,0.244408933011998,0.14764968664693273,0.02099938865022976,0.011486256033510658,13.014214264707771,0.017001520107808078,54.015102383050156,0.11168651388840604,0.1386795118386705,0.269128369709051,0.0,0.0,5.829188567669438,0.031957133460404775
0.0,0.025,True,5,True,22.84943763597069,0.5958680017294916,22.84943763597069,0.5958680017294916,8.998029146951675,0.14710715835745813,26.046372790599776,0.42340205088606225,11.669208210723436,0.12261179127982642,30.13799066360256,0.2702721681668369,15.2857295774369,0.10070785191001642,0.24666212043190394,0.14627511936602342,0.02100772674970817,0.011488556043526582,7.576047545014593,0.6162899573690443,1.7117081726270786,0.14242662637727765,7.7300115681364305,0.05236553598003212,30.725877233075362,0.22367476807554643,-7.576047545014593,0.6162899573690443,0.0,0.0,3.7997056119013117,0.06545107820014771
0.0,0.05,True,5,True,17.82912837205182,0.7952002201243106,17.82912837205182,0.7952002201243106,5.190587406335814,0.14351340872965737,22.826972798602032,0.5679677897767385,9.091868105855173,0.13390309373711573,30.137341068855328,0.27138482914404344,15.286109472678927,0.09994616825927842,0.24875716254813854,0.14503547271138006,0.021013867141476888,0.011490268879186206,12.718207722584049,0.8093547347240131,2.729229942088731,0.205110395100008,4.474082264665954,0.0273679487317721,16.548450606297177,0.38779824127175555,-12.718207722584049,0.8093547347240131,0.0,0.0,2.52788797987841,0.0715473991670241
0.0,0.1,True,5,True,12.494973553328188,0.8379355582469847,12.494973553328188,0.8379355582469847,1.5409135256030377,0.0845267269387935,18.487346351637324,0.6974073963609349,5.859970568339325,0.11825788042976518,30.136152086534004,0.27349103879973125,15.286876075975083,0.09876345195641258,0.25251329285660196,0.14291100158915676,0.021019865013345906,0.011491957551053917,17.937953977984428,0.8263666819865553,3.717837915988484,0.24751326535764182,1.3488748803411208,0.07238670222818822,4.427391502476118,0.2745615556325118,-17.937953977984428,0.8263666819865553,0.0,0.0,1.2597894317415865,0.05558539134448128
0.0,0.2,True,5,True,8.858286374470149,0.6495290053380747,8.858286374470149,0.6495290053380747,0.39039030975437017,0.1253968885426285,14.153041402124135,0.6922674031076045,3.157825942516749,0.11487255971677478,30.134164366465654,0.2771336368965322,15.288415277109786,0.09730062277358946,0.25854066909085177,0.13979074442592326,0.021021074559570346,0.011492299959312122,21.414821794116683,0.6309097554333746,4.311225923985613,0.22658914927706866,0.8273173836323819,0.1685643533876763,5.46398445305119,1.0651481135679515,-21.414821794116683,0.6309097554333746,0.0,0.0,0.7100523709594866,0.05699924481143636
0.0,0.4,True,5,True,5.7966862293686345,0.6985568663323698,5.7966862293686345,0.6985568663323698,0.38464969361539286,0.08130008825738383,10.438655808733682,0.5656228158332178,1.8151861346947977,0.09677459784192462,30.1313871939205,0.282111400307704,15.291373228914429,0.09595829857696983,0.26625681508062293,0.13642365182217642,0.021023190823241215,0.01149290055504595,24.508380114487238,0.7260771845301054,4.783782069087043,0.10937194552735933,0.5983541145644244,0.14363983946132294,4.013661682757994,0.7881008898947297,-24.508380114487238,0.7260771845301054,0.0,0.0,0.5026454374400737,0.03580155580852118
0.0,0.8,True,5,True,3.249779618135345,0.8508328502915827,3.249779618135345,0.8508328502915827,0.34813751858995945,0.09166549963350167,7.1336643257046575,0.5790955717862678,1.129616981923749,0.09054423802910916,30.12845497488529,0.28594739659397717,15.296081741480881,0.09484054768811846,0.2725134548072515,0.134495038345148,0.02102820529295995,0.011494331313585524,26.84083291161366,0.8498588044758015,5.187558515248153,0.03989824702051895,0.35283299618388586,0.07101521193533274,2.3942640904450068,0.41681986620200207,-26.84083291161366,0.8498588044758015,0.0,0.0,0.327428357090746,0.040388923199959445
0.0,1.2,True,5,True,3.0598417963871207,0.8537538090880972,3.0598417963871207,0.8537538090880972,0.26624056942127244,0.0667023568993945,5.719415293032698,0.6246182876480855,0.8745776290129627,0.08597291296409144,30.126650463158846,0.2867487032750848,15.29878734517673,0.09454846807562689,0.27435645911451345,0.13419295654710844,0.021033656244872977,0.011495898815691314,26.887376843967267,0.8361980535875929,5.1107058867254125,0.16397495103497486,0.32529760605048835,0.05464577587100268,1.9034028618871168,0.24503402607453975,-26.887376843967267,0.8361980535875929,0.0,0.0,0.2815045104174787,0.041146265581304776
0.0,1.6,True,5,True,3.1672951465474926,0.7048513374640165,3.1672951465474926,0.7048513374640165,0.2071404523163492,0.08092391293762682,5.0422285618515,0.6365285549265968,0.7288008223485859,0.08445600101541315,30.124902327035223,0.28717902299566717,15.299881864297877,0.09468476406963701,0.27533321610377504,0.13393293356906566,0.021038308364577825,0.011497246652711297,26.838151259883205,0.6419515347296336,4.967907093413582,0.23663723069149745,0.27188659359373474,0.042506699065837185,1.5559378359917009,0.20067677063404862,-26.838151259883205,0.6419515347296336,0.0,0.0,0.26407695192431896,0.03815224565463748
0.0,2.4,True,5,True,2.834401724549841,0.39233395239914526,2.834401724549841,0.39233395239914526,0.21812045386298357,0.10305802250674913,4.315921420879352,0.5753126115855224,0.5881303555459186,0.08705454242787844,30.121298772961694,0.2884418751442225,15.299737786482874,0.09502603504034061,0.2772253763336805,0.13303685464368656,0.021053011466003895,0.011501567332817108,27.23425500029117,0.3563747443308314,4.91676211842834,0.13242040320009502,0.16331341906999505,0.03679091624036513,1.1663374130415949,0.15630273110115803,-27.23425500029117,0.3563747443308314,0.0,0.0,0.24182618466373454,0.03586214199522855
0.0,3.2,True,5,True,2.561357200644566,0.36657034981216796,2.561357200644566,0.36657034981216796,0.22879435583406246,0.06406843393497004,3.8717730784241153,0.5100421563738243,0.5448340475826777,0.08034811187721856,30.118220141216046,0.28951163329682283,15.298955621144202,0.09489955534247864,0.2788132430753634,0.1322005761185308,0.021073243904460352,0.011507663779487141,27.4948858280799,0.3858358824538453,4.904007127944677,0.11780123238783473,0.12683522485845775,0.020008312292716955,1.0251122176461636,0.15093603758581345,-27.4948858280799,0.3858358824538453,0.0,0.0,0.22643374176164222,0.03678976082520893
0.0,4.8,True,5,True,2.2803768059247385,0.3981753251784934,2.2803768059247385,0.3981753251784934,0.23042346654146506,0.053800852215028096,3.3345901971111305,0.44616358020553337,0.6374548178107167,0.07416703022053073,30.113969112618474,0.29017073353348266,15.298127874365884,0.09394216922000455,0.2806935844949253,0.13122470961281454,0.02111715823216259,0.011521496219509023,27.737796177852772,0.38200832207502167,4.938064393918698,0.12097328131032088,0.09687390058586068,0.020384561721573307,0.9211239704420546,0.1579095000076603,-27.737796177852772,0.38200832207502167,0.0,0.0,0.2098288869697959,0.03437188630285926
0.0,6.4,True,5,True,2.294593734750409,0.38797454981569446,2.294593734750409,0.38797454981569446,0.21229136389025763,0.04872219850564437,3.4736745159041975,0.49147515317832563,2.0847460874930452,0.3652228932109156,30.11108131979777,0.28999575850877013,15.394199744517275,0.18461420067481352,0.2832410700505704,0.12984159808649537,0.021165566745410053,0.011537693485796207,27.72103044986752,0.36329411370549,4.994432991442634,0.10530646943885522,0.09743904351984896,0.012836141310335149,0.881858080864377,0.1395376933903563,-27.72103044986752,0.36329411370549,0.0,0.0,0.23081429389642777,0.03789113464682336
0.025,0.0,True,5,True,35.08588472397117,2.848885932572616,-35.08588472397117,2.848885932572616,8.710715914272182,0.07602086365780225,20.329480218228014,1.7273979946596174,11.39900393887954,0.09853912815937647,36.58175661377697,2.804898460321102,15.286234647120665,0.10101614408142097,0.25227023803762544,0.1411062709347804,0.02104576647540792,0.011499426762508317,66.88847798185738,2.795114538503328,5.688876782194496,0.6116769949990601,7.782921988498086,0.06973171979210441,40.851317918614356,0.9297305468913184,-66.88847798185738,2.795114538503328,0.0,0.0,4.2876437842139214,0.16880267937731203
0.025,0.025,True,5,True,29.27619023624057,2.4817366099500915,-29.27619023624057,2.4817366099500915,5.112621503451284,0.1155619330601738,18.07065965788807,1.5033827842509508,8.926969239290361,0.07958833666231852,31.1505581854088,1.4462666598718943,15.286547989391925,0.10023932689535299,0.25345853134995455,0.14013244013499956,0.021057390923458735,0.011502872137590938,60.48433567559291,2.448618758704456,5.754991654717422,0.5421765019259162,4.816845346113722,0.04558560372948522,25.788556481766754,1.2541730090898406,-60.48433567559291,2.448618758704456,0.0,0.0,3.0384192286031704,0.1612129496443763
0.025,0.05,True,5,True,24.014105046711215,2.1838557071616074,-24.014105046711215,2.1838557071616074,2.8749754382531805,0.15187467052851789,15.89747119661401,1.3189801033047137,7.105122223006464,0.08266156195535282,30.136018919073187,0.2682073860756789,15.286868820655252,0.0995833825241034,0.2545507924665122,0.13924710833536916,0.02106685918100007,0.011505721070010676,54.76991632795578,2.163328176956167,5.685618663582057,0.47901844752260364,2.899811900361269,0.0877423615534702,15.901909950987298,1.3110698791359954,-54.76991632795578,2.163328176956167,0.0,0.0,2.168024806887085,0.15152649112552077
0.025,0.1,True,5,True,15.826311697435784,1.6600863554655365,-15.826311697435784,1.6600863554655365,0.7680352587546411,0.22140956878120863,12.183116874596433,1.0120648965811212,4.742952689367586,0.08630510102683744,30.13504690373885,0.2693668311387724,15.287528753495778,0.09855904901225936,0.2564742016654148,0.13771122781306913,0.021079646264502643,0.011509629308467448,46.07750658946742,1.6357411570851799,5.430880591319797,0.38899881971981787,0.9258426533577623,0.09117263527968889,5.818890731177663,0.8048841652401734,-46.07750658946742,1.6357411570851799,0.0,0.0,1.1623496004658704,0.1364451469952177
0.025,0.2,True,5,True,6.984703575551462,0.8984914472604313,-6.984703575551462,0.8984914472604313,0.6069894598713347,0.12263111779746036,7.352677758392654,0.5623079197830556,2.796870884673029,0.06186627121586112,30.133376238233694,0.2711606487530833,15.288894553063239,0.09727343010947312,0.25944266549216594,0.13539932241668914,0.021082940064180287,0.011510647312956342,37.04653604943273,0.8592030786113422,5.06154194909647,0.2835395379356927,0.5868584626719126,0.17050595948560074,3.6389333404451825,0.8176622029507826,-37.04653604943273,0.8592030786113422,0.0,0.0,0.607955363050199,0.07292006847465632
0.025,0.4,True,5,True,1.7060216940053867,0.6466616424363298,-1.7060216940053867,0.6466616424363298,0.3895724158099803,0.09710630643848613,3.642093576475573,0.300591993307679,1.7114470012053595,0.06809089522203278,30.13086538405235,0.2730855537008901,15.29162761792642,0.0960488093352064,0.2631350413454437,0.13319423670850483,0.021047190228800434,0.011499845647575781,31.833050744065,0.6670350921657373,5.014641383883921,0.13166297697195017,0.5458731829729573,0.13041276862595155,3.193398309301368,0.6967969136592659,-31.833050744065,0.6670350921657373,0.0,0.0,0.24100978873786083,0.037128025340343526
0.025,0.8,True,5,True,0.6651142288231937,0.1902701795315719,0.20359322923189058,0.7330492201833925,0.19461018985550604,0.07089645935863799,3.4519943349047657,0.37982613518652686,1.036123023073483,0.06513402919440192,30.127615658908308,0.27358457494062893,15.296173813524083,0.09496723530882836,0.26631817129115454,0.13256891842184215,0.02103743490491917,0.011496992883663544,29.818823915772867,0.7043724438905299,5.263035781116171,0.05283504340238225,0.3030652746593273,0.08306072848530788,1.9919587329590343,0.4541509049959092,-29.818823915772867,0.7043724438905299,0.0,0.0,0.12760499311867857,0.015668988852830492
0.025,1.2,True,5,True,1.0904285870811483,0.5920438877657936,1.0904285870811483,0.5920438877657936,0.1589262807569316,0.06565035545846644,3.332975172416244,0.5790356741423597,0.7909464381247895,0.07318289729835714,30.125102860274524,0.2732127944048667,15.298885478457986,0.09465820211568039,0.26809814037226193,0.13256048883853702,0.021038761372932157,0.011497378395142133,28.865269915245158,0.54113321510991,5.199933942401339,0.13873211564780225,0.26668530952156655,0.052311559815237496,1.675488405412701,0.25686572770100957,-28.865269915245158,0.54113321510991,0.0,0.0,0.13495175405402685,0.030826957390441452
0.025,1.6,True,5,True,1.5980829114736572,0.41402674707314135,1.5980829114736572,0.41402674707314135,0.1308797147822675,0.07659343563189898,3.2973527766896873,0.5491023232393971,0.6608623756425867,0.07711185133390781,30.12267313940861,0.27332644118474203,15.300027952201026,0.094777985540965,0.2693709217216612,0.13259913062903908,0.021043636074383858,0.011498801591069899,28.42220607492751,0.3483897869337016,5.054316108226869,0.22299031737075636,0.2346290083971539,0.041687403204172205,1.4388453221549455,0.19251487383039112,-28.42220607492751,0.3483897869337016,0.0,0.0,0.15090041890575837,0.02396542738856472
0.025,2.4,True,5,True,1.6988616694617633,0.24769291413343886,1.6988616694617633,0.24769291413343886,0.15528932277791904,0.09685327284005456,3.1580746870547327,0.4720799930921923,0.5374019604829721,0.08387183301988876,30.118156326300902,0.27465901182120367,15.29993977773789,0.09512749497163613,0.2722418271093443,0.13186035403181928,0.021054902875740345,0.011502129850100847,28.378450273017926,0.21750230866629003,4.975596204332968,0.13254998400543946,0.14879065701288732,0.03693766566122879,1.0992899064792379,0.1421669703168502,-28.378450273017926,0.21750230866629003,0.0,0.0,0.15886378101202686,0.025286897519528565
0.025,3.2,True,5,True,1.6593702635480614,0.26111764745278665,1.6593702635480614,0.26111764745278665,0.17458453564401577,0.06345355559030771,2.995635460824937,0.41933050038370956,0.5034273919345904,0.07839334628650294,30.114642586213485,0.27595413567703325,15.299144623778545,0.09502639384271107,0.2745372654879009,0.13118909798506231,0.02107503094618151,0.011508210644597144,28.406593869062085,0.2828855752267684,4.951450597617542,0.1132381352340792,0.11460909751786211,0.019832549389613083,0.9637746471501792,0.14083273678860192,-28.406593869062085,0.2828855752267684,0.0,0.0,0.1598042137053238,0.03082860731745907
0.025,4.8,True,5,True,1.635351270340055,0.33422172872767536,1.635351270340055,0.33422172872767536,0.190519536037161,0.05263801598258603,2.7467099649538023,0.3904179411729142,0.6088540197645479,0.07400191609132123,30.11013031853065,0.2770078121579004,15.298268243860843,0.09409577499678588,0.2773464466386103,0.1305426724471686,0.021118738023678772,0.011522009118116202,28.389104737537735,0.31379137942420576,4.9738126977097235,0.11672936177944494,0.08643093024106893,0.019318037069718307,0.8708024792929567,0.15566923200322405,-28.389104737537735,0.31379137942420576,0.0,0.0,0.1622352923284333,0.030671612735868905
0.025,6.4,True,5,True,1.7602193040388812,0.3824225959971535,1.7602193040388812,0.3824225959971535,0.1822070699917643,0.05207074575635074,3.129192438996742,0.4919772706536745,2.1242299051761915,0.37772695179189103,30.107228879313805,0.2771246283650994,15.417938125415645,0.2102070498406463,0.2805999289219871,0.1294406192328017,0.02116694174111968,0.011538168052631944,28.267525467961235,0.3595714433406467,5.032238918010738,0.10375134042852326,0.08730502493876602,0.014884629063390666,0.843200826340228,0.13906240119340355,-28.267525467961235,0.3595714433406467,0.0,0.0,0.1943489753316585,0.03895168340550824
0.05,0.0,True,5,True,49.58241123429646,2.2659689144744477,-49.58241123429646,2.2659689144744477,5.732893346034606,0.39905845615554736,33.00724321507293,2.079571122736395,9.037522652534223,0.10543618167593816,50.40415070561223,2.231795597709215,15.287026612017433,0.10052742374098098,0.25906084363338155,0.13588653952662624,0.021100522998740552,0.011516159780877857,80.56902147019177,2.225235676194986,8.465884025036932,0.8599251528066072,5.055415714616281,0.03685850363333897,33.51286878298208,1.6453346195309966,-80.56902147019177,2.225235676194986,0.0,0.0,4.335076197115981,0.20369065371878495
0.05,0.025,True,5,True,43.22049023930502,2.1906429264523326,-43.22049023930502,2.1906429264523326,3.6419241363670416,0.4812732372149193,29.90089962312346,1.9679182878639632,7.295597064298311,0.15301067594748263,43.71581695685236,2.1651573603468757,15.287284976710154,0.09985776189153625,0.25950884964866117,0.13553524577445691,0.0211152024857852,0.01152086273138927,73.81053951581042,2.1603403398071928,7.867894229965342,0.7698192806870782,3.353015692161074,0.1031322707860942,23.329053386800712,1.9902318717940375,-73.81053951581042,2.1603403398071928,0.0,0.0,3.439888811940856,0.2223523423152056
0.05,0.05,True,5,True,37.50245696733939,2.144744556563336,-37.50245696733939,2.144744556563336,2.3614034416741214,0.503017560675018,26.985841791626445,1.8726756759596592,5.986943688802686,0.18139092511111993,37.762224374026104,2.128341371332056,15.287554330561864,0.09929030365903734,0.2599036506791577,0.13522566956925458,0.021127768905887127,0.01152496145225925,67.80779477816608,2.12533810787495,7.327122704179539,0.6792905736482749,2.187179817021519,0.16970503415360505,16.163539654193617,2.0174129902744466,-67.80779477816608,2.12533810787495,0.0,0.0,2.788181600983738,0.22873627404008326
0.05,0.1,True,5,True,28.21039206077599,1.9685683038688078,-28.21039206077599,1.9685683038688078,1.3258231113427528,0.3963786999812555,21.90453503461249,1.6774465068077213,4.286157343959786,0.19163193663080075,30.133837544894497,0.2656855935240667,15.28812102866016,0.098398662509177,0.26055139492620744,0.13471647530240974,0.021146886199112286,0.011531325360183356,58.214952957303375,1.9516105917605808,6.489893488294638,0.5348658009412621,0.8919161006357508,0.1566248452749518,8.00153232064703,1.4430247376740437,-58.214952957303375,1.9516105917605808,0.0,0.0,1.9945484235478887,0.19903663696086735
0.05,0.2,True,5,True,16.755314451265452,1.3369812240581234,-16.755314451265452,1.3369812240581234,1.0352005347429278,0.19938110036034318,14.697955701917603,1.2453619649011531,2.784661415126245,0.13882640748331188,30.1324687472743,0.26557166223755446,15.289334390175748,0.0972622443616601,0.26138755203083214,0.1340488566925844,0.021163338278985182,0.01153692605022112,46.6796583224076,1.2980361552984778,5.602533760968784,0.3629118083988782,0.51742629590612,0.1446519535210495,3.9530831994196567,0.280687957274139,-46.6796583224076,1.2980361552984778,0.0,0.0,1.2645498239467858,0.12244323329021851
0.05,0.4,True,5,True,7.555929891121811,0.6689995770214668,-7.555929891121811,0.6689995770214668,0.6020763602602318,0.16352139897124354,7.564183680806313,0.6328512491191195,1.7543164533567626,0.09838670802064785,30.130214255573247,0.2645651704515101,15.29186747249149,0.09613851729267865,0.2620569104619547,0.13347349671614683,0.02112643069695346,0.011524521785779904,37.53562381992854,0.6683333250931273,5.199362491517092,0.16528731885311235,0.5368078164474777,0.11748693379569361,3.042341045715181,0.5089627089784854,-37.53562381992854,0.6683333250931273,0.0,0.0,0.620015750153305,0.06479563519093114
0.05,0.8,True,5,True,2.33229599080326,0.6796892506148826,-2.33229599080326,0.6796892506148826,0.17825314483851123,0.07191507732222834,3.0323074520491904,0.4851032528259283,1.027214734223389,0.06907941388588679,30.126671524246596,0.26192767703005276,15.29626621988038,0.09508979101805377,0.26394003748324135,0.13271417025364607,0.021051718536473966,0.01150118368645659,32.25146404081172,0.6489347270919934,5.318048427836452,0.06786008020230444,0.2955810398673188,0.09521796068112447,1.7879275085437432,0.4797288414447186,-32.25146404081172,0.6489347270919934,0.0,0.0,0.20323186899764173,0.0320022773016339
0.05,1.2,True,5,True,0.4869679369685168,0.4451355959511699,-0.47045096190860625,0.46681128829121493,0.08408939151264885,0.052794409233822774,2.038081262626358,0.2801656139621803,0.7443588578888246,0.05733996679210949,30.123488879644526,0.26036695720830805,15.298983099829808,0.0947664784457932,0.26563668268056906,0.13246467576456503,0.021046641651586033,0.011499684147112846,30.39289901719938,0.4000703148025684,5.2712610704035425,0.11714938232582597,0.22699413630739024,0.05545680163063386,1.4957816473029646,0.28128664312319374,-30.39289901719938,0.4000703148025684,0.0,0.0,0.07451748168456628,0.030107043802187736
0.05,1.6,True,5,True,0.37480417560499923,0.23416152322071948,0.37480417560499923,0.23416152322071948,0.08079985133617718,0.06218964998771207,1.9478477658018747,0.2288215851865958,0.6119085556651797,0.06610804707787234,30.120408314587657,0.26008418518947746,15.300170587813252,0.09487146180379048,0.2669590241650497,0.13239197796362698,0.02104906205021337,0.011500397677314252,29.63505354440419,0.19495953040632283,5.127750850233996,0.20977045275863973,0.20343735950028735,0.043293417142590176,1.3408342834324618,0.19160381953643874,-29.63505354440419,0.19495953040632283,0.0,0.0,0.0651707421408324,0.0183290192281073
0.05,2.4,True,5,True,0.7899753640221909,0.24040895512846203,0.7899753640221909,0.24040895512846203,0.1108771246612589,0.08893514180816668,2.1318324032107774,0.39645110500419584,0.4967073966078853,0.079778019952695,30.11501417090374,0.26137153421060394,15.30013613112346,0.09522864436920485,0.2688743114608637,0.13246395174604125,0.021056803607570302,0.011502696678677352,29.283701789885583,0.22915319091662,5.026028645585521,0.13364324840679986,0.13768917751091064,0.03684398173187205,1.0531177907938667,0.14040718749217734,-29.283701789885583,0.22915319091662,0.0,0.0,0.09309945332468214,0.02149499272076181
0.05,3.2,True,5,True,0.9208357753825078,0.23158071840463257,0.9208357753825078,0.23158071840463257,0.131997791912679,0.06150345572957608,2.21276313110903,0.3557092695606868,0.46898870383687885,0.07636413325001438,30.111089208003868,0.2628543127968077,15.299328489134798,0.09515220707719399,0.2713366747935694,0.1317446939778873,0.021076827351251864,0.011508761747213369,29.145117207749376,0.25086151318614186,4.991939002446034,0.1096773034464934,0.10568353403563899,0.021365997381614994,0.9209191760407013,0.13470095544050575,-29.145117207749376,0.25086151318614186,0.0,0.0,0.10514414362151873,0.02736503908403709
0.05,4.8,True,5,True,1.0910180135075271,0.30384005318510887,1.0910180135075271,0.30384005318510887,0.1574419692399294,0.05187694678794716,2.2183424088407593,0.3593400434608032,0.5844773293241611,0.07379659396916874,30.106357936174287,0.26429921307088816,15.298403427052312,0.09424860228045538,0.2747441733096223,0.13101208649549637,0.02112032723879778,0.011522526145868937,28.932632370561272,0.281339919950462,5.004667059064596,0.11323975791239357,0.07867259322194248,0.017684204173153504,0.8320759864403457,0.15341799166047038,-28.932632370561272,0.281339919950462,0.0,0.0,0.12194786288458988,0.0285837990541124
0.05,6.4,True,5,True,1.233845992959035,0.3843096670489355,1.233845992959035,0.3843096670489355,0.17120234658271666,0.05249435568968619,2.794245146714283,0.5063258108681364,2.17676105151809,0.38774621956236405,30.10347174824285,0.2647155327389858,15.445980374075713,0.23909120802555664,0.2785677426833436,0.12972831917905184,0.021168326191813764,0.01153864669076884,28.803283736537423,0.36235699987213216,5.071048923846028,0.10097453341461295,0.08091963272697214,0.01732261744947272,0.8201341213620275,0.13453555471213097,-28.803283736537423,0.36235699987213216,0.0,0.0,0.16334625355412724,0.03924897829546721
0.1,0.0,True,5,True,56.76491654277961,2.149277166340429,-56.76491654277961,2.149277166340429,4.368138222489054,0.989240686910034,44.099403053071796,2.0802483974368458,6.845589063513911,0.46104158982138094,57.06892632351081,2.1857882679772684,15.288381859637038,0.09979849456895608,0.269920635902379,0.12849662058714392,0.021228021080722546,0.011560054353766237,87.12608151386331,2.1950941371626143,10.172145982804576,0.9866549241740373,2.967325984217717,0.10758332971324339,25.75824180378671,2.3055933920918537,-87.12608151386331,2.1950941371626143,0.0,0.0,4.409631438653083,0.34258955769032956
0.1,0.025,True,5,True,51.06865474103696,2.117617441873389,-51.06865474103696,2.117617441873389,3.5072484837878966,0.9112923406013765,40.93800890179197,2.035967548785781,5.8855385564294265,0.46844298148163505,51.13591367670839,2.1480949193669914,15.288551186691413,0.09929428210963702,0.2691527094777468,0.12897181767002336,0.021248136910466803,0.011567606306161429,81.13950120788004,2.158650817521879,9.348650275881806,0.9420645153383036,2.2945820096915064,0.2097403655422159,20.45670716743449,2.6556912719651233,-81.13950120788004,2.158650817521879,0.0,0.0,3.8675638628410334,0.3288410712932589
0.1,0.05,True,5,True,46.09651818716614,2.1281747567650786,-46.09651818716614,2.1281747567650786,2.9280865505810256,0.7917737385990752,38.02131845417841,2.009692683796457,5.132389594396072,0.4512066207926038,46.18025418743643,2.0837105548890924,15.288736894164899,0.09886359068684657,0.2683995864232608,0.12944464389147317,0.02126623880892047,0.011574547396117242,75.98898880314759,2.1682978417947973,8.632705760679348,0.8785088850107824,1.7583873751274286,0.26241718545484466,16.260930597898287,2.6928071412852894,-75.98898880314759,2.1682978417947973,0.0,0.0,3.4375544425268814,0.3049519678499252
0.1,0.1,True,5,True,38.00846307581994,2.141780364695502,-38.00846307581994,2.141780364695502,2.2661159896349825,0.5550925658133588,32.89414517165821,1.9642449003992588,4.074552909646728,0.38265755902218757,38.69373523297639,2.0598596750339304,15.289151337396254,0.09817758973579405,0.2669412122236146,0.1303789845771011,0.02129671853356434,0.011586544814433048,67.75327997285528,2.177806026936062,7.52517748254778,0.7389188163608711,1.0416847860042782,0.23356756610937285,10.596920085623436,2.1627102655506807,-67.75327997285528,2.177806026936062,0.0,0.0,2.80764768955256,0.2534518758061765
0.1,0.2,True,5,True,27.119288660372508,1.8833201521328629,-27.119288660372508,1.8833201521328629,1.6615173815382085,0.3321270256728388,25.059853241947195,1.7742510487422536,2.9353103375307414,0.26270440045892973,30.18553920186639,0.34552455510111685,15.290113272597178,0.09727440263009332,0.26429422928362234,0.13212425256837376,0.02133692868042736,0.01160296579579927,56.871996989921,1.8975035073267827,6.267569868065028,0.5144069222753557,0.608014319448572,0.04735202567483276,5.944200342205772,0.674799153480547,-56.871996989921,1.8975035073267827,0.0,0.0,2.0281384759672916,0.18868965576663146
0.1,0.4,True,5,True,15.686217296534107,1.081515127663307,-15.686217296534107,1.081515127663307,1.0333729651171057,0.2430507191868951,15.653428057269815,1.1978629744129081,1.9535534501726377,0.17781292130285087,30.128580508256977,0.24888078919660564,15.292310034855774,0.09631287191396856,0.26243794493607064,0.13330624288410792,0.021349996750700782,0.011608447464730139,45.442427987542956,1.0850306893849577,5.455862797417078,0.23982909004706313,0.5853413602357999,0.09338656458640683,3.835324060204711,0.17354820251831923,-45.442427987542956,1.0850306893849577,0.0,0.0,1.2050201479259204,0.11999617025432657
0.1,0.8,True,5,True,6.208366073760255,0.7048588027223917,-6.208366073760255,0.7048588027223917,0.38541301569230296,0.17354580983678675,7.407933291523716,0.6566543430775763,1.1519314742834543,0.13090760183892328,30.12451356933754,0.2405573722368401,15.296451821132342,0.0953221608421229,0.2627172211372871,0.13299822392647953,0.021205227575305508,0.011551702843397368,35.8542368270917,0.7036969437093356,5.37772941290285,0.09570812363252329,0.3691168463804265,0.08702124940115828,2.041238191125024,0.4190015842982904,-35.8542368270917,0.7036969437093356,0.0,0.0,0.4873267447509667,0.06930661480962014
0.1,1.2,True,5,True,2.610570519614048,0.4851003639526534,-2.610570519614048,0.4851003639526534,0.12641679840758197,0.08338106161020208,4.0218182345925415,0.534238944315155,0.782051706080557,0.09178298759638835,30.12009560920883,0.23661950633255396,15.29917637111123,0.09497759402855506,0.26376098141089643,0.1325506529552783,0.02107024873884452,0.011506750261645483,32.367169777864554,0.45427075614431395,5.3669967725412615,0.09242969772944401,0.2168131876169701,0.0779877907254994,1.3763538000930586,0.35670641699298344,-32.367169777864554,0.45427075614431395,0.0,0.0,0.20842650018591077,0.03790827069819188
0.1,1.6,True,5,True,1.2029510270349355,0.38496805835076175,-1.2029510270349355,0.38496805835076175,0.0774737432214954,0.02396049438291984,2.388850954956678,0.416437898871529,0.5996016829235111,0.05048237601930275,30.115797888010142,0.2353498106441134,15.300445635721298,0.09505782110209673,0.2648838852776395,0.13224444652850173,0.02106020473940966,0.011503714799596276,31.128170072991452,0.4625137861750741,5.239218759119501,0.1839604111471897,0.16751384878125572,0.05771309985465214,1.220193142589625,0.23587614787894645,-31.128170072991452,0.4625137861750741,0.0,0.0,0.10922049156809148,0.022546642345650056
0.1,2.4,True,5,True,0.5274731644032278,0.3477931046645441,-0.4393153800511649,0.4769669419071634,0.08868201932229432,0.05830484992261977,1.255840904786718,0.24177235700081876,0.46051126323001573,0.05262673978105611,30.108748611509647,0.23623274625127477,15.300512339236647,0.09542924757826343,0.2669523092774909,0.13201884585302504,0.021060632992811697,0.011503843346261802,30.480204643029804,0.4664926010376878,5.103932372786595,0.13809528564447643,0.12279815856166203,0.04058553124913098,1.0057689037231285,0.16617067638725233,-30.480204643029804,0.4664926010376878,0.0,0.0,0.06653419776758533,0.023650886035468298
0.1,3.2,True,5,True,0.21986379456560007,0.2323778358853467,-0.13289833108199783,0.30161883329063055,0.0848003873617453,0.0499624402398158,1.129326630669303,0.11813723237038429,0.4272699148796916,0.06458129416796249,30.10406751957536,0.23797737955551726,15.299681132308137,0.09540012747517453,0.26864471111818006,0.13189793909695197,0.021080448209251763,0.0115098767372986,30.178960760975393,0.29319969706003,5.0537577352005325,0.10482808382409417,0.09500908681899937,0.027685716604881134,0.8762664236934835,0.13979217067694252,-30.178960760975393,0.29319969706003,0.0,0.0,0.04858587638115156,0.015638430425157238
0.1,4.8,True,5,True,0.3025955227821201,0.2485911131849544,0.26800494696355237,0.2939847450030191,0.10793505377584008,0.051154810951761436,1.3647333363249907,0.3159334268293639,0.5483160863308258,0.0721442774339203,30.099016479109117,0.24019023776158893,15.29865874960376,0.09455098306293132,0.27158734342397156,0.13152696501848637,0.02112353390254571,0.01152357265247767,29.737370108518103,0.2686011387563986,5.05251393747874,0.1077324073665041,0.06923971163574302,0.01364575674844574,0.7808713935927842,0.14956989919796876,-29.737370108518103,0.2686011387563986,0.0,0.0,0.06244573056111456,0.025144966062953404
0.1,6.4,True,5,True,0.3319060214742521,0.27274047040129684,0.23926289795535496,0.37443910407726444,0.18881231257796222,0.049818917209614705,2.253958352035859,0.4222322357241496,2.3143923783404134,0.4009614957333582,30.09624183782941,0.24122674299233232,15.519420819978128,0.28580785276974113,0.2774810474083396,0.12995726077167155,0.021171123425904347,0.011539616235895047,29.80290723910266,0.3530086184728492,5.14803904288416,0.09167003450174008,0.07597069638047088,0.021057698714742897,0.8046357690231705,0.1196872561969067,-29.80290723910266,0.3530086184728492,0.0,0.0,0.12039823441229958,0.03228802147463396
0.2,0.0,False,5,True,57.3624047276616,3.4389649126417954,-57.3624047276616,3.4389649126417954,3.8058336134273696,0.9442021471257277,51.17122300109418,2.411598080173407,5.474268857843809,0.7403457615474044,58.48449234675013,2.675745216084998,15.290401115517176,0.09897634652105382,0.28348429347978793,0.12119879005275988,0.021521076300671498,0.011686714177143351,86.76586603350229,3.7271579691859076,9.512573392224507,0.9620559159398567,1.9531041093371289,0.18417703271460356,18.257070716792963,2.34744526292425,-86.76586603350229,3.7271579691859076,0.0,0.0,4.3354543356288415,0.41125825866372656
0.2,0.025,True,5,True,52.73137463087323,3.329711196876717,-52.73137463087323,3.329711196876717,3.474272699212122,0.9004300706041503,48.341301604715106,2.362818707014168,5.024466580768351,0.7161407014601247,54.66779378735439,2.3255782710269584,15.290455087207892,0.09867466074302104,0.2810928958442183,0.12234237890169648,0.02154955827672873,0.011700907957423474,82.02305550647097,3.599370759572107,9.060029584941171,0.9737104495642988,1.7093511581850542,0.24513073951366063,16.27390574254681,2.6796427034634576,-82.02305550647097,3.599370759572107,0.0,0.0,3.9900802135227225,0.39998675495528085
0.2,0.05,True,5,True,48.82581653475194,3.2615098709329624,-48.82581653475194,3.2615098709329624,3.198912542350266,0.8426831431302024,45.7926703587386,2.3339339358247098,4.638892045163095,0.6818259830080426,51.536254221041496,2.149691172501375,15.290531452230747,0.09841205880525597,0.2787994161009812,0.12351090824878994,0.021576302048906433,0.011714535060093824,78.0730521331761,3.5151068909649705,8.62348754375483,0.9703035450197186,1.4822986448207291,0.27972230046628666,14.467407875941523,2.8000471487168888,-78.0730521331761,3.5151068909649705,0.0,0.0,3.6984234382748333,0.3855810570619476
0.2,0.1,True,5,True,42.62144415569214,3.1867348639858117,-42.62144415569214,3.1867348639858117,2.7711854363100703,0.7164810899751914,41.38358258182248,2.307803532639708,4.020872116614633,0.599972875781125,46.49998719500448,2.0404527803266723,15.290744225218512,0.097980731783463,0.27449832147224146,0.1258834192044323,0.02162482391820112,0.011739996370209515,71.88109720496438,3.414442452469216,7.839815187921646,0.9146475152509465,1.1146692977173307,0.26474654033705386,11.504180145146858,2.5417478666948017,-71.88109720496438,3.414442452469216,0.0,0.0,3.2344322798252634,0.35410993884079073
0.2,0.2,True,5,True,34.13635334331444,3.0583998938165844,-34.13635334331444,3.0583998938165844,2.211262770452601,0.5308144272069771,34.54092894363241,2.263089466013797,3.1950533715523224,0.4546560850157221,38.9903736215363,2.0287519074603746,15.29136445284152,0.09737239821387267,0.2689905193071973,0.1291231504742799,0.02170364014296945,0.011783366552475277,63.51659944354829,3.2521974722133042,6.702776448175274,0.7176253839868354,0.7712527849283678,0.07179912061529561,8.033662131473834,1.3975189279860918,-63.51659944354829,3.2521974722133042,0.0,0.0,2.599681188746272,0.30373411999137884
0.2,0.4,True,5,True,23.597147116731616,2.5277782512586997,-23.597147116731616,2.5277782512586997,1.5524818594424252,0.3883559153897414,25.274913644393557,1.968043949517922,2.3071922401592677,0.31055451958239805,30.284400008326145,0.4463351961990322,15.293081560791498,0.09662883373070624,0.2650357690376836,0.13161115569481135,0.021799976833763696,0.011839725352705555,52.95658452556879,2.6789083060890873,5.6604957541693866,0.3630282896002629,0.715620928953258,0.05577185804119924,5.66399095335918,0.5831961412052872,-52.95658452556879,2.6789083060890873,0.0,0.0,1.816301320677579,0.23990925821867076
0.2,0.8,True,5,True,10.42372057731699,1.627085852565653,-10.42372057731699,1.627085852565653,0.7781663935754436,0.2794019559957192,14.430102550702875,1.25254665893001,1.4553596693759414,0.2203679317039425,30.119386246373512,0.20451784762518457,15.296824406265534,0.09573479001730677,0.26343807540691466,0.13259311332853316,0.021820886967810184,0.01185243991155159,39.347294640248975,1.6983292038093123,5.362071778580498,0.14392615669937311,0.5612744102606704,0.07448156437822334,3.4567818025663413,0.5928195172178358,-39.347294640248975,1.6983292038093123,0.0,0.0,0.8597588686034099,0.1583824956674056
0.2,1.2,True,5,True,3.9402446210528432,0.8446800702162712,-3.9402446210528432,0.8446800702162712,0.36203475230699655,0.1823427808720351,8.608139753909484,0.8167769978761911,1.0025880624000405,0.17015066556334643,30.112850543369042,0.1961146624835151,15.299552539372641,0.09537231944429782,0.26352526099793516,0.13246521869424105,0.02171147212165338,0.011787811463509408,33.0879304535029,0.7929922249692806,5.420237997362953,0.13922670612559,0.3652184356175281,0.09477980751060146,2.1191895240594496,0.5532137817987959,-33.0879304535029,0.7929922249692806,0.0,0.0,0.3756375749609906,0.08494601509876731
0.2,1.6,True,5,True,1.7226928003702144,0.787163394790121,-1.6658598556372735,0.9077513886310214,0.1773669773383464,0.07722897465940205,5.5088583362162,0.5487976462321347,0.7349630694299639,0.1224483647313727,30.106411003330624,0.1923789879276637,15.300955929255238,0.09542034491386872,0.2641375579584682,0.13198904345691154,0.021546569823969398,0.011699403212974241,31.249854593775,1.1324952568710036,5.350742045379805,0.13909812720090675,0.23127320280086897,0.09703376919353328,1.4835196290526518,0.4614181631074848,-31.249854593775,1.1324952568710036,0.0,0.0,0.18839273763578074,0.03785218359913621
0.2,2.4,True,5,True,1.3537832180484781,0.5663480302521151,-1.0551584160545686,1.104519008208589,0.11860385916411316,0.02542532497111344,2.8631323130442086,0.40778879729681555,0.4949106874089507,0.055863892815757966,30.096400683993306,0.1913876483189978,15.301201645354272,0.09581894384515956,0.26579050198741855,0.13147431260495834,0.02120100375329359,0.01155017927754302,31.00696225931626,1.0551059339397144,5.188331331741644,0.15584732108081667,0.12479278028937865,0.07537174252043942,1.0666223076161423,0.31911180711709264,-31.00696225931626,1.0551059339397144,0.0,0.0,0.12928633757354202,0.029211756777066424
0.2,3.2,True,5,True,0.9575164352998762,0.45194635838077907,-0.9575164352998762,0.45194635838077907,0.09382050690779772,0.042459829405286614,1.7221641786599229,0.37543750099659645,0.4291059659429437,0.036168934278002815,30.090439933719296,0.19319106029161015,15.300328369879711,0.0958772942622415,0.2674907422622813,0.1312736364165198,0.021087801818733088,0.01151215836644481,30.949830454124175,0.34375309951116084,5.11743092643061,0.10171466277103028,0.09319064935013678,0.05104586922484321,0.8979130369894675,0.22220925491419946,-30.949830454124175,0.34375309951116084,0.0,0.0,0.09269385203866717,0.020926349590295067
0.2,4.8,True,5,True,0.5646625841832065,0.30773784567763923,-0.5646625841832065,0.30773784567763923,0.05948957442944543,0.0507577119861124,1.1588676254911596,0.19346295794056262,0.5257208059218026,0.0577641999303876,30.085168124250618,0.19684493157619684,15.299112710692535,0.09513707617470799,0.2712143640398908,0.13077996286937552,0.02113005990074036,0.011525715919611483,30.50039606667614,0.27099486353156116,5.102794284232439,0.09931015778524613,0.0643432501886383,0.014333512549798273,0.7470577715240914,0.144059423878261,-30.50039606667614,0.27099486353156116,0.0,0.0,0.061352962276036295,0.017988707959977677
0.2,6.4,True,5,True,1.3830543237639443,0.35124016986105605,-1.3830543237639443,0.35124016986105605,0.2634110143963323,0.06652649351759705,2.9554318959824983,0.20145277175070192,2.651037556005285,0.4253076407814873,30.082904008851393,0.19919254809575096,15.722812090764304,0.36968294762170595,0.2788258774619522,0.1281315904504268,0.02117683099635869,0.011541604790243746,31.376931854720624,0.36004577124085957,5.287461873843697,0.06271527361195153,0.07927403214482522,0.02411970323553587,0.8388867714392934,0.09273426746477204,-31.376931854720624,0.36004577124085957,0.0,0.0,0.20295167604473713,0.02479688238640451
0.4,0.0,False,5,True,38.554927102256165,7.319858804234323,-38.554927102256165,7.319858804234323,2.5530287925436945,0.652781177375824,49.58407522005889,4.105751900789036,4.293259396949968,0.751629250867002,58.86713312964596,2.646767278273499,15.292842006728744,0.09840563608690175,0.2923240430380575,0.11776359313986966,0.0221223204161849,0.01205440442402877,64.89630528136838,7.325513044462697,7.494604557453492,0.9847709777910033,1.2671742420596688,0.14441580738507007,11.270096073057056,1.5934401576061823,-64.89630528136838,7.325513044462697,0.0,0.0,3.0493554774183393,0.5429216402738479
0.4,0.025,False,5,True,37.663119780965516,7.209141728041599,-37.663119780965516,7.209141728041599,2.512346840205561,0.6730155451128316,47.8895847984009,4.028769942824324,4.1292328012805335,0.7495798478302546,56.81542791655987,2.42708515474018,15.29280571934066,0.098272743008873,0.2886389362145732,0.11912964032003343,0.02215975189316812,0.012081873247133343,64.55101957165493,7.315011857847511,7.397641893660693,0.9635855365536339,1.1746791570721637,0.17747387199238812,10.747709965075146,1.8297764728125199,-64.55101957165493,7.315011857847511,0.0,0.0,2.9777936966236034,0.5478810488103097
0.4,0.05,True,5,True,36.6652666709154,7.067620209728051,-36.6652666709154,7.067620209728051,2.4703890125027534,0.6863422760418407,46.303200702289395,3.955516010387045,3.9771294702610915,0.7422612683583459,54.988586682411984,2.267316926597197,15.292793597723215,0.09815199527668081,0.2856021126726828,0.12037879605427158,0.02219623662373184,0.012109144122126504,63.94692604793901,7.229513563025887,7.275609746236777,0.9538801038467273,1.0870611018796872,0.20148108197215658,10.239832419831941,1.984557401000299,-63.94692604793901,7.229513563025887,0.0,0.0,2.9017063681817308,0.548198406158138
0.4,0.1,True,5,True,34.611623016677854,6.761639302035493,-34.611623016677854,6.761639302035493,2.3797149366932224,0.6934555908312313,43.43372329212929,3.8271273504090177,3.703180788306929,0.715256949457587,51.83400236616901,2.0842232862222727,15.292835234150681,0.09794018701892489,0.28106161257380996,0.12245308165973298,0.022266362182712923,0.012162925199354637,62.407866177934395,6.967114733715827,6.984694786567876,0.9348210221722344,0.9398517715492802,0.2089489380029459,9.320194927583973,2.038887644874885,-62.407866177934395,6.967114733715827,0.0,0.0,2.747967069113291,0.5396176335943946
0.4,0.2,True,5,True,30.850318364455735,6.241291165087339,-30.850318364455735,6.241291165087339,2.177294836125095,0.6618926778099281,38.693810083565324,3.643505995709945,3.2516505122774646,0.638238222460939,46.798737603739326,1.9767509967699812,15.29313955648837,0.09759959936328277,0.27548950829130103,0.12532172095957672,0.02239530984635892,0.012266435639475957,59.137480262760086,6.440460558308314,6.369371600658224,0.8207649709115348,0.7933847136712956,0.1240858131169151,8.038295962440667,1.6256892088519481,-59.137480262760086,6.440460558308314,0.0,0.0,2.4624195889353637,0.508670178140518
0.4,0.4,True,5,True,24.177480389496246,5.4762751375654535,-24.177480389496246,5.4762751375654535,1.7681444643446445,0.5763574053068748,31.593846263921442,3.378268256353671,2.6103546817917618,0.5046422299415579,39.3153058778174,1.985695388456793,15.294345748319381,0.09708595307310627,0.2701794499530945,0.1283618554909101,0.022609606183006625,0.012451330222946982,52.488764426571365,5.575414052394135,5.517227650277089,0.45872028690186045,0.8070798343856354,0.08541331892606445,6.974924786619522,1.258167841977917,-52.488764426571365,5.575414052394135,0.0,0.0,1.956845042037962,0.44781616661600476
0.4,0.8,True,5,True,9.619687110837246,3.855342059485322,-9.619687110837246,3.855342059485322,1.1053389691624418,0.449187182540668,20.759668099611908,2.6356513952099707,1.833828421641708,0.369995680790385,30.432032677665518,0.5994458828749387,15.297560428304177,0.0963548984768394,0.2665702550274634,0.1305469680789299,0.022885206601535563,0.012711737992771794,38.62159809553902,3.378124745908442,5.130622806411782,0.2614030912752356,0.7644045874936063,0.11530386760753267,5.463719640792717,1.1942859641214132,-36.94640526606057,3.6781543087796575,0.0,0.0,0.9602808486893973,0.3222465683356522
0.4,1.2,True,5,True,1.6992282444189097,0.5642472384988098,0.4874029163783657,1.6994319114793057,0.6692992839396534,0.3583653181157488,13.12549029222301,1.5913148242266988,1.3533614699059657,0.3003900549883706,30.09773751651566,0.13790485747592562,15.300250225978061,0.09602448252077996,0.26562814714959754,0.13110462810300286,0.02300429751846087,0.012831788722721987,31.636298420159527,3.8045284763928437,5.287953701434147,0.3275938877008697,0.6353125226960951,0.12862411212667885,4.178480386532282,1.0935749309125224,-27.37538651981806,1.6192742740809147,0.0,0.0,0.38377906848265136,0.11974651384398671
0.4,1.6,True,5,True,3.4647507483052067,2.368387938104348,3.4647507483052067,2.368387938104348,0.39093063485923185,0.2934568196846056,9.23346945571026,1.2817589462533496,1.0260566174066752,0.24850538916788156,30.08791411440772,0.12924740206222635,15.301827629321329,0.0960617346002308,0.2656945996787938,0.13101987668909354,0.023019948816800296,0.012847893124418364,27.782849365984855,2.0269315778549384,5.3530202788929,0.16110671078965336,0.5009738295126321,0.14850807503723046,3.196465356864274,1.0623100278494537,-25.617604804883616,3.192484932871036,0.0,0.0,0.3646814059310308,0.20016920049494216
0.4,2.4,True,5,True,2.3169592130636785,2.3690216768350423,1.4653142453241284,3.1046266123525816,0.18319998315331915,0.2015519678474365,5.384673369966319,0.9703954274379999,0.6598422180988368,0.1535111926596585,30.07308940261769,0.12157830579116453,15.30235037744085,0.09652302846590965,0.266653623344312,0.13029688384474092,0.02289823771680293,0.012724657784791706,28.764640971964184,2.9545005996649008,5.225139117893389,0.23508699992442847,0.2870210812760373,0.1699043720589773,1.9442852951957488,0.9904661772500355,-28.764640971964184,2.9545005996649008,0.0,0.0,0.21730197011441668,0.176667164081626
0.4,3.2,True,5,True,0.7333984318289388,0.32531145302916675,-0.363649298457917,0.751734041081586,0.1635367093296858,0.1421088717580717,3.542406581038044,0.5055907620677411,0.5290041969293123,0.09920751062862751,30.065294957208586,0.12136759148756425,15.301409237753939,0.0967337099878429,0.26771232780103904,0.12953290573618367,0.02272729589645604,0.012559493832482817,30.58533114837487,0.3910958649901255,5.13510817807372,0.1343721407893594,0.17063569960527308,0.14430099677456187,1.3272799176233863,0.7638686317389487,-30.58533114837487,0.3910958649901255,0.0,0.0,0.11571801319280164,0.04497472555110273
0.4,4.8,True,5,True,0.7599152813362716,0.7669649440547439,-0.7599152813362716,0.7669649440547439,0.07988905427685608,0.04884750944607117,2.160604185867266,0.38302981683520704,0.5846283624685272,0.032588044570698055,30.06088887521837,0.12708185401389221,15.299820131586852,0.09620257641113258,0.27359187042285,0.12719964966930095,0.022492073957817216,0.012347963969358748,30.59169349972681,0.6493876475037378,5.105900150831539,0.08505975452317122,0.0845349172816888,0.05301831715371616,0.8439415098875118,0.17804269386080424,-30.59169349972681,0.6493876475037378,0.0,0.0,0.08552581353898239,0.04529664934382702
0.4,6.4,True,5,True,2.8245270171331507,0.9424922043341966,-2.8245270171331507,0.9424922043341966,0.39361776774512564,0.2025577604898921,5.726737992982704,0.8023294517876414,3.3780246542564507,0.6115897886350483,30.06053896993141,0.13221426737820385,16.477073276366518,0.8759654624521507,0.2815149003092191,0.12461717370076812,0.02239914306162092,0.012269603026795453,32.61872639264969,0.8017530064281367,5.480376598957713,0.12552306434443386,0.09999305010606277,0.03821414963998417,1.122854029565516,0.2655298229482717,-32.61872639264969,0.8017530064281367,0.0,0.0,0.34255009067982833,0.09206973368302919
0.8,0.0,False,5,True,10.638048699496078,2.4781851140147277,-10.638048699496078,2.4781851140147277,1.5331650031636403,0.3234593075634804,33.56309462139304,3.87829866014447,3.1155588533659744,0.5757453973771176,59.32615494040208,2.583032133397858,15.295437687163083,0.09795890717369204,0.2933988005282397,0.11742122746658683,0.023064844187429705,0.012894503642644974,43.724112314692135,2.4464192033474674,5.8741306146414525,1.052615883505032,0.8010258058714514,0.09592378240255743,6.637609548368255,0.6240481838553114,-40.12163486756555,2.5116587212491233,0.0,0.0,1.2457939653453944,0.1310151010712569
0.8,0.025,False,5,True,11.634243387414786,2.4956380091815578,-11.634243387414786,2.4956380091815578,1.5277245929374665,0.3411650507573766,33.59376914523854,4.053974904488035,3.0705890393877757,0.5888595866233169,58.24288534753367,2.4511857943191138,15.295392920572926,0.09791217211175325,0.29146051327322026,0.11808325933082157,0.023105686292255706,0.012937436848496188,43.78656381074456,2.293040750800912,5.834417470452792,1.0231760919995712,0.761387136956309,0.1021338889055891,6.454788468494033,0.6940927840286247,-41.01227206289162,2.427668066031303,0.0,0.0,1.2937644173348353,0.15398818458541463
0.8,0.05,False,5,True,12.44259140202302,2.5824091123763453,-12.44259140202302,2.5824091123763453,1.52198199393845,0.3626937460952276,33.53306587843746,4.198236420848564,3.027048960787371,0.6005572202458576,57.229190830851586,2.3355855617334846,15.295365649559988,0.09786680179612645,0.28972427396615164,0.11871825929112355,0.023146983727774278,0.012981357605377445,43.79957402664378,2.230504793031687,5.787704531834693,0.9953142601548763,0.7255944212584364,0.11024407207584143,6.2932213259087515,0.7807004489442465,-41.72925715031741,2.3999395336550937,0.0,0.0,1.331528868566,0.1791365916282155
0.8,0.1,True,5,True,13.55371530513157,2.8378361172327833,-13.55371530513157,2.8378361172327833,1.5077305545291062,0.40936883700478144,33.195173835023574,4.395625491494862,2.9430210235311245,0.6191875187916394,55.38111972181942,2.1612326872952408,15.295359876460475,0.09777960519095966,0.28683942354878067,0.11985319693372318,0.023230604924349967,0.013071836578670386,43.735646827265995,2.2671270524518925,5.677764324669101,0.9405031884172972,0.66865860446779,0.12131440973046749,6.039552335636806,0.9336771150804543,-42.68821874362909,2.451510162790751,0.0,0.0,1.3793334313299197,0.2255781545338065
0.8,0.2,True,5,True,14.192892713279548,3.1260544090433924,-14.192892713279548,3.1260544090433924,1.4608276732017909,0.4890934648291261,31.96313070065587,4.50478086081505,2.7818756307211223,0.6373434239026982,52.22068599862977,1.9697355036829698,15.295518750479157,0.09761648834680926,0.2825722054600387,0.1217128062354383,0.02339987986492521,0.013261175894114859,43.488250703454206,2.6271199123628484,5.425485385197048,0.8165742413328305,0.6196811206583652,0.11864670907720791,5.79738447136621,1.1263072533979703,-43.07638644500868,2.4955344747128994,0.0,0.0,1.3866664606320005,0.2812122499969296
0.8,0.4,True,5,True,11.631984810488643,2.479442590592069,-11.631984810488643,2.479442590592069,1.2966759031793909,0.5540500395129788,28.554869357212805,4.18329680783728,2.476978541714076,0.6203024356549849,47.237951232905814,1.8704736641835107,15.29634158525003,0.09732384125556762,0.2773912307503565,0.12426186631787027,0.023733787024515916,0.013657740209473745,43.82040123722068,3.3205605494556547,5.00425461309676,0.5553229700651122,0.6648770902624266,0.13650190524877248,5.834995816080189,1.4539931558122394,-40.00376216271916,1.6586001288098378,0.0,0.0,1.1841989665462829,0.2780273881664966
0.8,0.8,True,5,True,1.9977180557513115,1.0080516569559346,-0.020892205866612022,2.326786974974585,0.9300401766097846,0.5046487467090265,20.68907670112879,3.190644383299406,1.966576947892084,0.5291530358064611,39.917493712373755,1.9214573682866651,15.298911397144044,0.0968869875307972,0.2728449507089489,0.12669977222829307,0.024323496786853617,0.014426029991104285,44.080018834724136,3.1221071860642375,4.86588909972309,0.5004997574053318,0.7308175647924178,0.1592512161721971,5.71761613975558,1.5264834087448997,-27.886570559883545,2.4347713671816673,0.0,0.0,0.536938529709093,0.19701190628892812
0.8,1.2,True,5,True,9.230300899709798,3.4243083904290312,9.230300899709798,3.4243083904290312,0.7470570423712923,0.42015083761199906,16.641602183411113,2.6511769079037473,1.6060180821843222,0.45120050906326425,34.4268459538343,1.9578306330512065,15.301391187004233,0.09673462335229342,0.2707511205654384,0.12787874289894421,0.024765409445050644,0.015051863879012164,39.976891239205266,3.988375142941255,5.170002411872072,0.5009955867452506,0.7591289875166838,0.16541223856834833,5.638428455019037,1.4748615915435075,-19.749561102589503,3.9681196644351773,0.0,0.0,0.8132014492992934,0.2922316445570787
0.8,1.6,True,5,True,10.971633709327904,5.917116092916611,10.971633709327904,5.917116092916611,0.6853565018031895,0.4097724474605786,14.532881532544911,2.827586992281015,1.353088900307355,0.401243141718824,30.849513496976822,1.0958728641979534,15.303068336192396,0.09686655630119138,0.27064207123335576,0.12789864517373672,0.025059403982746593,0.015489144096195251,33.45022274115759,4.71439033989434,5.397848526478298,0.2195719737287764,0.7631674848384439,0.1972087277689195,5.507212283144021,1.6834632920862385,-19.706070213178453,6.818619247518284,0.0,0.0,0.8631374527783897,0.4273947677258377
0.8,2.4,True,5,True,5.644931696106964,5.169042494217207,3.5410079605994476,7.080592638887624,0.6025926121351397,0.602484977694492,10.347949768501783,3.0272748576881376,1.0189850916093726,0.37150980159021174,30.034768527339658,0.05970090135768958,15.303896166973894,0.09750603836845427,0.26984469319105087,0.12832846831569075,0.025304818176004818,0.015865801220012393,29.283661463606087,5.436007162073038,5.371719719144473,0.5732866314596708,0.6870679154770923,0.31847442112569097,4.7433806208080425,2.5418982940152053,-28.73097827404704,6.308055196270631,0.0,0.0,0.5357777357728797,0.42374889564936596
0.8,3.2,True,5,True,2.548853885424732,2.0778540995638126,-2.272004591807998,2.1796466388345825,0.5562396837823667,0.6897196027337901,6.9824470531208345,2.15805581973611,0.8442294429847099,0.3587009098644454,30.127872843335002,0.2726857373183933,15.302861549702598,0.09796419392771878,0.27305699776728964,0.12632563476695505,0.025282253961031582,0.015830750102318995,33.895051283153485,4.316606812376832,5.247864371949105,0.4926229214088695,0.5335755194543814,0.44464722567479625,3.6754695066866416,3.175972119446685,-33.895051283153485,4.316606812376832,0.0,0.0,0.3384842727344154,0.2596075583660462
0.8,4.8,True,5,True,2.441789992223018,4.33320387774645,-2.1549161172053135,4.51880465076845,0.2631448968111284,0.30984772421853257,3.8243001371890712,2.0024009059148673,0.8196492396407633,0.2006825458094322,33.6078533606113,2.200825623056286,15.30061666019258,0.09779343346882106,0.2802059986542646,0.12232857831182493,0.025024422319286012,0.015436295097501225,31.227394227014315,2.794918634918933,5.041993943739596,0.08275696640381569,0.23253710091781626,0.31440171228600383,1.7054888133759007,1.761742787986175,-31.227394227014315,2.794918634918933,0.0,0.0,0.23313785305588058,0.3122457111860321
0.8,6.4,False,5,True,3.751755434484983,2.5098091335662525,-1.5435227924975183,4.573363059441915,1.102722939655124,0.7905262164982099,11.018786557567685,2.8720302261417343,4.794397134986196,1.5034002921846163,39.63586018759277,4.164970440790622,21.325919818791807,2.374494680921697,0.28735159085623874,0.11901439031644341,0.024823949835756514,0.01513766628952802,33.05667441451796,4.823246524690363,5.687789456503514,0.5847621520071185,0.5829545829044314,0.5502763433537728,4.3659749463232185,3.281903537019429,-33.05667441451796,4.823246524690363,2.8,6.260990336999411,0.6334315504181889,0.3348301811672519
1.2,0.0,False,5,True,9.648135343527528,2.647922907084223,-9.648135343527528,2.647922907084223,1.3119860113731945,0.24081668460541847,25.30069854650005,2.7625537281595047,2.562194928263387,0.4365547417235676,59.70374661818704,2.529426316866867,15.297240929794683,0.09726073585170589,0.2943351973392506,0.11713978972758389,0.02361955908909773,0.013518746583488573,43.94793622020143,2.162150170050216,5.279023747147256,1.0329742407746239,0.6346449549718819,0.07983531938253202,5.472892196096202,0.396788820781853,-39.87935157033708,2.5844160180494953,0.0,0.0,1.0631083547742244,0.12394595894961645
1.2,0.025,False,5,True,9.979223249574883,2.561265452370499,-9.979223249574883,2.561265452370499,1.2780515348718444,0.23560429415037945,25.47896883869692,2.843240938753694,2.5337242993915186,0.45010883355932435,58.96042322069768,2.436878679063478,15.297211604586067,0.0972393756165215,0.2931099092963481,0.11753355383127742,0.023658709367785014,0.01356600374915449,43.90958753374453,2.1105722325104552,5.226653651001969,1.0249874977812599,0.6064329241058326,0.07814555188890362,5.2960386723057615,0.3741163350680749,-40.17226796090903,2.5027459032668165,0.0,0.0,1.0721995103654463,0.11493130071367909
1.2,0.05,False,5,True,10.237236694387716,2.4679733299344235,-10.237236694387716,2.4679733299344235,1.2461411412765855,0.23697475285259467,25.60312726455432,2.9189991098928116,2.506216140248621,0.4633867602038789,58.25684699617692,2.337757811697462,15.297194345833622,0.09721800072784413,0.29189873034153024,0.11794517422907146,0.023698938804980828,0.013614979046061485,43.871224604678545,2.091983128455447,5.188923149325801,1.0074633425751085,0.580683212422017,0.07917477503216429,5.136244604864626,0.38722820457367063,-40.38958602976557,2.4129608950744115,0.0,0.0,1.0777077580315277,0.1071163416544582
1.2,0.1,True,5,True,10.545524888172901,2.2718508923648266,-10.545524888172901,2.2718508923648266,1.187510548291376,0.25405498119050207,25.704877448001934,3.047453876689911,2.453521246624427,0.48834595196144603,56.923503394127884,2.1876122686186967,15.297194048881156,0.09717532707498958,0.28994173244894644,0.11863762114906576,0.02378226822208403,0.013717744525061798,43.80148877802285,2.131569073322046,5.118844191671395,0.9633763094008949,0.5377415434401878,0.08363760709184925,4.869911243797654,0.4641158607759975,-40.61053014475367,2.2196142741937783,0.0,0.0,1.0784514099962834,0.09567151416251338
1.2,0.2,True,5,True,10.426787951863457,1.8780611615334675,-10.426787951863457,1.8780611615334675,1.084533627426037,0.30945485426116087,25.42723291902187,3.1804375914619976,2.354010963260877,0.5287188675190514,54.58261781377978,1.9698891426382517,15.297316664754046,0.09709116205025506,0.28660809218882105,0.11992136152042868,0.023958044251800443,0.013940203726909203,43.70902958538911,2.4213563114327954,4.98361848292343,0.8554720337339387,0.48899479566319215,0.08860251371803445,4.541565226067632,0.6448802363885133,-40.304640445461025,1.8231823916309262,0.0,0.0,1.0428306435340289,0.08496188453530296
1.2,0.4,True,5,True,8.051818525009981,1.2894863828152356,-8.051818525009981,1.2894863828152356,0.9008803450402842,0.3856719828333416,23.617898511736502,3.006618692682524,2.1631840724229945,0.5666522667298989,50.76629828513492,1.8028644602049564,15.297949950691043,0.09693526037971185,0.28222729402850655,0.12182766140444895,0.0243300059053968,0.014434954213252643,44.45632362410033,2.471649764285711,4.809168896251012,0.6479056711659011,0.49316346332643485,0.1037613923729647,4.395917025865935,0.9792614733898044,-37.585763711373644,1.273291622340374,0.0,0.0,0.8599729784159397,0.06890976270494699
1.2,0.8,True,5,True,1.4821049009951572,0.9412141898725902,0.3898852507816083,1.8532675625902806,0.6033530066087662,0.37971609821705776,18.082623817622505,2.537950665477396,1.8099758494281546,0.5397806466195336,45.05571270782405,1.7760532997723668,15.300041422004009,0.09673719620284991,0.27761233865442286,0.12405644635870455,0.025065198368561997,0.015497918754652942,44.72917624888831,2.089595550723461,4.9435050534368745,0.5374082472503493,0.5580473689245726,0.12464296754435651,4.4877009312504565,1.1581224400193304,-28.908223732885933,1.7794909755655899,0.0,0.0,0.40520679729697606,0.15035314827815804
1.2,1.2,True,5,True,7.359639470350825,3.0377506147318982,7.359639470350825,3.0377506147318982,0.5444531186286139,0.2898438573647159,15.930369882754508,2.896469938970497,1.5544593942190252,0.47637687282705427,40.76047202699365,1.856239904454816,15.302219292761032,0.09677349028513994,0.2762509287430668,0.1247297738328335,0.025692633453125818,0.016480726846731377,41.785048860230084,2.6116965143544646,5.332163143216109,0.43346723486323413,0.6380823129647217,0.14374634121552216,4.9299814016687495,1.244886726952732,-22.69879430897751,3.1806116963916997,0.0,0.0,0.6622479988352149,0.25046259778009355
1.2,1.6,True,5,True,8.638418496430194,5.5725780838329815,8.638418496430194,5.5725780838329815,0.6434127950410715,0.3160008470536548,15.124582334705588,3.3239181266978615,1.3971676588527884,0.43162426874850723,37.55808273249018,1.9174748323719923,15.30381078017398,0.09704166189938415,0.27480698201369624,0.12550595794430536,0.026167915267681106,0.017263899356952765,36.35447654258316,3.5477592116409142,5.601829108627814,0.13625750200999603,0.718583191058786,0.18853684819254074,5.46703669475491,1.6123738310497955,-22.86471285582806,6.114711724093013,0.0,0.0,0.7416418466136835,0.3878065356873419
1.2,2.4,True,5,True,6.9402247604100555,2.57823387823852,-0.09626746976656406,8.175824441913411,0.8863208208838135,0.7499652165273433,12.625728612217344,3.446636308890663,1.234665263310916,0.4603056495424832,37.97740628753475,2.135871688690788,15.304715291421207,0.09788952788345362,0.2766402595582188,0.12438115417735869,0.026677109672178734,0.018134559000090644,33.480477413708336,7.320706224531477,5.6180625250039515,0.9243874874852513,0.8523663838664268,0.3773380275139652,6.253354225948128,3.2344640226918204,-33.153867722491114,7.798804593146264,0.0,0.0,0.6939801173516156,0.34863013218698996
1.2,3.2,True,5,True,7.891917257435222,6.264455492142677,-7.311694104094892,7.072927879264255,1.137394467160104,1.2984337387617746,10.196395277511252,3.341954827254459,1.1790398607348607,0.5747211962884919,39.93033003786475,2.0570548781163476,15.303617760353841,0.09855120752812976,0.2802143131084761,0.12246067819830653,0.026756644655639095,0.018273214465128598,41.13611764334728,9.591760836882216,5.48840704255183,1.070867132654777,0.8931191861873634,0.7005882857341458,6.530724530665518,5.694972912500597,-39.2066823626621,11.791292505933134,0.0,0.0,0.7831797975092643,0.6281146888292267
1.2,4.8,True,5,True,6.306003890683083,9.483408811083372,-4.635532564823281,10.619884477495512,0.6313596074629708,0.8177018419834224,6.4564331507868875,4.515917571836414,1.2418980927829584,0.4470579393234226,43.49569001751121,1.9738831565323827,15.300871057187972,0.09867598012578832,0.28735986367857314,0.11913854262368201,0.02640205604862724,0.017660465832706865,36.50986563975776,9.793725581000666,4.938097381255583,0.3105487711128185,0.5226810328912144,0.6840150534502063,3.6002698962830664,4.446657674532149,-29.82520796937616,1.9174524978935337,0.0,0.0,0.5472361584862412,0.7224605467575819
1.2,6.4,False,5,True,5.545448050232867,5.606499141017085,-3.922535022823557,7.107908398581099,2.5571751259016553,1.8059080647439454,15.640855606785669,4.430182601782106,6.389434001010832,2.6235562658092975,61.8247499547395,7.839206200753647,30.778304604212344,7.632090552058027,0.29450200656493897,0.11655522893218433,0.02603459551824277,0.01704115828868354,35.94092007497872,11.354948182325238,6.756047437431346,1.7110705209806343,0.9581434884889424,0.8943528040332085,8.383445738811883,6.0917016773687624,-35.94092007497872,11.354948182325238,17.2,12.77497553813705,1.151309163733324,0.6361247461966235
1.6,0.0,False,5,True,9.92306425207767,2.4353035908704532,-9.92306425207767,2.4353035908704532,1.2878514434269277,0.26390242980096457,21.239748088131243,2.4048307507088946,2.269365553555463,0.34993560554065484,60.055906456057514,2.492432923109516,15.298751037679889,0.09633866463208625,0.2952992066328883,0.11686779121798002,0.02389385932803876,0.013858094194801884,45.22457587617431,2.3990173735882716,5.234594298536036,0.6879638960960254,0.5396440317591162,0.06819586507305483,4.956488949334269,0.2991210584193502,-39.952404222186665,2.405191885253721,0.0,0.0,1.0321951106910467,0.1296971253108089
1.6,0.025,False,5,True,10.095700214966266,2.3702974993166888,-10.095700214966266,2.3702974993166888,1.2359818716310156,0.2512434942499907,21.39647470060118,2.420768519155087,2.2415728975630955,0.3613577755027603,59.486094009317604,2.4061562784129316,15.298728411220003,0.09633020483593839,0.29451074429786644,0.11710397664514276,0.023929835144433614,0.013903994051845697,45.20507598457279,2.3494993740379244,5.160378794490278,0.7282911015499709,0.5173485353396348,0.06453179445989136,4.788431220686384,0.25543982388898145,-40.11098986940483,2.3358594737250433,0.0,0.0,1.0287114426245263,0.12129443078580662
1.6,0.05,False,5,True,10.219209364159394,2.298447971115266,-10.219209364159394,2.298447971115266,1.1867903884236113,0.24316498179778867,21.517863192774247,2.4356728576509994,2.2148054758056426,0.37293565869801515,58.945041998994135,2.3277453570599707,15.298714638921414,0.09632152538264069,0.2937274046349573,0.11734809004091026,0.023967078446258096,0.013951840590301925,45.19501895674639,2.305012868098947,5.087946363965627,0.7672717751231971,0.4967212394111645,0.06312054091722158,4.632965845693917,0.24564680544513737,-40.21861384783385,2.259156732431381,0.0,0.0,1.023163223877933,0.11334475994189695
1.6,0.1,False,5,True,10.326207925431778,2.139454291631736,-10.326207925431778,2.139454291631736,1.0961928327752681,0.2386164977618034,21.661313343529816,2.459584186257472,2.1640868347064983,0.3957565615598552,57.884252734319944,2.18364741276252,15.298712489988663,0.09630370496335111,0.292176057859577,0.11785914654807139,0.024045063588717254,0.01405309920173345,45.20275013758446,2.232742342051243,4.9489131633178545,0.8401775427689651,0.4609282965597917,0.06393271696468128,4.360223073587898,0.2934516915869629,-40.288920411746794,2.0888875477505704,0.0,0.0,1.0062304449867572,0.09911097640038051
1.6,0.2,True,5,True,10.041431723161896,1.7886132097829102,-10.041431723161896,1.7886132097829102,0.9428251991000789,0.255522995300098,21.599302674834906,2.466324611537233,2.0718884278902747,0.4363478327767067,55.995548876443806,1.980945157100803,15.298801437214873,0.09626756968080397,0.2896365039416043,0.11873483614807433,0.02421299457511907,0.014275940827605447,45.31276532453968,2.154059710340053,4.800423729789978,0.7865407916226672,0.41228033596220026,0.06799305485437693,3.9604319038877605,0.43931335240167635,-39.91687032650369,1.7090295673716942,0.0,0.0,0.9516264609667106,0.07734415660671187
1.6,0.4,True,5,True,8.0116052409207,1.1207157071981808,-8.0116052409207,1.1207157071981808,0.7155963982176156,0.29022497529634406,20.445199722301112,2.2812582479948382,1.910225955471218,0.48625328021118736,52.863717741271934,1.7588984888386856,15.299284911622326,0.0962036108472525,0.28605790832527234,0.1201591012021721,0.024581964746214203,0.014787270762488362,45.672337401115946,2.118235804955475,4.727823739050385,0.6570634668681086,0.3866990156393843,0.07342461187218297,3.5859052554882154,0.6459255184940272,-37.70694653674693,0.9526544362939715,0.0,0.0,0.7810688683626086,0.05426990450193515
1.6,0.8,True,5,True,1.448512609117836,0.8891729469288036,-1.4448357802560918,0.8953509289812241,0.4393080965318953,0.2624431415387335,16.05540107701796,1.7330508349381801,1.631897840591499,0.48725459696074963,48.24694772747252,1.6597884731478432,15.30096535224483,0.09617779170526075,0.28259774191782705,0.12158937463766453,0.025359300492178348,0.015950774129005935,45.87650443371413,1.7359638591182194,5.031554087588967,0.5584958087570464,0.421718935361956,0.0814839737124668,3.4974098331943253,0.7572529369847405,-30.995718434605312,0.7567305242959922,0.0,0.0,0.34271266095930125,0.06552570391628659
1.6,1.2,True,5,True,4.167889862445882,1.861287052345299,4.167889862445882,1.861287052345299,0.39400571004875473,0.1619982040399714,13.885543350644056,2.467399244095031,1.4310018141743341,0.4435677405711475,44.91001827462107,1.7500687854456314,15.302811679725016,0.09636203616891281,0.2799916798909131,0.12282455388004514,0.02607224696359343,0.01710383105113989,43.67589268330115,1.859147624674842,5.451461940867672,0.39131084967242236,0.4932569072254477,0.10845989505682647,3.910395353075758,0.9108793470552875,-25.93764594329819,1.9139592752538954,0.0,0.0,0.4459911644743979,0.1519987965201764
1.6,1.6,True,5,True,5.4563441406140605,3.944030358756679,5.355255174931832,4.098463374420483,0.513989002523522,0.20290990710293935,13.677154785116059,3.0585439413675104,1.3246078369298977,0.4109345675296554,44.80080818809916,1.9089349798048663,15.304227512649868,0.0967493557549972,0.2802223255522168,0.12261050131714145,0.026648209811032803,0.0180843469895431,39.46977986782787,2.3832060934023422,5.712146664051975,0.2049367577836256,0.5797875835976585,0.15904183495800783,4.54509565887978,1.3242762947615292,-25.970421632614524,4.489226852726141,0.0,0.0,0.536934666441634,0.2722597214834774
1.6,2.4,True,5,True,6.915038366144133,4.73895952721567,-3.0396633450920776,8.359648019839335,0.9191047023597116,0.7248033239815813,12.794612206606248,3.3344174099338275,1.3031966835012248,0.4741633352596058,46.23056480301601,1.8147425331249234,15.305067902803575,0.09778722232268254,0.28379550626345285,0.12085694326529882,0.027324662079240652,0.019282165459760595,38.3026868264352,8.117021843413282,5.7320376729872375,1.0669864367978008,0.8071158643462006,0.37485944560210815,6.168264612190405,3.252518796305263,-35.65071333144224,9.060955381410556,0.0,0.0,0.7034439257414222,0.39187317309130876
1.6,3.2,True,5,True,11.497096361716112,8.49576813061316,-9.613973809920116,11.017891738672192,1.5004013691322773,1.6144123149523513,11.897362260376838,3.9880288327651234,1.3864389876177192,0.6706416587759033,47.580679103090645,1.75233670117266,15.303923581035914,0.09862219439509219,0.28736783484359896,0.11928091328635307,0.027469477200503238,0.01954426861355926,49.43535299976777,11.729912789406082,5.610796808676458,1.4643046235159256,1.0460587845254568,0.7972563628427852,8.09051767803981,6.864912192549194,-40.202614936016985,18.293708677663403,0.0,0.0,1.071754077695834,0.840306820006457
1.6,4.8,True,5,True,10.569570061310353,13.306166570733337,-7.253428103132859,14.995157044916143,0.9863715381048204,1.0772385143274443,9.007310830956786,6.112970025287526,1.8939991878321494,0.535056398224258,50.14226418158988,1.776127018129472,15.300832214752663,0.09900754940423274,0.29450993622488375,0.11668883297108071,0.027037001932457262,0.018767240510054125,44.7340360765083,11.525025045342716,4.841844407209277,0.5564858386624459,0.763617530212294,0.8837161167287193,5.428662335833609,6.069596833323384,-27.427072976500813,10.146924052340868,0.0,0.0,0.8810800103306133,0.9922953718012143
1.6,6.4,False,5,True,3.0987313254838207,4.174122261400604,-1.3032932256424266,5.181341465043617,3.6042648759366243,2.431331957140791,15.881576321634185,4.983111826083264,7.489998886497477,3.247688016850173,81.08945088677487,5.451844501708464,33.508633077012135,3.067386436048225,0.30164863092539507,0.1148830333048576,0.02657064398558732,0.017950036147418906,31.819537703848557,4.227816595881734,7.870146203782222,2.1601480332810157,0.8277146637304227,0.4504865662294475,9.431220928552246,5.353815335484769,-31.744231601171464,4.289420523403964,331.8,574.2296578895939,1.3107348573258455,0.6320368382695599
2.4,0.0,False,5,True,9.165824228466471,2.3552647109925746,-9.165824228466471,2.3552647109925746,1.3087869114990947,0.3283955821903981,17.046098851352987,2.2516260781533632,1.9887132229295177,0.2785574465668628,60.74893579289726,2.4795683374515187,15.301199026148637,0.09429071772045919,0.29762408146288166,0.11626109822862055,0.024127823517646023,0.013855425015090767,48.25114209446206,2.376591224620502,5.6135752688717275,0.6565659533215338,0.4103552896822619,0.048953878805971435,4.300707970708566,0.28360267257282734,-39.00215084798214,2.347546897459567,0.0,0.0,0.9600340771595274,0.12057718886985958
2.4,0.025,False,5,True,9.21792870347247,2.2924654915172553,-9.21792870347247,2.2924654915172553,1.2445686273888388,0.32075891967050213,17.146717031591404,2.231857933860819,1.9574981201970705,0.2858253055197645,60.336766484693044,2.411826050657927,15.30117428000489,0.09429487952980833,0.2972029899215246,0.11639283475957095,0.02413834795451087,0.013909634826461341,48.27314329735816,2.3025789860838586,5.534969045313831,0.6531749668458351,0.3947603985887943,0.04471574811742479,4.149711299780321,0.24239799553313146,-39.038117356694116,2.2801008559280067,0.0,0.0,0.9469131640193412,0.11288743047606205
2.4,0.05,False,5,True,9.244268887880219,2.225374852791719,-9.244268887880219,2.225374852791719,1.1829353971363898,0.31603680659146605,17.228218736211904,2.211148513487226,1.927323234423764,0.2936011440648204,59.939274304056156,2.3322183965083894,15.301154993944266,0.09429890758261207,0.2969010182403088,0.11646884829922645,0.02415024287036431,0.013964738627062741,48.30382899227519,2.237312290983715,5.459019639900239,0.6512655769084845,0.38015279279299036,0.042149997063036196,4.00758676958147,0.22386005589920854,-39.04793315309409,2.2083858675996026,0.0,0.0,0.9330079928593475,0.10575754376893658
2.4,0.1,False,5,True,9.222720707664802,2.080537978299164,-9.222720707664802,2.080537978299164,1.067474982776506,0.31345445006357214,17.336088240614146,2.167203075943463,1.8700569091852064,0.3099065254823246,59.15937869985178,2.1895667140257173,15.301132265729166,0.09430672898620047,0.29629430424909936,0.11662587037012657,0.024177968086788744,0.014077520542246511,48.386774470593146,2.1316396306011307,5.314712906742896,0.6532392456284194,0.35398091488276257,0.040925376634297336,3.7496525278577337,0.24371897803682174,-38.992459144413615,2.054525827885415,0.0,0.0,0.9030286685266873,0.09342726908628442
2.4,0.2,False,5,True,8.908944495116637,1.7619164252778707,-8.908944495116637,1.7619164252778707,0.8671960727156198,0.322923288492566,17.34860422637603,2.0696141386851226,1.7672933518184564,0.3416449285539738,57.725837686892746,2.0218682338535165,15.301146211091297,0.09432258320073499,0.2950697919547574,0.11696017753485527,0.024249500589361844,0.01431480610393903,48.56060472840009,1.9794032946567035,5.053536192640668,0.6851579168758932,0.31381871829009766,0.04552687490448369,3.3335211444493433,0.3530373275434119,-38.60953450709293,1.7201195676063268,0.0,0.0,0.8356952871711785,0.0773597039410849
2.4,0.4,True,5,True,7.442309385599112,1.0926629584767873,-7.442309385599112,1.0926629584767873,0.5860814991674299,0.319473146486882,16.710784252026365,1.8354016994151119,1.6034246876318168,0.38391791393152375,55.39169293473007,1.640277240637302,15.30137763495552,0.09436387546617418,0.29257641557494585,0.11771205737061494,0.024539657047156483,0.014727194629362075,48.85997701622332,1.8196484580119014,4.948052979876694,0.3650392135526154,0.2751283646479533,0.05236175181501796,2.8256202339433605,0.47238023728894585,-37.016583935787985,1.0402656337023088,0.0,0.0,0.6840921293032716,0.06743102120827003
2.4,0.8,True,5,True,2.9364594627480454,0.2416660073566586,-2.9364594627480454,0.2416660073566586,0.36624343783874835,0.2088504748248105,13.859174505705022,1.3575356298052377,1.3889767066076502,0.3759324607775447,54.262386381275235,1.5130489208817168,15.302371117529166,0.09454151406965175,0.2909543079823589,0.1182206539157864,0.025238039329865392,0.015762309654225627,48.70676537571013,1.580788904711024,5.138062898092309,0.5610151129004726,0.2784206313926992,0.045687159262202175,2.5333383477459805,0.39664766149609626,-32.42655962068589,0.2811389017276579,0.0,0.0,0.376572651298351,0.043335332363183286
2.4,1.2,True,5,True,1.0325485583768053,0.7118343565547066,1.0325485583768053,0.7118343565547066,0.3523895961362387,0.02132995225870135,10.762938543667786,1.2077196780864736,1.2609247583493026,0.34715958044831535,54.67311018833184,1.4735401624711677,15.30357708732377,0.09490334780814963,0.29273970633798135,0.11759195585660362,0.02594559468904305,0.016893755585349047,47.421126904049366,1.3454705724131115,5.528215026121578,0.40769407649552025,0.3131552877525646,0.06627568310167017,2.6789980115846954,0.4959544330389344,-28.828876544077296,0.7911344413999546,0.0,0.0,0.25001932720812664,0.04742624386454262
2.4,1.6,True,5,True,2.3291743665675386,1.8326038124556645,2.174384541859312,2.053696328709039,0.3854947548240785,0.14384401968962104,10.34187414098885,2.0307669806039614,1.1969994467563307,0.33062489080469337,55.07184593587927,1.4405719537893384,15.304553843457972,0.09544011187848565,0.29452489172852636,0.11701157546929192,0.026562135273694016,0.01793534356531565,46.059587471792305,1.5315727405861481,5.736019691103065,0.32255743915280677,0.3558551021345984,0.10694083094669826,2.9811779615120324,0.8370522294583121,-28.472710607020225,2.2483682538741436,0.0,0.0,0.3185735060321195,0.13601953304595774
2.4,2.4,True,5,True,4.8514984054964545,5.576200707071131,-3.501418702949077,6.705287179786961,0.6869119378969936,0.5640307169580271,10.711120486613826,2.8888553601988427,1.2388306851544482,0.41271324311610363,55.83969051048349,1.3918980756821457,15.30506377085095,0.09674104814554083,0.298094623691299,0.11599853670506977,0.027359070541313264,0.019344272570411124,46.11198737040253,3.5985377441720323,5.688442176597485,0.9742078452688143,0.5220101396780034,0.2697788767623285,4.251215580638647,2.410058218644705,-34.39485194568585,6.591484187201128,0.0,0.0,0.5238045735942916,0.3860574878928332
2.4,3.2,True,5,True,10.967248694305383,8.808638800236187,-6.196703971255184,12.880096496842306,1.3798213118832845,1.3152028766945796,11.42582058370161,3.8635319914633763,1.4912574213741272,0.5900545878004,56.575941369181486,1.3591794119442535,15.303857828565054,0.09784537802327367,0.3016635040246231,0.11518656581744159,0.02768944257469646,0.01994585579261881,53.7703655887586,8.94510329307257,5.846369250673748,1.218221183585208,0.836653956722553,0.6122246155585651,6.9547367771600666,5.438188026821482,-36.67631571722272,21.19467191885304,0.0,0.0,1.0128998855465796,0.7849590496109812
2.4,4.8,False,5,True,5.771144894513261,4.936340787979995,-3.8047118852809176,6.012767741136674,3.3141052375571283,4.257991794700691,16.671311141244082,6.035708942262928,6.408552149938892,5.443271074968417,78.90666432210487,9.443981415638401,24.43907327343426,8.639316976437023,0.30879871041886,0.11418134274024559,0.02770846133721349,0.019980767625667303,45.143554902790825,9.325148630580912,7.817231968357319,3.851169185961313,0.8916235455328012,0.6316651791600816,9.560740528417002,8.930836145530865,-30.331670898908577,8.614855523876612,251.4,562.1474895434471,1.360726051369412,1.170891802981606
2.4,6.4,False,5,True,1.9065161503492043,1.979905225036346,1.1442281025585745,2.6128446282161835,6.6495110951943275,1.7435059432320024,14.592932203457826,3.7341442431690064,10.879035894829016,2.6455431027490652,94.3107483584549,8.188690228068719,36.75608367520486,3.262014419139512,0.32052971189965235,0.11570255692127944,0.028392678558285856,0.0203099320080934,31.949851364501068,2.8477454813057443,10.128879282177707,2.1616930561170196,1.1212338962289354,0.30223525371121096,15.499703450017421,3.792056774961293,-28.89211222584485,2.0980425874744624,1007.4,1128.7875353670415,2.0570733741035006,0.535890478817836
3.2,0.0,False,5,True,8.107940289195824,2.3269476566313054,-8.107940289195824,2.3269476566313054,1.2946721033241506,0.34005228434217,14.681553943545174,2.2208497587002,1.8671872917802612,0.26875904229913183,61.64237384925194,2.180810346208461,15.30311436887241,0.09235002058879942,0.30167717360742896,0.115564701500567,0.024517264154326562,0.013498201680658213,51.67203696718836,2.232993109749361,6.108958392072282,0.9470117362503897,0.3245572491482844,0.03742987393327579,3.835514925750323,0.3467064182162686,-37.81944267101458,2.3181655398098373,0.0,0.0,0.8819209194246245,0.09813808441048456
3.2,0.025,False,5,True,8.097095209021651,2.262152483712942,-8.097095209021651,2.262152483712942,1.2311280086369203,0.33880954139365327,14.740977914599032,2.193526823270366,1.8347486022860982,0.27412567376567964,61.37380231606544,2.067125976529794,15.303080496721583,0.09236072462578646,0.30178868612784937,0.11554230746531298,0.024524850593876556,0.013539091253441535,51.7454619633382,2.1556956192790944,6.024050473825144,0.9753786083722088,0.312175877214048,0.03417064760674648,3.696096448005264,0.3261747872589396,-37.79595230039234,2.247696073158962,0.0,0.0,0.8654577975569075,0.09108647717307035
3.2,0.05,False,5,True,8.070897230035651,2.195267668267595,-8.070897230035651,2.195267668267595,1.1698388311810954,0.33973947264436455,14.78835613203085,2.1653370430013594,1.8032837696822739,0.2799922769856785,61.10870053707207,1.9618075316192072,15.303050330021161,0.0923714162961685,0.30190019781666655,0.11552011322001392,0.024533177194598754,0.01358058105857985,51.818746698121764,2.084498038603692,5.940873142160053,1.0022648999133217,0.3004804672996305,0.03217895639907005,3.5636419799826173,0.31912195418039807,-37.75708979261175,2.1754733193029256,0.0,0.0,0.8487062914705534,0.08481003644921972
3.2,0.1,False,5,True,7.974253373471965,2.056482671216218,-7.974253373471965,2.056482671216218,1.0540244809959556,0.34630841919406424,14.848079559135126,2.1068518669161955,1.7432709028187474,0.29259990320445833,60.661798058511195,1.7687290294886118,15.303000811774698,0.09239288587626884,0.3021232186994264,0.11547632454158156,0.024551991726098597,0.013665296580209903,51.99982323287111,1.9631850573583969,5.8225368085183495,1.0155451713003674,0.2791777506755976,0.03142206433986676,3.3195257743164452,0.33437973772138985,-37.63522258497413,2.027080378256566,0.0,0.0,0.8144376039222223,0.07485911115475483
3.2,0.2,False,5,True,7.618828609049767,1.7675549104810522,-7.618828609049767,1.7675549104810522,0.8488956202402426,0.3681754328285881,14.836146227057394,1.9841821275493188,1.634665287619147,0.3181070723747431,60.00195574622122,1.5910131047531322,15.302942769668672,0.09243702528657637,0.30256925048556177,0.11539114947505337,0.024597832724725665,0.013841241466872092,52.41492220836128,1.77349913223264,5.709151833663145,1.0302803726570122,0.2449422555965713,0.036409843400106154,2.9123017446323867,0.4034419432806791,-37.23104197463731,1.723643923457653,0.0,0.0,0.7435101045226539,0.06630880550407942
3.2,0.4,False,5,True,6.395760224110297,1.2045902321834738,-6.395760224110297,1.2045902321834738,0.5532656526975297,0.37433529661859666,14.365565778975332,1.7296621406709134,1.4615364307898329,0.3527090004487551,59.83775209433774,1.3198391083990264,15.302970696195777,0.09253664383060473,0.30346127414179663,0.11523043202751188,0.024721111636201068,0.014219388186582338,53.17097298554713,1.5198062502898029,5.7337375432868525,0.7855380000142742,0.2073080644455024,0.043716646162806294,2.3868898126287843,0.45313886878415605,-35.92792907097889,1.1518844348090231,0.0,0.0,0.601698786766617,0.07098866324634333
3.2,0.8,False,5,True,2.9899888860623607,0.4192135631486591,-2.9899888860623607,0.4192135631486591,0.40211857471927565,0.156685208157287,12.267851448334252,1.258830624393306,1.2815521694429897,0.3056525852224133,60.09767390972446,1.2943332700312289,15.303427964346517,0.09282416114166343,0.3052451617982051,0.11494770287911008,0.025082543690121605,0.01508648650519923,54.070993188015905,1.2386328396184294,5.88187830957944,0.3270645306009966,0.20399809822925055,0.03758789313534952,2.067845267156873,0.2759848849218157,-32.5144622414784,0.3754885956148979,0.0,0.0,0.3732015783112614,0.028637762458617943
3.2,1.2,False,5,True,0.30134084561246105,0.19191900494383266,-0.04288332425259254,0.3749857404742809,0.38395837608424044,0.09666392641443944,9.63229721670488,0.932168899369177,1.1947600216637007,0.26993266011004696,60.35050670111082,1.2723139624591238,15.304093767645597,0.09327386258957976,0.30702883659600966,0.11471687704096066,0.025538437730516485,0.016055152557223583,54.01834002268582,1.222475907065018,5.946533182564216,0.24267342966355412,0.2240588977776008,0.05150985378060978,2.1225918289499965,0.3209543846673234,-29.86644787710275,0.4238746055123854,0.0,0.0,0.21084800235042805,0.021339156845751682
3.2,1.6,False,5,True,1.1462857864090148,0.9288771159595685,1.0286501988547685,1.0864219036060891,0.3788234065635404,0.20781272974214865,8.19983752798905,1.1168505715262191,1.151140386413617,0.26394166025068433,60.59711077472834,1.2537955579076037,15.304648135800699,0.09387927198064733,0.30881229855441533,0.11453825019653,0.026020084400153947,0.017017053368377222,53.47384277729445,0.9973375585026724,6.00573869411574,0.4478533150162945,0.2411951782269318,0.07932996558959718,2.228983458041273,0.6095307508405878,-29.304370134865394,1.0946460606517692,0.0,0.0,0.23916160379937565,0.0937501467307277
3.2,2.4,False,5,True,2.4172550592310853,3.04092936144563,-1.8452442327413778,3.4902750766000805,0.5111439270330312,0.47014334553644394,8.084589711680488,2.0582203110987085,1.2242659375782423,0.34130904127789824,61.07557632813392,1.2254491863369825,15.30476041221201,0.09531355086881736,0.31237858403026353,0.11433842801888314,0.026913174005630692,0.01854804951461075,53.79050448228453,1.8203854438725837,6.325530738377321,0.9214412313779585,0.3057305113129991,0.16606617221607467,2.714796395087018,1.5536326044896043,-32.102012417857416,2.965320155738432,0.0,0.0,0.3360246610357482,0.23377036907959636
3.2,3.2,False,5,True,3.7634495461754405,2.624716996107893,-1.738683327952625,4.322116502888525,0.864538284103199,0.560281061756184,10.312491599433866,3.0521848419057602,2.1810744072608257,0.533278033999658,71.10681353380889,3.3195461866657614,15.303528970606866,0.09660018528842473,0.3159440183800748,0.11434919024758326,0.027474336492514333,0.019553095589635937,54.36724350076114,2.641946869446604,6.49870060111914,0.9841125177719421,0.3682790485087821,0.23645993416531652,3.419231013621528,2.0220090873063574,-32.004303293018786,7.438534197891529,0.0,0.0,0.5258829490367303,0.28903363644052565
3.2,4.8,False,5,True,1.553060906238437,1.7087181790013561,-0.2974495615337609,2.408565468064253,9.918573792774017,1.5278223673385987,17.124302625952062,2.1198841142251164,14.05582827258306,1.564586703132045,125.74238293107007,27.676467911393736,35.78392289860689,3.2009545256418055,0.3231872201335575,0.11502244496445144,0.028705052439041166,0.021006329973459872,38.1295548200862,6.648269003229614,13.460188276865196,2.609561436806602,1.6704591652697538,0.26801289851186116,22.850823521147436,3.4325408271131517,-29.743274191581968,2.0347237335446064,1101.0,921.7152488702789,2.929669411999194,0.46710308360247205
3.2,6.4,False,5,True,1.3629641389061415,0.16571618158853302,-0.20132779072776302,1.5162073765225292,9.83843112600756,1.8049648086027634,15.25749920539693,2.805265567733967,14.192121654407938,2.3424096739695344,129.69021070574397,36.702402658070966,42.39374549031348,4.091710852086138,2.213947100880394,3.3953065384097543,0.33480542755580117,0.5860308780720883,32.16341005024172,3.138350225041969,13.381265552329548,2.9253091134202593,1.6388624426895924,0.23489982995113778,23.178331182402633,5.131314931162864,-29.897857235764263,1.1123403018452764,2140.6,816.4243994394093,2.8867992278125625,0.49956169002097345
4.8,0.0,False,5,True,5.765296627338357,2.1770572011334157,-5.765296627338357,2.1770572011334157,1.1431184103968688,0.28108803522787695,11.545506662465202,2.1837079036323406,1.788769096461245,0.2644149107653594,69.06842226945437,3.6019309924766514,15.30595293862417,0.08925191925965581,0.33022033689004016,0.11725245977745301,0.025615316467167006,0.012873947429122566,60.69431485361387,1.4008037620437315,10.75518968939411,1.9337312324087472,0.2230978733920273,0.02859280058143864,3.0839845223302444,0.3870709428891969,-35.30986669335213,2.1130149775551574,0.0,0.0,0.6994852426968294,0.07077108489294268
4.8,0.025,False,5,True,5.718740194331052,2.1074196417794298,-5.718740194331052,2.1074196417794298,1.0897024030053544,0.285742857916853,11.548797085459068,2.15530206801948,1.7596292223768768,0.2691378121161773,69.00876735634594,3.5988446068532807,15.305900634995046,0.08927181007092054,0.33033163413940136,0.11728097117772508,0.02560251643209161,0.012906101848946253,60.73375443877163,1.3674818223399208,10.717134408860952,1.9421869613535896,0.21402884044616205,0.02784606334649144,2.9663283439209485,0.3871452409734457,-35.260065894915996,2.0392551416138676,0.0,0.0,0.6833546976567965,0.06415405166258258
4.8,0.05,False,5,True,5.665817337142679,2.038705146426347,-5.665817337142679,2.038705146426347,1.037965701298025,0.2915791777493655,11.545347741861782,2.1267407124199056,1.731371486056108,0.27419881650657063,68.95633076657249,3.5986791110107594,15.305850309238432,0.08929180106371398,0.33044293055813995,0.11730967552779864,0.02559009468102181,0.01293871079304824,60.772307727509165,1.3362606224555569,10.680502046775487,1.9498416778602372,0.20533687786391125,0.027789187117055202,2.853314699217811,0.393139826589304,-35.20420869286842,1.9670292161151444,0.0,0.0,0.6672839071229084,0.058613914908708084
4.8,0.1,False,5,True,5.541684593311013,1.9042416361353367,-5.541684593311013,1.9042416361353367,0.9395727109614622,0.30517182850795604,11.51855527598683,2.0693952836803478,1.6775251029204135,0.2848839937521061,68.87254423659661,3.606617085459233,15.305755471994749,0.08933215199202538,0.3306655209037146,0.11736766249293387,0.025566408806521036,0.0130052468133463,60.84673480751892,1.2797380178840714,10.611475331119903,1.962816243532528,0.18910781865581835,0.029157702050416325,2.641431131237662,0.4154381659575748,-35.07516985051031,1.827209349576408,0.0,0.0,0.6353759089365322,0.051139571814344094
4.8,0.2,False,5,True,5.22672050349949,1.648511035107769,-5.22672050349949,1.648511035107769,0.7636941249291842,0.33128527012409076,11.388124248633334,1.9552588293845021,1.5806797403020405,0.3059977626275351,68.78523589867523,3.6525454481079582,15.305588142910741,0.08941480269830104,0.3311106916272737,0.11748594534702198,0.02552380051833359,0.013143277749271607,60.984694829134185,1.1876298666115293,10.490107596395909,1.9800378562895116,0.1614452866981481,0.034013028940611485,2.275730981277623,0.46264161902192974,-34.75452693211692,1.566254210987061,0.0,0.0,0.5729886921442809,0.049975070999793376
4.8,0.4,False,5,True,4.3890310126027785,1.1970358480925887,-4.3890310126027785,1.1970358480925887,0.519568441922617,0.3144879201919909,10.848289207191678,1.7351294703185325,1.435386405338079,0.3283918891062288,69.08812628869407,3.721082572040491,15.305334608894757,0.089591514554563,0.3320009932057344,0.11773171299684457,0.02545834602612666,0.013436755444948727,61.21535698766538,1.0665518086562442,10.31133120908903,1.985123869102552,0.1267264103222679,0.036610944887398196,1.7809493154170422,0.44297832235656653,-33.924705440315606,1.1173649513381816,0.0,0.0,0.4632000974017383,0.05667522072694251
4.8,0.8,False,5,True,2.3846965616445255,0.5144286920209834,-2.3846965616445255,0.5144286920209834,0.3949719578497574,0.14084643249406334,9.358256196338974,1.101413128521793,1.35685938566145,0.2737782552259794,70.77309359333825,4.138750493130048,15.389212293071598,0.17841341403726574,0.3337814368960806,0.11825977567182393,0.02540770547770322,0.014075962423000538,61.498224021498984,0.9579899423545369,10.180090116108662,1.917066023340656,0.1168804316821415,0.02821507945158581,1.475276334633322,0.224534107288239,-32.03030628811226,0.447808103487969,0.0,0.0,0.3181341908419586,0.026775388284831298
4.8,1.2,False,5,True,0.7705232537236314,0.1314974005830784,-0.7705232537236314,0.1314974005830784,0.3822545219547569,0.1835705839513379,9.448153414234273,1.0261505191748173,1.6326615437117358,0.3199637076938568,74.29023402332972,4.755529964607953,15.746571098127324,0.6706384498796318,0.3355616679804369,0.11883597973166116,0.025641084377811908,0.014681797669037966,61.68306711606827,0.8963241682781489,10.273917650075441,1.8006428175738194,0.12638685720666404,0.032745822396762575,1.4994832536742808,0.25753094358192447,-30.6356708101693,0.14780173985033646,0.0,0.0,0.2395018811645965,0.04106670539500034
4.8,1.6,False,5,True,12.041772238190225,24.6576279578493,-9.804771315135095,21.4073546760786,4.635827865996797,8.973240707391849,32.87307698539956,24.651944389915098,5.716249013905781,5.066700942008007,154.70396637668506,17.585002473826737,20.96049010118128,10.316814997751921,0.3373416864781381,0.11945961125515113,0.02594457917527667,0.015361327926658314,65.65579238748664,6.062344580933514,15.834376472079228,13.049743726782316,4.046084473017939,8.4581504811836,14.267595822092535,27.807885698374506,-28.484398079849758,5.369527596194772,84.0,187.82971010998233,2.1283906482855004,3.7449441818483833
4.8,2.4,False,5,True,7.482563191709303,3.9768671364915633,-7.482563191709303,3.9768671364915633,11.862852062201808,3.5839951538548322,27.556626963974445,4.560094701297083,17.330644358027897,3.530272746337436,171.93024726826144,6.158958458020019,42.94554774943971,7.915783243224095,0.3409010857911728,0.12084609546904143,0.027499923314123466,0.017560434946800447,51.56706957247984,9.253882554654467,17.579233591277198,4.451548604508157,2.0495061951705305,0.6432439921332904,27.399929394976613,8.464812974147499,-35.93338546037673,3.515402943137895,406.2,556.2123695136597,3.8526601965355063,1.1272827788974824
4.8,3.2,False,5,True,3.9607954967566954,3.0010860865524176,-3.4439804563853924,3.7045085329675183,16.968143699140192,3.4003738035023767,20.33041629278413,2.4677111107238194,19.949425987915884,1.8605054406585613,158.63562438800446,10.469208253415625,49.98770069255337,4.428785489696373,0.4549905743939421,0.3089818703381774,0.04908687359902914,0.049048536822195704,39.17733711100745,2.5987822244273002,22.3013948412624,4.551214043977978,3.0419714503626962,0.5800469195316748,37.71123201116991,6.727491792449964,-32.51385882522031,3.510077056671414,893.8,598.3925968793397,4.935466848270527,0.7832327093028624
4.8,4.8,False,5,True,2.0588159907208934,2.027174714461118,-1.8033529434550022,2.294412117780974,12.042779053183859,1.2934281783885417,16.00043260138954,1.6398883976537189,15.873883376135975,1.005734118749722,157.83957552873648,22.36230593519329,51.763949220804804,8.454368192277455,33.60602628519664,51.69860769917821,5.005831773150371,9.119843014758215,47.907750570592704,13.387298809963562,16.72102749436819,1.3597992189707366,2.067912352699453,0.24202793992056126,27.253969541309566,2.4670267398517143,-31.120776037629177,2.0650219127363383,1361.6,745.4279307887516,3.50634968052555,0.3840752257237344
4.8,6.4,False,5,True,8.055095902794168,13.730606813280504,-2.3908364244084455,3.247342918849835,16.053917458587225,4.546344012857637,18.838767191482237,7.451565744175925,16.940101170835575,4.420680239637333,154.14004218790123,20.486906516582277,64.60207101173269,3.1269764927957664,121.01888602529104,17.250392414329504,22.759291453293407,9.900178616913534,59.28777834550076,26.63707529154138,23.358831772125278,7.644879236920751,5.533903620709965,7.13988009613904,46.834983386999355,31.14631713121573,-30.46942536586773,1.3749528617822695,3134.6,1075.0824619535006,4.850022925121342,1.8001797441685958
6.4,0.0,False,5,True,13.904577241809424,22.16320701057912,-13.185170108760124,21.729696802966075,1.6175368808869894,1.5401934285747816,39.806716459002935,11.501807909936758,7.055237090168511,2.8817815407981002,159.67869460065168,30.20476488084682,23.543491744447977,7.153910768218419,0.3587030017033307,0.13111826297963114,0.027101310021615466,0.012375957848791794,89.98363465548911,21.84739830474523,15.287327423376507,2.866675434277302,0.818794422829914,1.388003997591695,3.860347094905923,2.969017657004296,-31.24164017565372,3.848122992130841,0.0,0.0,1.5466173712707154,1.5059545584371885
6.4,0.025,False,5,True,17.41029873106767,29.733133093753775,-16.08117725468963,28.563712002640738,1.8199514467067903,2.0924818235841802,41.834725893717845,12.96454174994836,7.3495615684377995,2.918314065451464,166.80802373964386,14.575690942181833,24.59672911232185,7.904408886764965,0.3588140839662247,0.13118870705921373,0.027090261819041582,0.012409322373024341,102.28371829092751,37.27912462855545,15.273505939808638,2.9182692186365946,0.9911953309096525,1.8075713951774928,4.257458528966771,4.094050865093464,-31.46884680761978,4.783470648304889,0.0,0.0,1.7942163893123344,2.0647475675398836
6.4,0.05,False,5,True,18.027235780808113,31.633219920584395,-16.400215674087626,29.238793608309965,2.0204361909040243,2.6326082104787543,42.63134289579722,14.00243536912391,7.636909119602374,2.960396196591018,171.09184859788937,9.983350976486047,25.882057097360267,8.574496737420478,0.35892516539950076,0.1312592909569214,0.027079932766724747,0.012443118235615197,103.29811642986064,27.084250685001845,15.197924050119473,2.8859745225939264,1.165251001380502,2.221158265962355,4.6676098004435795,5.218881185381283,-31.004656156138946,6.209279568028313,0.0,0.0,1.886518124290251,2.3151999847195834
6.4,0.1,False,5,True,18.474328707857982,32.77669012160261,-16.050924823867895,28.207721117377698,2.420179996281186,3.7224122893368645,43.054513375488696,14.246857410820981,8.157563707256083,3.0662597519880315,174.02868639318268,6.073778447433779,28.70689619276796,10.390645119432598,0.35914732577713393,0.1314008772896825,0.02708663912437389,0.012541982370673553,116.91534934052534,36.888496395584475,14.868930456070734,2.6663130234607535,1.5224655820027975,3.064623872718147,5.553540385563032,7.515239163469524,-28.847923065738364,9.485369144624904,0.0,0.0,2.0208425705539685,2.6574020304526917
6.4,0.2,False,5,True,18.01543835694161,31.862894188248774,-2.3667366045291933,3.735518727247451,1.702295690532986,2.3375575279685576,44.42589268076294,15.751639015256712,9.323530469179566,3.2877091724416565,175.1093019923856,4.077178010532856,35.038324466803566,15.18600106657985,0.3595916365767805,0.13168571768807377,0.027273802183316032,0.012942191535354324,113.53010524528244,27.01005414065949,14.54822333052957,2.6422346261799072,1.0324672754693476,1.998246819169385,4.116067579148215,4.660905099441651,-30.613033101395853,6.842718396846037,0.0,0.0,1.8489068819242593,2.3018113437451415
6.4,0.4,False,5,True,3.756738062961894,2.4924414823383385,-3.5804787368451843,2.760296612664187,0.7509714790170989,0.46078045167271886,43.14513776877881,6.219220829307641,11.202213755713263,3.3244358135436736,176.6307177484029,2.112094342188762,49.14247644116995,22.292651356809365,0.3604802183550698,0.13226201813461558,0.02773870625759308,0.01376517873844841,149.37051875121574,41.38034083998242,14.843817277151683,2.213852531518861,0.28954882137137083,0.29167675677648636,2.3579732448940005,1.0021469127218339,-32.5719459076649,2.838671858341483,0.0,0.0,0.9181652960688801,0.24468950420377228
6.4,0.8,False,5,True,4.297104417067862,2.4477799170530847,-3.6614777886343384,3.0477512767076624,1.9361513101351406,1.4905321329618535,37.91965645168525,6.663728484351992,13.043669498941375,3.5452654292363013,169.9215074387679,4.865469094865783,71.62511809873479,30.558079305787203,0.36225722263575344,0.13344068833025058,0.029578165311470617,0.015094861843094219,155.44380782878414,20.243793724167016,27.54280606078539,17.6796323447179,0.3981294125838089,0.2525236019763292,5.305808113777404,3.3408412585298946,-33.0661952525299,3.188417654128454,0.0,0.0,1.2280220400424209,0.5491199414100919
6.4,1.2,False,5,True,8.610235560393324,5.052294004008837,-8.326570123402428,5.565708763677535,8.904709787039177,8.370030334433945,28.810211575290868,11.007129779555326,18.842648343117993,7.6021542350359725,174.4819970087718,4.902112594131542,82.18243802264564,30.195976237876543,0.5986525900158264,0.5952471450546961,0.06691060103476218,0.07830724909050335,163.40885663280432,13.16146162400927,50.04192957758515,36.496295440441266,1.6841479872105602,1.7416681356703207,22.303360389554562,21.569383232978815,-39.08407029224836,7.031783519602733,1123.0,1700.223955836407,3.204660732075478,2.356851703860486
6.4,1.6,False,5,True,22.60408340817288,24.807034247584006,-13.092469184282331,8.041885520225375,15.282827699723288,8.058531326755523,25.499840693506698,3.838472387489536,21.69518667771853,7.489886997201482,163.79969021962577,8.908001637910013,93.91918079497813,24.356516787451174,1.763664498306774,2.7291278301797512,0.23739002340575005,0.3726665896306606,150.49198638593086,21.60910056701095,61.39344600417898,42.721926035981916,5.3425132575603715,6.444877906869765,36.06861680579597,19.069579471322125,-54.070582589458105,27.03325313880435,1673.4,1680.9886376772452,5.51790628212716,2.9314118789969648
6.4,2.4,False,5,True,33.04827790102293,30.52710727538909,-12.690153322753547,9.543661446281398,27.945481708157207,13.158500764967986,33.82723574603524,19.847198746924022,28.239447458277606,7.229436386905186,170.08893207605539,7.1794910674793195,86.6490511391485,13.888802427340323,30.094888276639132,49.856612003141514,3.2089026951558552,5.40071883033553,133.90899334913553,54.72224541147862,57.505202205252736,23.873069053448347,10.81276037363652,9.750056366816057,64.95024396801956,25.378181832007748,-19.585134556185277,39.214346029893925,2832.6,2152.7036024497193,9.382106833344622,5.001073406280114
6.4,3.2,False,5,True,30.182157359761316,41.07200375907537,-8.693708989343065,24.1456935362833,43.39069403134237,63.46179455476183,41.03773863980955,11.93338763684393,27.80173615239395,8.596177960609378,170.94453629856693,8.705165573172009,147.134328344002,131.46628158272557,98.0369815070239,54.062547344072,15.328184674853935,18.59253000339319,139.6628524303309,47.37014657105898,93.29288935197481,123.02373553120103,20.505902510366813,37.801562523435585,93.39955939896461,123.93194936523699,-22.805473473539212,6.529711873711389,3035.4,1756.9306474644923,13.153039265671646,18.02919063685998
6.4,4.8,False,5,True,62.25456819966051,42.31556477855781,6.079811685246411,41.145418282352736,18.231598499174225,7.5490135048433595,44.44416613787281,18.944944218473545,27.498928244828484,15.525859404856616,170.01559219968277,8.979292808288669,118.14911536748946,70.20300620397411,143.43327405965232,24.734425992186388,52.217243439129376,15.940618325563488,166.12099240741435,13.127727887298937,49.00018998510059,15.137442940899929,8.230297012300884,5.775832740941365,61.02645370340879,34.64057655015148,-10.729377443571657,11.649830911795808,4239.2,1772.30660440004,8.490324978814877,3.812967850199885
6.4,6.4,False,5,True,24.935722556974255,33.32914684208113,-4.847243946514529,17.47650615277826,14.657154063307535,10.791875586630407,32.58571393956376,12.621735887848665,18.75130114266635,5.366938920314638,175.24608084429752,4.2803309257115805,91.43038930321163,10.246766029942547,165.89937504512582,10.740661189060956,51.637409259844866,9.324009810815568,134.36289249784386,39.029343353468924,71.97388879863333,90.44422743999802,6.701645267045028,9.366122634120904,49.21703464156065,36.55768749517778,-43.615620034828794,18.83015061095829,5377.6,1186.677841707681,5.48901606935932,4.2170653008456425
