stage,seed,eta_c,eta_cb,late_abs_early_deg,late_signed_early_deg,late_endpoint_mm,adapt_abs_early_deg,adapt_endpoint_mm,max_adapt_abs_early_deg,max_adapt_endpoint_mm,max_baseline_abs_early_deg,max_baseline_endpoint_mm,max_washout_abs_early_deg,max_washout_endpoint_mm,late_path_rmse_mm,late_velocity_rmse_mm_s,first_washout_deg,clip_events,objective,all_finite,stable
coarse,11,0.0,0.0,29.87621840024672,29.87621840024672,15.204904808387747,29.87621840024672,15.204904808387749,29.876218400246724,15.204904808387749,0.12378159975327327,0.01981116386445652,0.12378159975327327,0.01981116386445652,12.985084068981397,54.124655218350675,-0.12378159975327327,0,5.792451765777796,True,True
coarse,11,0.0,0.025,23.041207394880928,23.041207394880928,8.897129187836029,26.031393007926976,11.5750519510738,29.870444825381025,15.202145688946345,0.12927968455763567,0.01981116386445652,7.355964614050223,1.5066396268815128,7.7141083638994346,30.391155956464996,-7.355964614050223,0,3.7824057775709714,True,True
coarse,11,0.0,0.05,18.3478425863657,18.3478425863657,5.09393863140541,23.01989887103594,8.993378744932127,29.86508148330111,15.199703674676249,0.13440697741750168,0.01981116386445652,12.166354957289842,2.417588897475604,4.451962121412107,15.984436746437023,-12.166354957289842,0,2.5296599108487303,True,True
coarse,11,0.0,0.1,13.25583079213728,13.25583079213728,1.5304325533405838,18.934742493271315,5.7841569993627475,29.855482012834784,15.195678287049057,0.14363772398168695,0.01981116386445652,17.174243537627778,3.3211498820378145,1.394977643856,4.798071710796957,-17.174243537627778,0,1.297701567989904,True,True
coarse,11,0.0,0.2,9.420912859076847,9.420912859076847,0.5043272846009392,14.71530920412061,3.184482532120221,29.840144787703256,15.190487734235713,0.15856119406346433,0.01981116386445652,20.899180698558514,3.9448969149059065,0.9997994546279211,6.55025524411581,-20.899180698558514,0,0.7717890691077002,True,True
coarse,11,0.0,0.4,5.885063019910893,5.885063019910893,0.48786712020870526,10.841667491877265,1.8627938309810836,29.820731201594032,15.187898998532019,0.1779061556385813,0.01981116386445652,24.447693229981528,4.632927645064027,0.6688045493366398,4.645213957543518,-24.447693229981528,0,0.5370049678424675,True,True
coarse,11,0.0,0.8,3.553653906719499,3.553653906719499,0.46949831376940343,7.398179701612935,1.2108266667734189,29.8051821940627,15.195703911369247,0.19404909092292338,0.01981116386445652,26.455029878828167,5.159802029125866,0.4252964575062765,2.872064229010892,-26.455029878828167,0,0.37649352074884895,True,True
coarse,11,0.0,1.2,3.706579297928689,3.706579297928689,0.330415299795522,6.083248421402708,0.9526667348753376,29.799763938617406,15.20489647839329,0.19962453804175195,0.01981116386445652,26.25729876649039,4.855694852245013,0.3938888929312941,2.2319295262620145,-26.25729876649039,0,0.3341929766066012,True,True
coarse,11,0.0,1.6,3.537296272772538,3.537296272772538,0.3187995241841878,5.434182107128992,0.8091644234654934,29.79557619645538,15.210350918682233,0.20357158958103605,0.01981116386445652,26.594750847720814,4.609159515447099,0.28971873365072237,1.772017875312948,-26.594750847720814,0,0.3150711864837143,True,True
coarse,11,0.0,2.4,2.8627008511237766,2.8627008511237766,0.39216149565971603,4.59356460808811,0.699165094625882,29.786562323908036,15.213059310927937,0.21216301677742797,0.01981116386445652,27.110821384464067,4.791204041220843,0.14199921613599722,1.4396273503969297,-27.110821384464067,0,0.29087938779057565,True,True
coarse,11,0.0,3.2,3.011772753251823,3.011772753251823,0.3364861251742107,4.164779212079054,0.6613087350858737,29.7792057198624,15.212423442984106,0.21961576966333535,0.01981116386445652,26.999306332623448,4.787066762657359,0.14929515932488807,1.2762130397754199,-26.999306332623448,0,0.2802223606758528,True,True
coarse,11,0.025,0.0,32.51619417748329,-32.51619417748329,8.722431375467618,18.73074898972543,11.42533730390304,34.06970016936834,15.204601574683114,0.14273898722380673,0.01981116386445652,64.38870591334431,5.19110575021087,7.862915204861011,39.83332798456073,-64.38870591334431,0,4.149195645693079,True,True
coarse,11,0.025,0.025,26.427254053560652,-26.427254053560652,4.976900503876988,16.392910977550283,8.878262994329353,29.85297858086132,15.202012733066827,0.14606249815404646,0.01981116386445652,57.65822280983214,5.293197976753195,4.7736890795790705,24.27316656237758,-57.65822280983214,0,2.847265076896953,True,True
coarse,11,0.025,0.05,21.152501751937233,-21.152501751937233,2.6638338514226625,14.234138046891422,7.010595041872319,29.84987346381103,15.199718799496962,0.14913850704081652,0.01981116386445652,51.91886918314102,5.244635019300148,2.7870744102044736,14.220285444409711,-51.91886918314102,0,1.956753574076497,True,True
coarse,11,0.025,0.1,13.329394525644725,-13.329394525644725,0.4792945059546899,10.706763520393796,4.6021811700669515,29.84438922918545,15.195930632462412,0.15461196443390882,0.01981116386445652,43.61254259388327,5.011458428652539,0.8591262896679497,4.887038086386883,-43.61254259388327,0,0.9507154208341079,True,True
coarse,11,0.025,0.2,5.48305910610766,-5.48305910610766,0.5018961178694687,6.422176667774444,2.7089938795621995,29.835870049619547,15.191025158811955,0.16324533074096312,0.01981116386445652,35.6228495652095,4.700999381651517,0.8043850123100688,4.776166120248552,-35.6228495652095,0,0.4974097295460699,True,True
coarse,11,0.025,0.4,1.2973096310533263,-1.2973096310533263,0.30070930216644454,3.8964331347591505,1.6694953527523602,29.825719806247676,15.188531851698677,0.17385684330369838,0.01981116386445652,31.470088647263285,4.856984053657625,0.6363119114619387,3.8480991979784895,-31.470088647263285,0,0.1997924190465573,True,True
coarse,11,0.025,0.8,0.5240023210931765,0.5240023210931765,0.2927219212075821,3.757838252096677,1.0707274336735508,29.818259296175793,15.195914999649926,0.1822645206739223,0.01981116386445652,29.439229600315674,5.262494394266618,0.36036449334343057,2.4728786284524844,-29.439229600315674,0,0.14819146142588208,True,True
coarse,11,0.025,1.2,1.6252793822563352,1.6252793822563352,0.22549151488412295,3.7494107504910135,0.8523915907014701,29.814666756640136,15.204798708046956,0.18642832250612465,0.01981116386445652,28.36467196796338,4.989582369194036,0.3299352754534356,2.028862578306428,-28.36467196796338,0,0.18280990458959728,True,True
coarse,11,0.025,1.6,1.8420953992667939,1.8420953992667939,0.2230765004007198,3.689384364522067,0.7296586016654087,29.81027328136113,15.210198057478566,0.18946589106686998,0.01981116386445652,28.30751351296205,4.719319092141002,0.26035312681247075,1.6495404446745396,-28.30751351296205,0,0.19054129093887362,True,True
coarse,11,0.025,2.4,1.641335276169371,1.641335276169371,0.3197642977680111,3.4097537507828237,0.6398370810306668,29.799904075347335,15.21304930729431,0.19928329014099688,0.01981116386445652,28.342777067283265,4.854551868402262,0.12696308449785104,1.335229966319248,-28.342777067283265,0,0.20087730710553517,True,True
coarse,11,0.025,3.2,2.0431766519263,2.0431766519263,0.2824928560580703,3.2623790650064053,0.6155639543277738,29.791587923139712,15.21248879435034,0.20768868773629606,0.01981116386445652,27.97986772412374,4.843447170156626,0.13132133852750866,1.2061759341799791,-27.97986772412374,0,0.21002677336705872,True,True
coarse,11,0.05,0.0,47.58857046398215,-47.58857046398215,5.365984874030101,31.142574483398267,8.946853871090466,48.42605798768988,15.204346536303143,0.15914884072149948,0.01981116386445652,78.59317754317186,7.896935688048027,5.106436853581219,31.771455490714395,-78.59317754317186,0,4.126636618465188,True,True
coarse,11,0.05,0.025,40.80369511853774,-40.80369511853774,3.1566922415545444,27.826590387456413,7.126003549882438,41.30555544115491,15.201913629305253,0.16054861671165543,0.01981116386445652,71.4009743953185,7.348187696853592,3.237844199287445,21.070986950987837,-71.4009743953185,0,3.1776840360456733,True,True
coarse,11,0.05,0.05,34.847201518676286,-34.847201518676286,1.8405957136820077,24.7932480579683,5.770004695622501,35.11028965012931,15.199755288541322,0.16180812070469483,0.01981116386445652,65.15615338210122,6.84116492618739,1.9815674754285688,13.782882855613298,-65.15615338210122,0,2.503400527314877,True,True
coarse,11,0.05,0.1,25.505403905343798,-25.505403905343798,0.9408317472646669,19.685501936652862,4.04766814917585,29.83505055925475,15.196184269069295,0.16394919442212008,0.01981116386445652,55.52882541470351,6.047202462770784,0.7130887279300524,6.2712869773787085,-55.52882541470351,0,1.7406623500060496,True,True
coarse,11,0.05,0.2,14.740959221253632,-14.740959221253632,0.8445896378275022,12.83878056314598,2.612541382137647,29.832559770359705,15.191539351085268,0.16698592489856362,0.01981116386445652,44.72928011528017,5.233989423202246,0.7069787953608849,4.360314423530458,-44.72928011528017,0,1.0978737932212252,True,True
coarse,11,0.05,0.4,6.760513806832901,-6.760513806832901,0.4044924283547723,6.565437326362556,1.6378002725335215,29.830666195112972,15.189130975495432,0.17021651282553102,0.01981116386445652,36.77907194484363,5.031117396455166,0.6321830900395958,3.534165088551789,-36.77907194484363,0,0.520622217511685,True,True
coarse,11,0.05,0.8,1.8672684981603886,-1.8672684981603886,0.15399761514189755,2.9622159313400753,0.9794571211059495,29.83056126662661,15.196119691527112,0.17610387539506564,0.01981116386445652,31.735761876927416,5.340840455415595,0.3346283516678331,2.206166732072441,-31.735761876927416,0,0.17255216277992175,True,True
coarse,11,0.05,1.2,0.041292437649776435,0.041292437649776435,0.1402893599431015,1.9980974373046287,0.7710322934589066,29.82873199133608,15.20471353919938,0.18046139405867426,0.01981116386445652,29.93476337121932,5.10292876339225,0.2791846228013531,1.861050270028652,-29.93476337121932,0,0.06638634073238621,True,True
coarse,11,0.05,1.6,0.5320085275804253,0.5320085275804253,0.14724122313528237,2.1624677141378448,0.6623671498798507,29.824222284017303,15.210059516778601,0.1835713131791117,0.01981116386445652,29.615844200087945,4.8142401048877925,0.23327649408059475,1.5557481080334397,-29.615844200087945,0,0.09225428909241948,True,True
coarse,11,0.05,2.4,0.6585441747533396,0.6585441747533396,0.2600039313294284,2.3655700407651796,0.588090788249365,29.812644473247232,15.213043980687655,0.18776538810047932,0.01981116386445652,29.321017860754775,4.905637559913418,0.11753622605449424,1.255501519548907,-29.321017860754775,0,0.12725060184844902,True,True
coarse,11,0.05,3.2,1.2546727037315841,1.2546727037315841,0.23816941049203177,2.4614119572808866,0.575228103935171,29.8034281080522,15.212555538233854,0.19625855142685822,0.01981116386445652,28.768176192061144,4.890643343229962,0.11682418184555302,1.1533073233657458,-28.768176192061144,0,0.1521869061453457,True,True
coarse,11,0.1,0.0,54.55149478543624,-54.55149478543624,3.424623765203345,42.15429272005468,6.400890862901415,54.78624187513674,15.203959768561736,0.1854725102170268,0.01981116386445652,84.82720919249596,9.733072053909922,2.910050467472626,23.545501148531894,-84.82720919249596,0,4.039606173221819,True,True
coarse,11,0.1,0.025,48.652307357444144,-48.652307357444144,2.64594673613919,38.81631646878735,5.425986260293693,48.66830964779584,15.201800899942668,0.18367402043757755,0.01981116386445652,78.65314172546888,8.873456990578601,2.0830873474800873,17.695474532309483,-78.65314172546888,0,3.506231262027515,True,True
coarse,11,0.1,0.05,43.510289824531036,-43.510289824531036,2.188121113059884,35.7591903379642,4.684585506887599,43.66732396551087,15.19988083848099,0.18190847422776124,0.01981116386445652,73.3421444602557,8.14457511837551,1.4688216982936646,13.353996534583127,-73.3421444602557,0,3.0970835371263155,True,True
coarse,11,0.1,0.1,35.23936986739291,-35.23936986739291,1.7570462319845834,30.46063265406185,3.6883503119475014,36.04358029182162,15.196691314701456,0.17848592843846403,0.01981116386445652,64.94089111516969,7.050084625384353,0.7756341735354957,8.174192358117251,-64.94089111516969,0,2.5153358187762334,True,True
coarse,11,0.1,0.2,24.559899098013283,-24.559899098013283,1.3470808795176346,22.65373839460421,2.6616732287662033,29.828294122743614,15.192503367474206,0.1724303774012116,0.01981116386445652,54.30325985082256,5.871204572015047,0.6603185302014623,5.1773432342369325,-54.30325985082256,0,1.79703772069534,True,True
coarse,11,0.1,0.4,14.06789374175898,-14.06789374175898,0.7552279166277479,13.866512769658618,1.7519343378753818,29.840313191763904,15.190238761466295,0.16948697809388344,0.01981116386445652,43.799983881879434,5.265174043603076,0.6615194380768972,3.817455679432635,-43.799983881879434,0,1.0363823173952336,True,True
coarse,11,0.1,0.8,5.180669470803118,-5.180669470803118,0.1599957571356198,6.463401979804248,0.9876771790351594,29.8530092618417,15.19651354399912,0.1719736686828644,0.01981116386445652,34.763622872613425,5.438670173144837,0.3675387036578123,2.114741388858671,-34.763622872613425,0,0.3690326119864028,True,True
coarse,11,0.1,1.2,1.946416601019164,-1.946416601019164,0.019805683856632252,3.433164818608114,0.6767184547114211,29.854535570859447,15.20457880052399,0.17529035082896613,0.01981116386445652,31.80732302429279,5.275669979258309,0.22747373050731037,1.6587160987689316,-31.80732302429279,0,0.14193944892690644,True,True
coarse,11,0.1,1.6,1.1479459808943993,-1.1479459808943993,0.050968122137805584,2.1437711535035318,0.5647915996879842,29.850025682003366,15.209822277599505,0.17834471477405434,0.01981116386445652,31.253602100213964,4.96403991755646,0.1892795130231872,1.4363161718609858,-31.253602100213964,0,0.09723271010163519,True,True
coarse,11,0.1,2.4,0.719440821546953,-0.719440821546953,0.17384711159368507,1.257415750203051,0.5057864174176311,29.836423962720147,15.213046318117183,0.18344850507404808,0.01981116386445652,30.661371017280267,4.975629183174179,0.10845505671626339,1.1538199303712067,-30.661371017280267,0,0.09817676750552688,True,True
coarse,11,0.1,3.2,0.12680919287306455,0.12680919287306455,0.1735658814218463,1.1628534189745034,0.509093179465113,29.825572008099016,15.21269270682836,0.18733154501133095,0.01981116386445652,29.869524769685906,4.960865223016459,0.09670760425929263,1.086259047621109,-29.869524769685906,0,0.06774089116156758,True,True
coarse,11,0.2,0.0,53.59944143845022,-53.59944143845022,2.8934871025676445,48.66333594308439,4.753500702628996,55.62397101165563,15.203561790171182,0.2185461445958373,0.01981116386445652,82.74498124767513,9.445279996027326,1.8532602147066473,16.36119705255898,-82.74498124767513,0,3.886543227198442,True,True
coarse,11,0.2,0.025,48.978954080116196,-48.978954080116196,2.6175691069625886,45.772831568190234,4.3326588871739515,52.07863190014992,15.20182959872946,0.2123618132536469,0.01981116386445652,78.01771197510081,8.839700535955274,1.5042301790653412,13.814284760096527,-78.01771197510081,0,3.5555753236704923,True,True
coarse,11,0.2,0.05,45.055156734384546,-45.055156734384546,2.406262769358808,43.158790820618684,3.983778502001505,49.05756644619671,15.200280663473652,0.20643100415794374,0.01981116386445652,74.05486874021584,8.300455722969469,1.2168165880131412,11.739318962975613,-74.05486874021584,0,3.279074539198096,True,True
coarse,11,0.2,0.1,38.80262671883678,-38.80262671883678,2.1047333355396494,38.63050214718943,3.4471668205290564,44.02316666922123,15.197685458963376,0.19532533712321623,0.01981116386445652,67.82865169372609,7.420021096243936,0.8412121393472709,8.876714850782456,-67.82865169372609,0,2.8445617762907327,True,True
coarse,11,0.2,0.2,30.34029158360817,-30.34029158360817,1.7094428014963399,31.670703045694445,2.7566501815009046,36.36371576389163,15.194208491277081,0.18265411208535953,0.01981116386445652,59.509272093864524,6.296566641476257,0.6867351582872306,6.472493538586991,-59.509272093864524,0,2.2533411085545763,True,True
coarse,11,0.2,0.4,20.175957800735166,-20.175957800735166,1.1476209374516368,22.58808571192709,1.9895290076341918,29.858080059236485,15.192156177687426,0.1743522464125708,0.01981116386445652,49.31389397693273,5.455220077772773,0.7266515045817947,4.979999490501637,-49.31389397693273,0,1.5164458159146512,True,True
coarse,11,0.2,0.8,7.678813200319655,-7.678813200319655,0.44870844298132273,12.412478205043634,1.198334292888362,29.89035302801861,15.197258980264222,0.17212492543806393,0.01981116386445652,36.496054978884516,5.485029164519871,0.5113502537107159,2.9312071370667008,-36.496054978884516,0,0.6191357148374673,True,True
coarse,11,0.2,1.2,2.5853463131745684,-2.5853463131745684,0.14900139154169204,7.201790276855877,0.7928940074966617,29.897987677513026,15.20443697698394,0.17340981327007496,0.01981116386445652,32.04223391519344,5.462036321869287,0.29738211007638193,1.8787741649917316,-32.04223391519344,0,0.23948836695417036,True,True
coarse,11,0.2,1.6,1.8199577395668343,-1.8199577395668343,0.08580475176892381,4.66826376997305,0.5802289881865934,29.89419183213922,15.209487582187473,0.1757913394215713,0.01981116386445652,31.803866995941934,5.144086789621669,0.1797174440533888,1.4632978669849508,-31.803866995941934,0,0.1608321388237238,True,True
coarse,11,0.2,2.4,1.8268145657937223,-1.8268145657937223,0.11703410952071744,2.6193482765006078,0.4290746942060098,29.877836745466873,15.213096398751905,0.18045623820020693,0.01981116386445652,31.672302155333057,5.02050758574404,0.10233851642858618,1.0990984013582534,-31.672302155333057,0,0.1494381823891681,True,True
coarse,11,0.2,3.2,0.8501599499312341,-0.8501599499312341,0.11937174923603774,1.662717799469356,0.4289075003508291,29.86429175593565,15.21297862922966,0.18435210304506497,0.01981116386445652,30.746810128171962,5.029968040694229,0.08300896624253055,1.0479021113058542,-30.746810128171962,0,0.09321520895720842,True,True
coarse,11,0.4,0.0,33.217347569833365,-33.217347569833365,1.962946084829613,45.75975326132594,3.5658567949195246,56.009438905431,15.203654119932505,0.24033540943989778,0.01981116386445652,59.93600514009527,8.01668181415158,1.2276736826060437,10.280104729501357,-59.93600514009527,0,2.5912008107807014,True,True
coarse,11,0.4,0.025,31.871942863433702,-31.871942863433702,1.9004827272465867,43.96692517725112,3.408650545044104,54.14054219407867,15.20245768121478,0.23045799711755802,0.01981116386445652,58.97236878747139,7.737264762671514,1.068906540179872,9.32565424595295,-58.97236878747139,0,2.490805772457877,True,True
coarse,11,0.4,0.05,30.587174934993605,-30.587174934993605,1.844642047516062,42.31042167552049,3.2674870457968304,52.44008315923268,15.201375899458602,0.2225924217474962,0.01981116386445652,57.975791691025734,7.466813898790237,0.9348748400160627,8.521096232311645,-57.975791691025734,0,2.3964964171305305,True,True
coarse,11,0.4,0.1,28.246049276875873,-28.246049276875873,1.7454347026845618,39.35298867515087,3.0244954589420816,49.406625266234414,15.199531466068924,0.21120237231296132,0.01981116386445652,56.03535196235346,6.9718077745240805,0.7505678442099549,7.3560639818961135,-56.03535196235346,0,2.226022572248088,True,True
coarse,11,0.4,0.2,24.366553091974502,-24.366553091974502,1.5647284122978617,34.53667907785023,2.6481198408492954,44.37732496652334,15.196958464063112,0.19781900642979605,0.01981116386445652,52.56851044091939,6.210469971188844,0.6582071223106762,6.305826409595561,-52.56851044091939,0,1.9405853486952969,True,True
coarse,11,0.4,0.4,17.772153474807645,-17.772153474807645,1.2103145322771467,27.426167074048657,2.122592058603113,36.71413802245669,15.19517344562229,0.1857761623556327,0.01981116386445652,45.98133867448501,5.459349645331056,0.7204703808408082,5.617476308897352,-45.98133867448501,0,1.4544205758679682,True,True
coarse,11,0.4,0.8,4.3451683564205394,-4.3451683564205394,0.6412292036380725,16.96147917337751,1.44855802515024,29.94186640967835,15.198678162846257,0.17862537406231546,0.01981116386445652,34.254215287226174,5.397935850034996,0.6524220377108743,4.312447568415357,-32.081270699125355,0,0.5425806272856557,True,True
coarse,11,0.4,1.2,2.0525875810626717,2.0525875810626717,0.31073430370376975,10.634788005342083,1.0261677343956674,29.959664929264736,15.20455865125991,0.1773445196945041,0.01981116386445652,27.031365720884995,5.543390897143717,0.5091677762855417,3.2113335868634962,-27.031365720884995,0,0.2857036349973788,True,True
coarse,11,0.4,1.6,1.390562906621187,1.390562906621187,0.1407887716272525,7.2529347556835075,0.7553555957666729,29.958904927043505,15.209249220293703,0.17812104705072668,0.01981116386445652,28.857929314866528,5.272422225036913,0.36146674057736056,2.3494972690920006,-28.857929314866528,0,0.17750887289743558,True,True
coarse,11,0.4,2.4,1.503846028430215,-1.503846028430215,0.14175344029570985,4.278814402136887,0.5085502771738168,29.940566276137385,15.213334852993288,0.18181840251376954,0.01981116386445652,31.45312978162292,4.938668570508149,0.14045594196073247,1.2907544000043636,-31.45312978162292,0,0.15459709323177204,True,True
coarse,11,0.4,3.2,0.6493180920703536,-0.6493180920703536,0.1487571855736503,3.080437601976347,0.44071005467990415,29.923431112030375,15.213576199538126,0.18561219073036225,0.01981116386445652,30.38791646057551,5.044308543658134,0.09199088949896275,1.102540078708728,-30.38791646057551,0,0.10252665903104531,True,True
coarse,11,0.8,0.0,11.602410408694452,-11.602410408694452,1.2308616812436461,31.083154559138023,2.545729654143281,56.49583559258201,15.205199879831097,0.24301763426756506,0.01981116386445652,41.337857288352474,6.901729180180172,0.8315687449332829,6.657812729628991,-41.337857288352474,0,1.1884591185120341,True,True
coarse,11,0.8,0.025,12.10702022982684,-12.10702022982684,1.2023949172754467,30.784357783890812,2.492818372217591,55.52929687954473,15.204493728743204,0.23782628453976676,0.01981116386445652,41.82032206950448,6.756845466867138,0.7521229442543511,6.204633800282358,-41.82032206950448,0,1.2032183820193854,True,True
coarse,11,0.8,0.05,12.458359090680355,-12.458359090680355,1.1745484351022886,30.4395454080982,2.4424411557536763,54.61999171587346,15.203844164433844,0.23323816841310382,0.01981116386445652,42.15069916804697,6.6161634803984075,0.6835995505935117,5.815700380752924,-42.15069916804697,0,1.2101271109220697,True,True
coarse,11,0.8,0.1,12.80012971369321,-12.80012971369321,1.1199533335210643,29.656570796335757,2.3482419347817576,52.91919615728757,15.202706620992906,0.22580549691131127,0.01981116386445652,42.448872941618134,6.35367393633115,0.5808931243406544,5.222301941250583,-42.448872941618134,0,1.2055028752889951,True,True
coarse,11,0.8,0.2,12.495667139362245,-12.495667139362245,1.0111218301693838,27.9071662982936,2.1799449805352547,49.89369039654504,15.201021532889444,0.21520002132509977,0.01981116386445652,42.02950828119542,5.9266417113033025,0.49580147856004986,4.607807375102736,-42.02950828119542,0,1.1457435496847228,True,True
coarse,11,0.8,0.4,9.483370808094314,-9.483370808094314,0.787910222707197,24.19775005073139,1.8936532271883522,44.92576384228669,15.199582350853788,0.20279506340523476,0.01981116386445652,41.30826268896347,5.4585103853848205,0.5192932931695462,4.301274752514642,-38.63278726664019,0,0.9037360593668314,True,True
coarse,11,0.8,0.8,1.062320345180365,1.0311914109913383,0.4259183585298502,16.61729218454358,1.4484106130035612,37.39356038774535,15.201495337067014,0.19296665642043093,0.01981116386445652,40.729323617961015,5.410743014742532,0.5790710159913566,4.238241035132817,-27.73709337589941,0,0.3217398818444348,True,True
coarse,11,0.8,1.2,6.606848737563394,6.606848737563394,0.3175396961122635,13.41772342687986,1.1513636018736233,31.718090238904225,15.205789289283675,0.1888895656021261,0.01981116386445652,34.685904262089345,5.609208801681532,0.5977129201038499,4.241542512904114,-23.668772331354546,0,0.5403548535464701,True,True
coarse,11,0.8,1.6,3.970850866753293,3.970850866753293,0.25841738992605323,11.010410833906397,0.9420925830555655,30.02762951343918,15.209803411999182,0.18927885071784623,0.01981116386445652,27.825576447921357,5.383947475210827,0.5723793950805686,3.8883206117007867,-27.825576447921357,0,0.37029398409283526,True,True
coarse,11,0.8,2.4,3.03867685417421,-3.03867685417421,0.04528622623181812,6.960474007889931,0.6418498173092582,30.01193248256701,15.214124760086609,0.18827255795947,0.01981116386445652,33.36850548196143,4.7762103320934,0.3489855661012764,2.2486141014511922,-33.36850548196143,0,0.23174709144531086,True,True
coarse,11,0.8,3.2,0.45704415721325214,-0.17546327914887277,0.1941827754477591,4.487871700582652,0.5528363449098546,29.992108639875656,15.214765306828134,0.19697112685322532,0.01981116386445652,29.303673055689927,5.092070613279178,0.14410650180548104,1.3001690259070497,-29.303673055689927,0,0.11783010617042929,True,True
coarse,11,1.2,0.0,11.239318460791834,-11.239318460791834,1.070008299940387,24.2398668037994,2.0905917433996564,56.90007244182798,15.207256726631133,0.24532588003133363,0.01981116386445652,41.42598308852245,6.363786969861238,0.6947739923858264,5.777939609046927,-41.42598308852245,0,1.0656268838635339,True,True
coarse,11,1.2,0.025,11.474476659362841,-11.474476659362841,1.0188136877470872,24.213375698323347,2.0533527890394994,56.23808733312139,15.206766625196245,0.24205378682968995,0.01981116386445652,41.63702380681156,6.263593877882284,0.6366888616826671,5.411184022980249,-41.63702380681156,0,1.0637569018850512,True,True
coarse,11,1.2,0.05,11.636093937467297,-11.636093937467297,0.9708622443087128,24.146882508078914,2.017610771974962,55.63230638230905,15.206311481077012,0.23881891116414297,0.01981116386445652,41.77261305782096,6.16936892549211,0.5849666037029805,5.083952385810311,-41.77261305782096,0,1.0587117751253015,True,True
coarse,11,1.2,0.1,11.764582390421138,-11.764582390421138,0.8841402351200877,23.913510196258244,1.9502439634213005,54.438922362861476,15.205502532233522,0.23379829227269286,0.01981116386445652,41.84321507094213,6.000285271040676,0.5007151605735818,4.541702007513754,-41.84321507094213,0,1.040410161365017,True,True
coarse,11,1.2,0.2,11.38849606353136,-11.38849606353136,0.7409398072073542,23.149985197466663,1.8290503471510955,52.290222691256666,15.20426414857301,0.22551696234963559,0.01981116386445652,41.355625786431524,5.741489672383575,0.40212144007317085,3.830269154547799,-41.32870455981214,0,0.9774627418715289,True,True
coarse,11,1.2,0.4,8.82702453612782,-8.82702453612782,0.5211761900557407,20.905204545014833,1.620700311870555,48.594851694781255,15.203090434055907,0.2148652554293396,0.01981116386445652,42.67382163380722,5.491337298283764,0.36891144117715446,3.257195819044159,-38.430995527446235,0,0.7723373434351646,True,True
coarse,11,1.2,0.8,0.41835971982507647,-0.38310408587640477,0.16588815671993562,15.004930647473321,1.2736442448121739,42.804690776331874,15.204287376708702,0.20438720709824482,0.01981116386445652,42.65598824789722,5.54663239987152,0.4317165083332212,3.283473157871108,-29.764881670182845,0,0.20824229437096922,True,True
coarse,11,1.2,1.2,4.408761876364023,4.408761876364023,0.17494838709249874,12.612734187540019,1.0604031955057387,38.37171089691707,15.207595039009208,0.20178233912227928,0.01981116386445652,38.19710525166511,5.7099879675953265,0.49439602662632937,3.7057637173592157,-26.209624195382528,0,0.38660815842059304,True,True
coarse,11,1.2,1.6,1.790845447815629,1.790845447815629,0.27283249629184236,11.14744177365918,0.9489501727286399,35.105698819411785,15.210984010247486,0.1985826352432021,0.01981116386445652,32.40763390161511,5.460987452465097,0.5362842448089411,3.8776315952636837,-30.26127641496759,0,0.2661514663541803,True,True
coarse,11,1.2,2.4,5.298647122351769,-5.298647122351769,0.09471154776293862,8.8257924723152,0.747976105227402,35.18095497469569,15.215066185674841,0.20456167013141835,0.01981116386445652,34.54551350009006,4.769174672794983,0.43300631278633733,2.8017451010787475,-34.54551350009006,0,0.37438034544571125,True,True
coarse,11,1.2,3.2,1.4201195620274667,1.2748259235565,0.2595731860060764,6.376728041182997,0.6518227569975494,37.06021884953321,15.215844241509618,0.21421623723067787,0.01981116386445652,31.728088510608195,5.197820697838925,0.2584538797146339,1.8901148912128627,-27.11754095384332,0,0.19968937358983488,True,True
coarse,11,1.6,0.0,11.440795311878196,-11.440795311878196,1.0351675641782392,20.889457439037677,1.8472121560328916,57.264544401644756,15.20943028226773,0.24766104890489454,0.01981116386445652,41.91365856190214,5.875879227415367,0.606382838105963,5.263529172001984,-41.4691594426911,0,1.0350936737943863,True,True
coarse,11,1.6,0.025,11.557854484687427,-11.557854484687427,0.9627106789906656,20.91538646721778,1.8099810530888525,56.759362609744684,15.209060635336943,0.24558868012480728,0.01981116386445652,42.04820796850463,5.810448820320445,0.5601688573364424,4.944812249524174,-41.567837674391626,0,1.0224401350174939,True,True
coarse,11,1.6,0.05,11.62560921817879,-11.62560921817879,0.8949984741680362,20.911715940396626,1.774381867757852,56.307910741327184,15.208715455939892,0.2435291962451642,0.01981116386445652,42.188874429623915,5.751647890336562,0.5182803240365674,4.65491483542234,-41.614999044958836,0,1.008287546728075,True,True
coarse,11,1.6,0.1,11.625270305845705,-11.625270305845705,0.7738124903700231,20.825157614341087,1.7079497127639975,55.41233872116846,15.208096566317522,0.23944881628962167,0.01981116386445652,42.48478316230019,5.653237783679551,0.4472156558067198,4.156540785333321,-41.567323652769915,0,0.9761672930494635,True,True
coarse,11,1.6,0.2,11.1580570903278,-11.1580570903278,0.5848489026185245,20.392123740454615,1.5924042622581485,53.682436151462454,15.207129969712149,0.23318906474996237,0.01981116386445652,43.09854735527086,5.5247923145176365,0.35151954061935975,3.4385690701766443,-40.98547697918423,0,0.9000691221626878,True,True
coarse,11,1.6,0.4,8.841474611347138,-8.841474611347138,0.3624892347477793,18.801929119149587,1.4111311954909076,50.74800071147951,15.206152386522328,0.22403407419330035,0.01981116386445652,44.10863774986869,5.460590978860155,0.2885841109303935,2.736184023467627,-38.409819738452555,0,0.7124364811866088,True,True
coarse,11,1.6,0.8,1.8547800617596135,-1.8547800617596135,0.14009474292597157,14.106681920122838,1.1318325775077553,46.247852939105464,15.206937839548182,0.2165378142715251,0.01981116386445652,44.36292903164056,5.637193001223768,0.32592394898540383,2.6149742362281083,-31.307498242743794,0,0.26381236785166967,True,True
coarse,11,1.6,1.2,2.2736417866421417,2.2736417866421417,0.1690479062802938,11.06598816159623,0.9474398356863795,42.80321746011501,15.209532041123627,0.210345870775708,0.01981116386445652,41.17871657605244,5.765727572202799,0.3787087725818193,2.984588985768626,-28.152263830548915,0,0.2636416769822533,True,True
coarse,11,1.6,1.6,0.7439340067445974,0.23848917833345745,0.265673312061817,10.095786768413564,0.8802526235023773,42.8470725673936,15.212357943586477,0.21214963455013455,0.01981116386445652,37.018849706463584,5.490515757659342,0.423733972565629,3.238030334580298,-31.30925055998491,0,0.20212979755845692,True,True
coarse,11,1.6,2.4,4.87079327600726,-4.87079327600726,0.14341310036608598,9.140099076210475,0.7945349539474108,44.20170204364005,15.216008010255916,0.22180209470751544,0.01981116386445652,39.227056284287514,4.83094230971723,0.39143280436113165,2.644715499547613,-32.84073417959353,0,0.36854302848036086,True,True
coarse,11,1.6,3.2,3.4622253069070554,3.4622253069070554,0.3474170422636947,7.435685023741405,0.7471207701885844,45.47775394246684,15.216781389539861,0.23145287184029534,0.01981116386445652,37.548407481076424,5.276462360460804,0.3193578650337571,2.376135647289747,-25.63830000527927,0,0.3341374234978238,True,True
coarse,11,2.4,0.0,10.98999760188316,-10.98999760188316,1.0420068252881287,17.447372696059777,1.6068680066363534,57.88381938238848,15.213665716207622,0.253399873737022,0.01981116386445652,44.93915926228716,5.089600415913558,0.4672722022213506,4.477821656042337,-40.89974241911654,0,0.9816523720636876,True,True
coarse,11,2.4,0.025,10.975472888244983,-10.975472888244983,0.9460037380337459,17.471045990553197,1.5628034225838303,57.52959446406333,15.213421376558403,0.2520565289626433,0.01981116386445652,45.14126258673249,5.081825916430334,0.43469447641553083,4.208652843941243,-40.859179372483254,0,0.956402632478953,True,True
coarse,11,2.4,0.05,10.932616039972718,-10.932616039972718,0.8550624240309206,17.476621300196374,1.5205715991766005,57.22907578563621,15.213191436521257,0.2513110694436949,0.01981116386445652,45.33821151903332,5.080000379323203,0.4046003906033465,3.9596683473629417,-40.78956837497857,0,0.9308808600043522,True,True
coarse,11,2.4,0.1,10.767060016486749,-10.767060016486749,0.6883305896807567,17.436998625990338,1.4416073471277298,56.62752844394384,15.212773866182925,0.24981315597318898,0.01981116386445652,45.714670409135714,5.091542669486785,0.35162103634930114,3.519679862997922,-40.568891113611755,0,0.8792996457344417,True,True
coarse,11,2.4,0.2,10.154497221014068,-10.154497221014068,0.41411932026703163,17.178312074288133,1.3052090113668213,55.42396794226194,15.212101041868403,0.2467893482889835,0.01981116386445652,46.385040122761424,5.158412586909831,0.27247101648210204,2.8501696390008844,-39.843963421445736,0,0.7757342363667059,True,True
coarse,11,2.4,0.4,8.103127408401107,-8.103127408401107,0.12967147361957418,16.108006325424874,1.1170935387366643,53.557128724352005,15.21134137894313,0.24062978557467005,0.01981116386445652,47.32117565947753,5.3679464422502,0.20128783805630954,2.161061455510997,-37.59667938135372,0,0.5900607872678142,True,True
coarse,11,2.4,0.8,2.8800870034924655,-2.8800870034924655,0.30436974480360096,12.74730164073914,0.975224207109797,53.530474129070946,15.211599317070812,0.23696607894053096,0.01981116386445652,47.38072870688531,5.736554335313491,0.2144647813227915,2.0321726698909295,-32.350018527387434,0,0.34225933611223525,True,True
coarse,11,2.4,1.2,0.33507232704111783,0.33507232704111783,0.35286063247640187,9.344175388734357,0.8771404474739717,53.89613494505205,15.213174025920258,0.24178957191678954,0.01981116386445652,45.40622884327013,5.827843459337644,0.23651631958857341,2.191995050832966,-29.73778054069384,0,0.197169262963452,True,True
coarse,11,2.4,1.6,0.41837065746396274,-0.3555784660771713,0.3205139528770485,7.9907233248080844,0.8189829075909453,54.252398955268525,15.215063059977718,0.24661264420579274,0.01981116386445652,44.5776875232833,5.542089640414212,0.24546058087103367,2.2008363453087316,-30.97941064746612,0,0.18101845578597445,True,True
coarse,11,2.4,2.4,1.6749221347252585,-1.6749221347252585,0.10771606925726307,7.620198211475492,0.7815951584117906,54.93801418397001,15.217719219034112,0.25625752667987256,0.01981116386445652,48.44293400246792,5.0213282840941575,0.22421754635450958,1.7010019825640768,-29.84325319294806,0,0.18694793853202135,True,True
coarse,11,2.4,3.2,3.6739139245344257,3.6739139245344257,0.3979585253355207,7.158429621270713,0.9003965402447708,55.592007367827684,15.21830295591842,0.265900726277675,0.01981116386445652,46.53501780158704,5.346754114682277,0.27102755314700766,2.293901044340791,-27.38276833369238,0,0.3575512695065628,True,True
coarse,11,3.2,0.0,10.255119415244522,-10.255119415244522,1.0565225658796167,15.538092157860472,1.5075477114463733,59.59517675227911,15.217451146461785,0.26176211813881023,0.01981116386445652,48.7547198517386,5.02947773677988,0.3643943599139819,3.907169576686813,-40.02145294207688,0,0.9310038460876077,True,True
coarse,11,3.2,0.025,10.152648227439364,-10.152648227439364,0.955782141104741,15.534381685388258,1.4593767290962407,59.60885436696149,15.217264497973293,0.2620634146434507,0.01981116386445652,49.00562813143208,4.9142086059970005,0.33916370674732316,3.6637005886746588,-39.89151286890618,0,0.899877152344955,True,True
coarse,11,3.2,0.05,10.0333036292563,-10.0333036292563,0.8599114281755353,15.518583430373877,1.4130756836246392,59.62252869605385,15.217087474704277,0.2623647095052988,0.01981116386445652,49.24903566584926,4.803580764812101,0.31558809016825407,3.4367266787786948,-39.745172803142665,0,0.8690540390477988,True,True
coarse,11,3.2,0.1,9.747371913528344,-9.747371913528344,0.6824525140927745,15.452609991462248,1.3260295107669298,59.64986460803728,15.216761760185532,0.26296729429949633,0.01981116386445652,49.71241394448886,4.758637543237853,0.27328899432207293,3.0312131322543534,-39.407072149307915,0,0.8084206229972036,True,True
coarse,11,3.2,0.2,9.011758779885083,-9.011758779885083,0.38162391915221716,15.19656007155047,1.1734532012960337,59.70446636774071,15.216219452380967,0.2641724441713597,0.01981116386445652,50.54116591737207,4.951581247591238,0.20739268338491978,2.405317581928963,-38.577196298051156,0,0.6918059912951642,True,True
coarse,11,3.2,0.4,7.090831064349155,-7.090831064349155,0.05821197948606767,14.291145796828946,0.9579655648127282,59.81325415305983,15.215532928883043,0.26658266504815753,0.01981116386445652,51.79882763960321,5.321259625695815,0.1443197651920118,1.7943755258591196,-36.52753114723677,0,0.503840461833999,True,True
coarse,11,3.2,0.8,2.915307040350682,-2.915307040350682,0.4195849695524907,11.6056681851983,0.921417730858551,60.02834533294036,15.215403722732434,0.2714027913292206,0.01981116386445652,52.87861202197088,5.79320515525816,0.1589361149486622,1.8249408452062983,-32.418451784940586,0,0.3624313412244424,True,False
coarse,11,3.2,1.2,0.35204457971570513,-0.35204457971570513,0.47890750524630016,8.783901453398395,0.8971634868137409,60.23919880936462,15.216263295535498,0.2762224969718355,0.01981116386445652,52.679762670012224,5.869634020059043,0.16955721197312337,1.9336688689198744,-30.286965589310036,0,0.22518781817394398,True,False
coarse,11,3.2,1.6,0.281118348782495,-0.281118348782495,0.388842092231103,6.885096636551452,0.8513070205773505,60.44544361507348,15.21743830444309,0.28104178196506613,0.01981116386445652,52.465938656948985,5.607021719470174,0.15930590214638837,1.7877904076260758,-30.515469049473797,0,0.1825524912357664,True,False
coarse,11,3.2,2.4,0.4749447161767991,-0.316520671388992,0.056457314741645136,5.83427399791909,0.8258330677879944,60.84492102300555,15.219195790883003,0.2906790899622736,0.01981116386445652,54.322123010538284,5.628538460415719,0.12034740822607534,1.1680543776593268,-29.46004596103655,0,0.09997451885253114,True,False
coarse,11,3.2,3.2,1.7403281785675513,1.7403281785675513,0.45288685782930677,7.2225281641715995,1.6683967104319357,70.76188954056809,15.219534885333125,0.30031471523734515,0.019811163864460937,53.723976884433,5.9693860099598,0.15596643637244406,1.7587334040770108,-28.97401761837782,0,0.2876872422445188,True,False
coarse,22,0.0,0.0,29.859458046819945,29.859458046819945,15.393959199383684,29.859458046819945,15.393959199383684,29.85945804681995,15.393959199383685,0.14054195318004545,0.011908307615814826,0.14054195318004545,0.011908307615814826,13.019880677624835,53.99959379181918,-0.14054195318004545,0,5.841826800279432,True,True
coarse,22,0.0,0.025,22.40386752388032,22.40386752388032,9.078543007435194,25.678777520422393,11.758400454246383,29.859538724177785,15.394551194916822,0.14054195318004545,0.011908307615814826,8.03287664826011,1.6682988863015422,7.73688808497717,30.649181167079455,-8.03287664826011,0,3.795949667099576,True,True
coarse,22,0.0,0.05,17.2509799756971,17.2509799756971,5.27526794610438,22.37844963197248,9.177935518043364,29.859623309625913,15.39512019775552,0.14054195318004545,0.011908307615814826,13.310866136414013,2.663583419000927,4.490171750375268,16.48613799271414,-13.310866136414013,0,2.517819332212082,True,True
coarse,22,0.0,0.1,11.783247265829218,11.783247265829218,1.6406607354760425,17.929329561391537,5.951597131656164,29.859802633044755,15.39619181635743,0.14054195318004545,0.011908307615814826,18.661174096341647,3.6439844485475286,1.3749075545652971,4.283771014397164,-18.661174096341647,0,1.245986945983443,True,True
coarse,22,0.0,0.2,8.027641137016408,8.027641137016408,0.3794628046113579,13.481229335228747,3.231523619696334,29.86019205211273,15.398087319379828,0.14054195318004545,0.011908307615814826,22.259437314218363,4.248496732791686,0.8539542090204024,5.38413126681116,-22.259437314218363,0,0.6613940093216827,True,True
coarse,22,0.0,0.4,4.852411013168781,4.852411013168781,0.3634247230445911,9.648016061291958,1.8285347271014056,29.86103065753874,15.40102229934415,0.14054195318004545,0.011908307615814826,25.451908184230604,4.760308972388154,0.6145475376868152,3.90691062001378,-25.451908184230604,0,0.44375488368037613,True,True
coarse,22,0.0,0.8,2.6186675767994885,2.6186675767994885,0.3618363462514941,6.3407084535729625,1.1345516414721037,29.862630618662305,15.404390998921846,0.14054195318004545,0.011908307615814826,27.3963884868477,5.214466721923201,0.3205091954326577,2.2201294758564964,-27.3963884868477,0,0.292770128030206,True,True
coarse,22,0.0,1.2,2.8868391557533464,2.8868391557533464,0.2605062511895981,5.089274049120435,0.8760253108711378,29.86387398761669,15.40574210637215,0.14054195318004545,0.011908307615814826,27.00282287856122,5.142320480991653,0.2543112299345268,1.5829567355339655,-27.00282287856122,0,0.2661932767275923,True,True
coarse,22,0.0,1.6,3.124339986310235,3.124339986310235,0.18387091184687174,4.560304242923649,0.7238486225016134,29.86473560167896,15.406098449165329,0.14054195318004545,0.011908307615814826,26.89901132500944,4.9991318685558745,0.1965791017576147,1.227118097690474,-26.89901132500944,0,0.25201485450586814,True,True
coarse,22,0.0,2.4,2.6305893909553513,2.6305893909553513,0.21153641192608336,3.9549342632872304,0.5802983548831716,29.865674094374118,15.405821122640223,0.14054195318004545,0.011908307615814826,27.444631874149753,4.991971465838925,0.11244463743249607,1.0445841134335463,-27.444631874149753,0,0.22685335731947892,True,True
coarse,22,0.0,3.2,2.474480982539599,2.474480982539599,0.208378104192726,3.5760683776946065,0.5362178574599141,29.866076541671056,15.405414623742567,0.14054195318004545,0.011908307615814826,27.52093952071858,5.039467083562585,0.10092288924585795,0.9821616740006652,-27.52093952071858,0,0.21438087468634057,True,True
coarse,22,0.025,0.0,35.41146941058002,-35.41146941058002,8.780526136552401,20.351974708613227,11.529808803203718,36.93990430323459,15.395693497711427,0.14054195318004545,0.011908307615814826,67.25313163445024,4.972076174316896,7.855513089007938,40.173568251261585,-67.25313163445024,0,4.323700362585344,True,True
coarse,22,0.025,0.025,29.345850266637928,-29.345850266637928,5.080350973054818,18.02759763087382,9.006277989409417,30.354045419163672,15.396165764096512,0.14054195318004545,0.011908307615814826,60.55554556482681,5.120916804814464,4.80300162065579,24.765630250022795,-60.55554556482681,0,3.034771641908592,True,True
coarse,22,0.025,0.05,23.933711121578632,-23.933711121578632,2.7916208730443257,15.817164717798525,7.155736966304031,29.87104617844823,15.396622378403865,0.14054195318004545,0.011908307615814826,54.673021944551046,5.1451791348601565,2.839996685063693,14.807341908110596,-54.673021944551046,0,2.143324286960622,True,True
coarse,22,0.025,0.1,15.754195538172699,-15.754195538172699,0.5896986834987981,12.118490434743123,4.758306916208793,29.871087353966853,15.397489752170875,0.14054195318004545,0.011908307615814826,45.99592282730619,5.040209205735842,0.8664305221319566,5.074704124518744,-45.99592282730619,0,1.1138719810828082,True,True
coarse,22,0.025,0.2,7.341334934015164,-7.341334934015164,0.46047864737428623,7.465947218241847,2.7736498686761735,29.871215274376084,15.399049342528478,0.14054195318004545,0.011908307615814826,37.43095873662979,4.833973881745266,0.6942578657930331,4.01267419674395,-37.43095873662979,0,0.5897237116485702,True,True
coarse,22,0.025,0.4,2.63547491027001,-2.63547491027001,0.2794214296581317,3.907582796773512,1.6809506414473805,29.87158503590501,15.4015382291855,0.14054195318004545,0.011908307615814826,32.78997853230215,4.934614269823936,0.6039638704722353,3.3297018445367996,-32.78997853230215,0,0.26165880665028624,True,True
coarse,22,0.025,0.8,0.6523737004949324,-0.6523737004949324,0.18383280791295367,2.914126444415784,1.01293242898147,29.87242942130966,15.404552236209035,0.14054195318004545,0.011908307615814826,30.615540693479048,5.295941197474713,0.30314904104113877,1.9307739450910144,-30.615540693479048,0,0.11941245751987262,True,True
coarse,22,0.025,1.2,0.7161689642697662,0.7161689642697662,0.1606825750989343,2.6071073651169394,0.782834008927444,29.873105683353177,15.405860443827892,0.14054195318004545,0.011908307615814826,29.173763112141724,5.246929335246824,0.20550233521644254,1.4142753791581875,-29.173763112141724,0,0.11049639207216116,True,True
coarse,22,0.025,1.6,1.4414445913065577,1.4414445913065577,0.10740752680063044,2.723595330663342,0.651801145717142,29.87353666268101,15.40626047575667,0.14054195318004545,0.011908307615814826,28.579317304433854,5.092639691630879,0.16187020371463426,1.1270722283693009,-28.579317304433854,0,0.13227108453926728,True,True
coarse,22,0.025,2.4,1.466602713175108,1.466602713175108,0.14452881239116727,2.7374883441148965,0.5263403249466219,29.873878144751405,15.40607237325787,0.14054195318004545,0.011908307615814826,28.613091530185493,5.044496193721802,0.10096850911439273,0.958119174972509,-28.613091530185493,0,0.1408750737311423,True,True
coarse,22,0.025,3.2,1.5624137119184915,1.5624137119184915,0.15920894766342442,2.6592424782583306,0.49368042914076626,29.873890600133965,15.405707352817958,0.14054195318004545,0.011908307615814826,28.436591484086364,5.081857697051812,0.08828407645787731,0.9198145625805125,-28.436591484086364,0,0.14814995017603746,True,True
coarse,22,0.05,0.0,50.12244200482925,-50.12244200482925,5.349236079776538,33.269046592592055,9.007910886379197,50.94318608841284,15.39724346079745,0.14054195318004545,0.011908307615814826,81.10733532971831,7.405990750092145,5.07739128304532,32.153899022428384,-81.10733532971831,0,4.26786126150261,True,True
coarse,22,0.05,0.025,43.41495698464094,-43.41495698464094,3.1468142096945106,30.007563402158315,7.202407608796402,43.89173648938843,15.397611005587294,0.14054195318004545,0.011908307615814826,73.98204424815428,6.917955614023703,3.2660005142603494,21.560667556098586,-73.98204424815428,0,3.3252008288435366,True,True
coarse,22,0.05,0.05,37.42626599674086,-37.42626599674086,1.815665521124793,26.96633345339502,5.853818710208561,37.65764354418982,15.397969230974393,0.14054195318004545,0.011908307615814826,67.69684312781665,6.497395941138126,2.0387508622674337,14.308627524632143,-67.69684312781665,0,2.6455997580829473,True,True
coarse,22,0.05,0.1,27.891898141270737,-27.891898141270737,0.8522361235385508,21.755816236361028,4.122640478100429,29.881186711200908,15.39865756173952,0.14054195318004545,0.011908307615814826,57.86648468406078,5.864409308747464,0.7457666260695506,6.602046204845055,-57.86648468406078,0,1.8563158130894253,True,True
coarse,22,0.05,0.2,16.693312779234727,-16.693312779234727,0.8082351977443489,14.626006093344438,2.6625953308631614,29.881183004799336,15.399921891835339,0.14054195318004545,0.011908307615814826,46.63131565617416,5.225125662849147,0.6365444460780025,4.043794180753533,-46.63131565617416,0,1.2021142821636541,True,True
coarse,22,0.05,0.4,8.27767736607322,-8.27767736607322,0.44898319632958544,7.91878257374191,1.6744771116343309,29.881289239243195,15.402016530145199,0.14054195318004545,0.011908307615814826,38.29141443278924,5.0581822296798755,0.619644578119289,3.2620985792218073,-38.29141443278924,0,0.6194802592854479,True,True
coarse,22,0.05,0.8,3.2725963094261727,-3.2725963094261727,0.07363256326116471,3.679725189930319,0.9597922279152321,29.881635638907802,15.40471363211751,0.14054195318004545,0.011908307615814826,33.14271284799311,5.355750409030225,0.32540420206076937,1.8239788503223078,-33.14271284799311,0,0.22838521241045104,True,True
coarse,22,0.05,1.2,0.968733978771659,-0.968733978771659,0.08167061343245358,2.3417608482233563,0.7133286414742078,29.88188037071094,15.40598266205278,0.14054195318004545,0.011908307615814826,30.819857409323454,5.334911919135655,0.1834849502712486,1.3086313721192413,-30.819857409323454,0,0.10002472278800549,True,True
coarse,22,0.05,1.6,0.1399383215672146,0.1399383215672146,0.05546869882065427,1.6244431905562506,0.5946218354911047,29.881952300010045,15.406422779625661,0.14054195318004545,0.011908307615814826,29.857281075144375,5.174181713718487,0.1347871521576115,1.0620103073002531,-29.857281075144375,0,0.044117160435073195,True,True
coarse,22,0.05,2.4,0.5387469454754554,0.5387469454754554,0.08958283028789775,1.6617571712511292,0.48047494914223626,29.881757096674274,15.406318737489178,0.14054195318004545,0.011908307615814826,29.534048992132817,5.087595155736686,0.09298731823855344,0.8974822260439247,-29.534048992132817,0,0.07103192913464121,True,True
coarse,22,0.05,3.2,0.8203842215843844,0.8203842215843844,0.11864908887894032,1.8437669921358542,0.45667271790191827,29.881401915132034,15.405993750462788,0.14054195318004545,0.011908307615814826,29.17208928270537,5.116875311109558,0.07966756804903515,0.8733762157577971,-29.17208928270537,0,0.09350818074815696,True,True
coarse,22,0.1,0.0,57.09933138522562,-57.09933138522562,3.2835283471901335,44.45725839944332,6.381600834226028,57.36508414470075,15.39986873934055,0.14054195318004545,0.011908307615814826,87.41338512590275,8.889209802388915,2.8240668840372165,23.449187719481234,-87.41338512590275,0,4.150600332822575,True,True
coarse,22,0.1,0.025,51.10823924442996,-51.10823924442996,2.4876223775400765,41.13044251732335,5.402870914868581,51.12767015827529,15.400065396388552,0.14054195318004545,0.011908307615814826,81.11833506521617,8.12980831550682,2.07156759545611,17.81377611151757,-81.11833506521617,0,3.6083534487421947,True,True
coarse,22,0.1,0.05,45.88874456620031,-45.88874456620031,2.025707132328603,38.06542768262218,4.6586389582123084,46.06903962766445,15.400262818928296,0.14054195318004545,0.011908307615814826,75.71377161603928,7.50152523426188,1.494132839531378,13.563121605078484,-75.71377161603928,0,3.194197460352127,True,True
coarse,22,0.1,0.1,37.473110840766154,-37.473110840766154,1.6188063042269725,32.715457141834506,3.6632344508345396,38.44683165250142,15.400657850030086,0.14054195318004545,0.011908307615814826,67.15163247164605,6.584923377975656,0.8082928025631271,8.38907726206344,-67.15163247164605,0,2.6108426996827983,True,True
coarse,22,0.1,0.2,26.520466220358593,-26.520466220358593,1.283955836639628,24.73703436823056,2.653530681732645,29.898359285933974,15.401436246870775,0.14054195318004545,0.011908307615814826,56.235089399000636,5.638101033038538,0.6466220366960792,5.242385250133362,-56.235089399000636,0,1.8965125677191803,True,True
coarse,22,0.1,0.4,15.799466326090473,-15.799466326090473,0.792371046194401,15.647202534590496,1.7805557485742227,29.898434067996405,15.402875977351327,0.14054195318004545,0.011908307615814826,45.55998910626451,5.191793065853422,0.6775812000769676,3.869122805161355,-45.55998910626451,0,1.147553480487362,True,True
coarse,22,0.1,0.8,7.024690119472146,-7.024690119472146,0.23840067293681932,8.017575842716477,1.0407044512945904,29.89842066665536,15.405036822291029,0.14054195318004545,0.011908307615814826,36.62814627097227,5.42374454108479,0.4163396467100869,2.0663801802861124,-36.62814627097227,0,0.49465278092480547,True,True
coarse,22,0.1,1.2,3.182605547964956,-3.182605547964956,0.0571950805927838,4.7330782481651,0.6965369034136313,29.89814795749197,15.406236857952619,0.14054195318004545,0.011908307615814826,32.867839608887664,5.4679860526512805,0.21476959095450643,1.30900101739,-32.867839608887664,0,0.22425268823235603,True,True
coarse,22,0.1,1.6,1.525218189915908,-1.525218189915908,0.06270072948966746,2.989171372274309,0.5411519856790276,29.897689937772135,15.406747336237498,0.14054195318004545,0.011908307615814826,31.430627086559344,5.305613352767487,0.11498890518660194,1.0273084333539058,-31.430627086559344,0,0.12568820601100517,True,True
coarse,22,0.1,2.4,0.7301098836799771,-0.7301098836799771,0.017352258673319694,1.52773833591563,0.4204606123280358,29.896585785208767,15.406797140671594,0.14054195318004545,0.011908307615814826,30.76985153163206,5.148793596161784,0.08268218841492615,0.8358355563505888,-30.76985153163206,0,0.06044498309489425,True,True
coarse,22,0.1,3.2,0.23938450885180326,-0.23938450885180326,0.05849577646222218,0.9459973552264097,0.39887110950505517,29.895558339838036,15.406548021878322,0.14054195318004545,0.011908307615814826,30.197941528131643,5.167294737119009,0.07122052787316471,0.8158587514601144,-30.197941528131643,0,0.04099398264099741,True,True
coarse,22,0.2,0.0,56.66016368059727,-56.66016368059727,2.740302853628111,51.24086372145511,4.676655749130897,58.36411771704649,15.403662717236145,0.14054195318004545,0.011908307615814826,85.81791061779236,8.187690394173842,1.688590699870756,15.392217798976947,-85.81791061779236,0,4.0215070387289344,True,True
coarse,22,0.2,0.025,51.76898370985741,-51.76898370985741,2.4563894231763017,48.2599667180268,4.248120252744501,54.606226969011516,15.403635162470493,0.14054195318004545,0.011908307615814826,80.80848248097706,7.714672231361251,1.4051649207632977,13.213703959529202,-80.80848248097706,0,3.6741266602238443,True,True
coarse,22,0.2,0.05,47.666169898657145,-47.666169898657145,2.244290187500082,45.581192212739595,3.8952155004499907,51.48804603028668,15.403620741681046,0.14054195318004545,0.011908307615814826,76.66395911851599,7.288653377076078,1.1596143638805074,11.37688760054753,-76.66395911851599,0,3.3878716223462306,True,True
coarse,22,0.2,0.1,41.18988999798002,-41.18988999798002,1.955590478736602,40.96212552615627,3.3592311712459493,46.40155413352505,15.40362702439147,0.14054195318004545,0.011908307615814826,70.21450842285873,6.593439730613654,0.8270284764832644,8.776631448930257,-70.21450842285873,0,2.9446325638574264,True,True
coarse,22,0.2,0.2,32.48088917021734,-32.48088917021734,1.6071612986214692,33.87199655853842,2.688089103576676,38.76195214245167,15.403753553691482,0.14054195318004545,0.011908307615814826,61.65751926481089,5.735077228541696,0.7017622884566814,6.57827830898127,-61.65751926481089,0,2.352024445722301,True,True
coarse,22,0.2,0.4,22.277029629175473,-22.277029629175473,1.1309029609074193,24.628017967222398,1.9707341499265603,29.92533621400681,15.40429371727686,0.14054195318004545,0.011908307615814826,51.505169329181626,5.190512854564068,0.7678237816113385,5.17786775912539,-51.505169329181626,0,1.634012243143308,True,True
coarse,22,0.2,0.8,10.341718263779518,-10.341718263779518,0.5041703492970823,14.46353468052708,1.2414226711946377,29.926390359788215,15.405683269213839,0.14054195318004545,0.011908307615814826,39.224003993363176,5.429972962464199,0.581179378412475,3.1027042031090275,-39.224003993363176,0,0.7839426403541524,True,True
coarse,22,0.2,1.2,4.277265937274917,-4.277265937274917,0.18637130117712625,9.046890067086744,0.848481767876204,29.92611695033175,15.406773088779913,0.14054195318004545,0.011908307615814826,33.431868352505,5.610198434883975,0.36415600002529064,1.8992037617933808,-33.431868352505,0,0.3497109538915314,True,True
coarse,22,0.2,1.6,2.1139789545580356,-2.1139789545580356,0.10736480474266145,6.075542780447402,0.6301912448713105,29.92519514113049,15.407391154380015,0.14054195318004545,0.011908307615814826,31.772512565927162,5.472597923378923,0.19708768753373723,1.2984831830314196,-31.772512565927162,0,0.19346691464721885,True,True
coarse,22,0.2,2.4,1.590736160437319,-1.590736160437319,0.07836317466871173,3.3889671996724475,0.4427405101259648,29.922828689027963,15.407698935716116,0.14054195318004545,0.011908307615814826,31.572169445852015,5.195064854157878,0.07976679720919166,0.8721795789079237,-31.572169445852015,0,0.1346033170805294,True,True
coarse,22,0.2,3.2,1.152317598934892,-1.152317598934892,0.02524001135792738,2.1658950786886395,0.378424756782631,29.92068237035555,15.407585700491538,0.14054195318004545,0.011908307615814826,31.012519430455225,5.208551608751827,0.0709006606215225,0.7878736872981876,-31.012519430455225,0,0.08815841950050482,True,True
coarse,22,0.4,0.0,33.57825942191831,-33.57825942191831,1.7482676562500674,47.925088626106685,3.4392586596256556,58.74275958016806,15.407799876525994,0.14054195318004545,0.011908307615814826,59.84955978119312,6.258498838651027,1.0300790514787492,8.993401887485948,-59.84955978119312,0,2.5715526606313093,True,True
coarse,22,0.4,0.025,32.740699621640125,-32.740699621640125,1.689041442140217,46.173600632777806,3.2793048823271285,56.73404681058027,15.407595899973147,0.14054195318004545,0.011908307615814826,59.50688141234362,6.103760224489865,0.9128567762907555,8.339414215449224,-59.50688141234362,0,2.497658760000129,True,True
coarse,22,0.4,0.05,31.79149196906949,-31.79149196906949,1.6383273897276525,44.53836457185025,3.1370422008343883,54.93774914303922,15.407412246042027,0.14054195318004545,0.011908307615814826,58.919075994242405,5.943505674739787,0.8131739179591179,7.782825600714934,-58.919075994242405,0,2.4215683434748976,True,True
coarse,22,0.4,0.1,29.835516105409596,-29.835516105409596,1.552297611661176,41.59155828870147,2.895535325607268,51.807614846721336,15.407101053167077,0.14054195318004545,0.011908307615814826,57.44834578824259,5.636026458865299,0.6837097134758442,6.994007218095385,-57.44834578824259,0,2.273759195977359,True,True
coarse,22,0.4,0.2,26.280003706971335,-26.280003706971335,1.4004987399706992,36.75425889787289,2.5308325848103754,46.73261905465133,15.40667230321807,0.14054195318004545,0.011908307615814826,54.39019354717663,5.171746394258571,0.6630339782806776,6.364037904276013,-54.39019354717663,0,2.0117638347648614,True,True
coarse,22,0.4,0.4,20.16641798016365,-20.16641798016365,1.1014438746802306,29.64733179995485,2.040777036182297,39.13608632831365,15.406384164916975,0.14054195318004545,0.011908307615814826,48.418298622121526,4.867943822533509,0.7654717955114917,5.834673644179693,-48.418298622121526,0,1.5640889960141757,True,True
coarse,22,0.4,0.8,7.8200413826313575,-7.8200413826313575,0.6027666766386051,19.497871473108233,1.4300653162122667,29.965535207673895,15.40695812975411,0.14054195318004545,0.011908307615814826,35.99034073774049,5.292583503811947,0.7033344681708135,4.385299851463666,-35.494686527771776,0,0.727543080897387,True,True
coarse,22,0.4,1.2,0.773253560192013,0.121257791911984,0.27146143616964447,12.59007979915576,1.0375474453763265,29.96748895499531,15.407891072358376,0.14054195318004545,0.011908307615814826,29.435554756719213,5.678612832417125,0.5664407056723655,3.2929570302830884,-28.331406081223392,0,0.22839875834197523,True,True
coarse,22,0.4,1.6,1.7266059477590794,1.7266059477590794,0.06773038682257701,8.940338101566258,0.770690777286915,29.967112884512854,15.408629489307865,0.14054195318004545,0.011908307615814826,27.94960106912938,5.615282697590341,0.40709815241919634,2.4226599166221776,-27.94960106912938,0,0.19035869816362613,True,True
coarse,22,0.4,2.4,0.6252663909186607,-0.6252663909186607,0.07824997043994293,5.12613371745576,0.5222795859331674,29.963798026247062,15.409300096646373,0.14054195318004545,0.011908307615814826,30.885283164573814,5.134471130568363,0.17729372905826143,1.3327056072693098,-30.885283164573814,0,0.10207757329702341,True,True
coarse,22,0.4,3.2,1.0133712821824319,-1.0133712821824319,0.06385910247935589,3.8123517771930127,0.4465752790861828,29.960134059487327,15.40940243591002,0.14054195318004545,0.011908307615814826,30.754280040780944,5.178409466230207,0.09174020320122031,0.8861357218271262,-30.754280040780944,0,0.10569991955665042,True,True
coarse,22,0.8,0.0,12.72682892851085,-12.72682892851085,1.2341045966053197,32.186609657415275,2.4495811483659886,59.221401408938966,15.411058035101604,0.14054195318004545,0.011908307615814826,42.75272750884739,4.799828536755333,0.6508447427214458,5.6797580839806425,-42.75272750884739,0,1.253115178479614,True,True
coarse,22,0.8,0.025,13.25488159119104,-13.25488159119104,1.176232446544469,32.01326462766584,2.3868368900121646,58.17354336945436,15.410854934424576,0.14054195318004545,0.011908307615814826,43.21758454091844,4.72866566966827,0.5997532519357384,5.399276949836201,-43.21758454091844,0,1.2625799992041944,True,True
coarse,22,0.8,0.05,13.62232857588651,-13.62232857588651,1.1222998535185753,31.770129558987115,2.3281194790732904,57.17415547905803,15.410666424808031,0.14054195318004545,0.011908307615814826,43.52652535207689,4.660588724794472,0.557309222569103,5.16941096015797,-43.52652535207689,0,1.264483639790909,True,True
coarse,22,0.8,0.1,13.982256041961765,-13.982256041961765,1.0246718693140784,31.137270239012047,2.221125466596844,55.367322433284684,15.410330735898894,0.14054195318004545,0.011908307615814826,43.77927412193904,4.541753067814763,0.5012531416127103,4.8544149922972775,-43.77927412193904,0,1.251050921199369,True,True
coarse,22,0.8,0.2,13.715842162577214,-13.715842162577214,0.8604347391548336,29.566410183046322,2.039140614363552,52.25459759505391,15.409808498214606,0.14054195318004545,0.011908307615814826,43.31329098498437,4.403952586973672,0.48514249707155976,4.627685358381028,-43.31329098498437,0,1.180606835527327,True,True
coarse,22,0.8,0.4,10.993902191283102,-10.993902191283102,0.6135849855939772,26.086695038119444,1.7549126498130616,47.25039731074741,15.409244552800535,0.14054195318004545,0.011908307615814826,43.01113233287244,4.503427652103029,0.5526975976190226,4.5413897584807295,-40.13704726737994,0,0.9491555245779106,True,True
coarse,22,0.8,0.8,1.1948507948298697,-1.184376138273112,0.33586678538179265,18.738735840487713,1.3570362800501872,39.8290399519698,15.409307882680107,0.14054195318004545,0.011908307615814826,42.68026662711771,5.233141019322163,0.6039884265785264,4.268217945945098,-29.709704957251425,0,0.3220391635166626,True,True
coarse,22,0.8,1.2,5.845935755214504,5.845935755214504,0.26841987669414713,14.647594965237886,1.095033992494395,34.392337546293895,15.410028615462895,0.14054195318004545,0.011908307615814826,37.58912390354088,5.7689690924979145,0.6136698682254257,4.17484924997139,-23.750923899960174,0,0.4993577606069044,True,True
coarse,22,0.8,1.6,5.657878902478362,5.657878902478362,0.2684495778305561,12.350542243785766,0.9122788912619366,30.127381788119795,15.410808260414532,0.14054195318004545,0.011908307615814826,30.626819978985424,5.750061438644651,0.5715013605824448,3.844950586562444,-25.56032530682678,0,0.4678340427775159,True,True
coarse,22,0.8,2.4,1.4204528899236222,-1.4204528899236222,0.15734029202337982,8.067059164866876,0.6639601236421205,30.01306603221196,15.411822238793382,0.14054195318004545,0.011908307615814826,32.68577907829053,4.9315599909843515,0.41701022812821276,2.621595206559447,-32.68577907829053,0,0.18843223217072258,True,True
coarse,22,0.8,3.2,1.486765654585309,-1.486765654585309,0.07348598639784056,5.624821812783548,0.5322587341136403,30.00817905744906,15.412181993439217,0.14054195318004545,0.011908307615814826,30.569131098586748,5.128715589570791,0.21714968083403763,1.3838007356973834,-30.569131098586748,0,0.1482803325743669,True,True
coarse,22,1.2,0.0,12.938463880313495,-12.938463880313495,1.3331532663873338,25.49494391671346,2.099058724741358,59.62159045139408,15.412792590974881,0.14054195318004545,0.011908307615814826,43.81956645001028,4.070264826733689,0.5185934720258795,5.042958923231504,-42.99502363883503,0,1.2269677217606327,True,True
coarse,22,1.2,0.025,13.128091855606556,-13.128091855606556,1.2485541384471972,25.514381132875375,2.0469622046469063,58.91752653669252,15.41264552202462,0.14054195318004545,0.011908307615814826,43.75965492504768,4.037536166651124,0.485640951546943,4.803589150218499,-43.16539510079195,0,1.2146100650132603,True,True
coarse,22,1.2,0.05,13.237044399077075,-13.237044399077075,1.1684508734972776,25.484625182931577,1.9973266410830306,58.22369935783782,15.412507153961194,0.14054195318004545,0.011908307615814826,43.727716906284016,4.012243717880604,0.4574468901406793,4.5944280285719685,-43.25120521650439,0,1.1989728710794498,True,True
coarse,22,1.2,0.1,13.250398529204883,-13.250398529204883,1.0214252104426627,25.303751464962023,1.904969322019479,56.935541854067125,15.412255621529722,0.14054195318004545,0.011908307615814826,43.73920542998317,3.986075981582017,0.4159302865314583,4.261660551968514,-43.20870654696825,0,1.1598677743184607,True,True
coarse,22,1.2,0.2,12.662010687198125,-12.662010687198125,0.77607792195027,24.597928507457546,1.7443963616001192,54.64834868118268,15.411846962612689,0.14054195318004545,0.011908307615814826,43.97641237019126,4.031360874488831,0.38412896536195196,3.862486702431414,-42.48069996030326,0,1.0606059609324978,True,True
coarse,22,1.2,0.4,9.918302498380068,-9.918302498380068,0.44449331775846934,22.443134661389543,1.496211128692916,50.88538352441823,15.41135570949045,0.14054195318004545,0.011908307615814826,44.837281076281144,4.390852260680219,0.4039607813523748,3.532672788198526,-39.39720377399317,0,0.8185124707965551,True,True
coarse,22,1.2,0.8,1.5381067343015253,-1.5381067343015253,0.22070725595022553,16.848403753182698,1.1855516260132852,45.212118582583244,15.411291098834457,0.14054195318004545,0.011908307615814826,44.59166316854615,5.295741168082056,0.45673719930931866,3.4133772894255068,-30.68675440683579,0,0.29185727390747673,True,True
coarse,22,1.2,1.2,4.317209646652794,4.317209646652794,0.28924752427445893,13.66545252069336,1.0209787699696655,40.99634276463977,15.411852892189543,0.14054195318004545,0.011908307615814826,40.66068365209593,5.842436008553417,0.4999288391270353,3.657722739077852,-25.81184065726256,0,0.4187337940470597,True,True
coarse,22,1.2,1.6,3.707053912634572,3.707053912634572,0.3657405832378699,12.319153630496572,0.9222268047483759,37.802413526330994,15.412566381469073,0.14054195318004545,0.011908307615814826,34.93046097234375,5.783730120053876,0.5134568614196655,3.742998376427191,-27.954949429014345,0,0.3945165204657325,True,True
coarse,22,1.2,2.4,4.254623424487104,-4.254623424487104,0.2686593116066851,9.566651813338622,0.779046300687136,38.424114603026844,15.413651131515033,0.14054195318004545,0.011908307615814826,35.03472591979036,4.818014943598828,0.4884471231130643,3.142692988175083,-35.03472591979036,0,0.3723476122876251,True,True
coarse,22,1.2,3.2,1.5200049423429816,-1.3138346612252894,0.13725647744394004,7.3545414301014915,0.6707962767138451,40.468073521058535,15.41411349937054,0.14054195318004545,0.011908307615814826,33.85274354497034,5.199027757133262,0.32970081785563865,2.0109598760149074,-28.81611469830928,0,0.18256293520469627,True,True
coarse,22,1.6,0.0,12.415068795460673,-12.415068795460673,1.482840087570387,22.099460910777054,1.9642392302703002,60.01560680523194,15.4141879247988,0.14054195318004545,0.011908307615814826,45.76713732542914,4.190936561369434,0.44126918021948364,4.776707918874506,-42.23540349454649,0,1.2077210481814245,True,False
coarse,22,1.6,0.025,12.512098083763012,-12.512098083763012,1.388346896828948,22.14657300950966,1.9125960271899067,59.471669281249696,15.414077592555294,0.14054195318004545,0.011908307615814826,45.77869447170473,4.057912738339301,0.41754946620046784,4.561430671564727,-42.315799318086086,0,1.1884979725463654,True,True
coarse,22,1.6,0.05,12.551827050753161,-12.551827050753161,1.298535919514954,22.158110178336717,1.8630468102891355,58.933324012458705,15.413972890288505,0.14054195318004545,0.011908307615814826,45.80302759919063,3.9297305176132933,0.3968637003355907,4.366927194404551,-42.33649997340035,0,1.1673181919137963,True,True
coarse,22,1.6,0.1,12.480338453207583,-12.480338453207583,1.1329186973960426,22.088301216989127,1.7700698427338692,57.87357179057375,15.413780055954415,0.14054195318004545,0.011908307615814826,45.88455616137693,3.6882401011523824,0.36457676974356784,4.036343358430475,-42.22088183466888,0,1.1202384836662251,True,True
coarse,22,1.6,0.2,11.85734022154004,-11.85734022154004,0.8554136948727018,21.658296493687516,1.6069609047944122,56.08337489281649,15.413458104691506,0.14054195318004545,0.011908307615814826,46.131492019215166,3.7755771915559113,0.3313016551774108,3.5665928470347295,-41.49224837025222,0,1.013463770033332,True,True
coarse,22,1.6,0.4,9.347894326987346,-9.347894326987346,0.48639296699240236,20.066386653297485,1.3574132641214174,53.02679479655414,15.413045052538282,0.14054195318004545,0.011908307615814826,46.5979460279433,4.329369556907517,0.3270219906404902,3.0646988399892345,-38.74831497025925,0,0.7783928021710486,True,True
coarse,22,1.6,0.8,2.3030041401389454,-2.3030041401389454,0.27336092169012033,15.519861832056964,1.0744166713907901,48.55343949845909,15.412926071304764,0.14054195318004545,0.011908307615814826,46.25863098994887,5.328267550211856,0.35769543459111885,2.8112391160225028,-31.572740291283946,0,0.3303784473271872,True,True
coarse,22,1.6,1.2,2.5090125128197838,2.5090125128197838,0.3308957513172569,12.177314219549594,0.9510746581122334,45.22764932601162,15.413355324293953,0.14054195318004545,0.011908307615814826,43.19156157295302,5.839590794092505,0.38701852605035514,2.9869450519213556,-27.609184787634195,0,0.3251926175566192,True,True
coarse,22,1.6,1.6,1.9057876337873914,1.9057876337873914,0.3882547198853632,11.11309288260102,0.8856949502164984,45.38412177277767,15.413967407113544,0.14054195318004545,0.011908307615814826,38.892357998843785,5.733113738064974,0.40241739102845847,3.115621089505555,-29.466052706665707,0,0.29943430872513876,True,True
coarse,22,1.6,2.4,4.8234497600283905,-4.8234497600283905,0.27037332054910657,9.702815485451982,0.8263586635720672,46.886849628112664,15.414992154264178,0.14054195318004545,0.011908307615814826,38.45956874760022,4.802875677401896,0.43331402194406354,2.876609366193225,-34.372564798556134,0,0.4031252063928233,True,True
coarse,22,1.6,3.2,1.6289789826008367,0.8621831625650239,0.20029635516428593,8.117679744020112,0.7666641128223677,48.298652626814686,15.415467081298237,0.14054195318004545,0.011908307615814826,39.70301736106504,5.302257252080727,0.361977924673827,2.3378468183071215,-26.304964336937633,0,0.2116975605072673,True,True
coarse,22,2.4,0.0,10.61350531030573,-10.61350531030573,1.6139239755331793,18.240625620515523,1.8808594701058272,60.73308817053314,15.41643747326428,0.14054195318004545,0.011908307615814826,49.21621296646465,4.7455644682448535,0.34692090557944266,4.414317772956808,-40.25379632544151,0,1.1168944707804234,True,False
coarse,22,2.4,0.025,10.60689508611809,-10.60689508611809,1.5215546108608007,18.273737381544997,1.8293431793388089,60.34676018754733,15.41636307605032,0.14054195318004545,0.011908307615814826,49.191840879667716,4.6207216605185515,0.3315570317749182,4.224131843675272,-40.23216742238927,0,1.0929057802878819,True,False
coarse,22,2.4,0.05,10.567953683904314,-10.567953683904314,1.433658176202796,18.285469786483354,1.779688649505721,59.9628253626128,15.41629173941296,0.14054195318004545,0.011908307615814826,49.20436365838167,4.499470525210369,0.3177542384812088,4.047042134240044,-40.177421821774416,0,1.0682710230271604,True,True
coarse,22,2.4,0.1,10.402125795178556,-10.402125795178556,1.2711806027649182,18.25046361840839,1.6859243124893528,59.20237192555182,15.416158197269988,0.14054195318004545,0.011908307615814826,49.31912974939773,4.267910948954157,0.29469929769696296,3.7301828785617026,-39.97815870294048,0,1.0175364201540402,True,True
coarse,22,2.4,0.2,9.777406946169751,-9.777406946169751,0.9974837167376951,17.982744075682195,1.519861165172683,57.75605998708916,15.415927054521857,0.14054195318004545,0.011908307615814826,49.53651022131156,3.848318369268386,0.264645487517012,3.2280250646233695,-39.28302918498219,0,0.9129318098878558,True,True
coarse,22,2.4,0.4,7.736684715631954,-7.736684715631954,0.6299476347539352,16.8850649064758,1.2647522470664232,55.64655886049098,15.415601046209593,0.14054195318004545,0.011908307615814826,49.79850124733517,4.392593057485386,0.2447415358967834,2.605857504916319,-37.11718042093761,0,0.7056959050806875,True,True
coarse,22,2.4,0.8,2.6494493409237867,-2.6494493409237867,0.3858742620395982,13.570916063383658,0.9863160660581022,55.08390175449485,15.415405042920554,0.14054195318004545,0.011908307615814826,49.14545783336635,5.37664729733514,0.24910370239244717,2.181857354357597,-32.06586927388679,0,0.3581482753401374,True,True
coarse,22,2.4,1.2,0.7146633716436197,0.7146633716436197,0.3854860860992082,10.362857015230224,0.8887818799401102,55.51327094403037,15.41561626636862,0.14054195318004545,0.011908307615814826,46.96048049078578,5.769422529093009,0.24736687101597804,2.1420898309946304,-29.288881430322473,0,0.23298441163815173,True,True
coarse,22,2.4,1.6,0.5642172775387452,0.5642172775387452,0.37983174584252677,8.955775347822403,0.8629949169936634,55.931390048407955,15.416010815549885,0.14054195318004545,0.011908307615814826,44.65525564596723,5.609296074020235,0.2376080129291099,2.087290778317303,-30.110981273483986,0,0.21190148570330572,True,True
coarse,22,2.4,2.4,2.371177133107198,-2.371177133107198,0.1524995226604948,8.16152710776404,0.8337212639925273,56.73637218422915,15.416772146853086,0.14054195318004545,0.011908307615814826,47.727679000392214,4.942566997437535,0.2542751229947109,1.769215973189312,-31.146761495981906,0,0.2383193596889834,True,True
coarse,22,2.4,3.2,2.994483709939907,2.994483709939907,0.24914326542345755,7.683370850953031,0.9138390502276506,57.50269359688304,15.417151288792713,0.14054195318004545,0.011908307615814826,48.21333242923722,5.446898270862673,0.27780872067756057,2.0769897269463495,-26.208461626249253,0,0.2909701029021031,True,True
coarse,22,3.2,0.0,8.713964255354227,-8.713964255354227,1.5504091212691438,15.797069716025021,1.8491893191226971,61.41504210311831,15.4181453701971,0.14054195318004545,0.011908307615814826,52.19626921593345,5.128704660411102,0.2871522371054262,3.999126181704825,-38.21858363666109,0,0.98515825246891,True,False
coarse,22,3.2,0.025,8.671013607453007,-8.671013607453007,1.4686977977149014,15.809492309295155,1.8004631418046486,61.10951754832839,15.418086369026001,0.14054195318004545,0.011908307615814826,52.14339414292349,5.015838032431907,0.27515462217931336,3.829593212070018,-38.16912194963204,0,0.961890231427931,True,False
coarse,22,3.2,0.05,8.607832014610128,-8.607832014610128,1.390791606215236,15.80762641824299,1.7534337533237028,60.81023898365565,15.418029366658764,0.14054195318004545,0.011908307615814826,52.08855744039315,4.905530823368814,0.264135748146724,3.6696428921801556,-38.09914771837829,0,0.938470600758623,True,False
coarse,22,3.2,0.1,8.425689609090927,-8.425689609090927,1.2462436111062174,15.764055740789843,1.6644319819479456,60.59516505167104,15.417921349725813,0.14054195318004545,0.011908307615814826,52.149199122339155,4.692733402992831,0.24495608533966787,3.3774832866853863,-37.902837166196846,0,0.8914091154165708,True,False
coarse,22,3.2,0.2,7.872055752303957,-7.872055752303957,1.000420566674794,15.537770808035564,1.5061368484553928,60.66398181245647,15.417729072295513,0.14054195318004545,0.011908307615814826,52.541163193819756,4.29866723909315,0.21703477958415446,2.89530249278407,-37.32072443890665,0,0.79779943190732,True,False
coarse,22,3.2,0.4,6.252115911064551,-6.252115911064551,0.66200475140538,14.669036019432493,1.2617593786046974,60.80054807905878,15.417436240240152,0.14054195318004545,0.011908307615814826,53.14514450621383,4.562763265476133,0.19131077041094788,2.2613832864399206,-35.662754983584506,0,0.620965933543711,True,False
coarse,22,3.2,0.8,2.4946915425383933,-2.4946915425383933,0.41583242667416487,12.075489918759544,0.9972321884230866,61.06935536146767,15.4171709152996,0.14054195318004545,0.011908307615814826,53.445777229676274,5.399669965935451,0.18259855572449754,1.7879729822028274,-32.03033745152517,0,0.3456164100534748,True,False
coarse,22,3.2,1.2,0.04666243654316436,-0.04666243654316436,0.39433070266198456,9.352865355276041,0.9063947059275289,61.332452252531084,15.417215051038683,0.14054195318004545,0.011908307615814826,52.883868558520696,5.6762247889143005,0.1694069379107122,1.6771413512794475,-30.00165381584761,0,0.19366671313184244,True,False
coarse,22,3.2,1.6,0.19125697411903575,0.1653157339127942,0.3560373015847652,7.7393064480129805,0.8810524587022975,61.59005067640058,15.417423215521065,0.14054195318004545,0.011908307615814826,52.43412497125331,5.516776251934986,0.151238986778357,1.5425032240748997,-30.137318435365835,0,0.17746267650719075,True,False
coarse,22,3.2,2.4,0.7529906774288306,-0.7529906774288306,0.08057361101732138,6.512927699488086,0.9065021618429914,62.089751757118336,15.417902783015688,0.14054195318004545,0.011908307615814826,54.231613252697144,5.118339936413749,0.14186287967006078,1.0831761487287104,-30.002331973601322,0,0.1268794609490058,True,False
coarse,22,3.2,3.2,1.6442051429900755,1.6442051429900755,0.34693370220671715,7.2129806957553395,1.5945509993963358,73.51684208356805,15.418146867078564,0.14054195318004728,0.011908307615836947,54.46567815046402,5.513947690096536,0.15555658565630842,1.539871324747955,-28.117800971928645,0,0.25510661005790786,True,False
coarse,33,0.0,0.0,30.457631330234356,30.457631330234356,15.278209388314732,30.457631330234356,15.278209388314732,30.457631330234364,15.278209388314732,0.45763133023436753,0.02351769289989731,0.45763133023436753,0.02351769289989731,13.027595762840596,53.90800195406467,0.45763133023436753,0,5.84589145226253,True,True
coarse,33,0.0,0.025,23.62355176744058,23.62355176744058,9.189595453567112,26.649031528165676,11.789854127705896,30.458794901279465,15.279147403882423,0.4587390103729889,0.023559383397289364,6.787303431297732,1.6892748216444682,7.8162399331938275,30.867239938382248,-6.787303431297732,0,3.893296389787833,True,True
coarse,33,0.0,0.05,18.679110143115373,18.679110143115373,5.39345453921554,23.55164098962576,9.25769454441166,30.459890161630813,15.28000892609632,0.4597849725417345,0.02359008535613295,11.876030922195607,2.742378382583602,4.514665441470043,16.48945396820137,-11.876030922195607,0,2.629852335572738,True,True
coarse,33,0.0,0.1,13.114196495187723,13.114196495187723,1.6136320126810872,19.217642218178337,6.009625918407514,30.461891038261385,15.281520424142588,0.46170482061874,0.02362007471547803,17.36007820022274,3.807128200892739,1.2203111725450073,4.061902824844741,-17.36007820022274,0,1.3174613483492408,True,True
coarse,33,0.0,0.2,9.02015600922338,9.02015600922338,0.5316658403901882,14.686535948800952,3.2912015338952223,30.465230159865214,15.283809781741159,0.46493880567568957,0.02362612244660024,21.30336287377711,4.424508031309495,0.9769332519204875,6.544589647522157,-21.30336287377711,0,0.7600898629734825,True,True
coarse,33,0.0,0.4,5.377333913855301,5.377333913855301,0.4482682053055503,10.60715501614414,1.9448610142973124,30.46988431861057,15.286188454762215,0.46952948391434096,0.02363670376495458,24.995620670389187,4.814780731483708,0.78199164401513,4.95050715692552,-24.995620670389187,0,0.5011054802304405,True,True
coarse,33,0.0,0.8,2.102110856889848,2.102110856889848,0.39273211792190227,6.772271401904613,1.2265552232169707,30.474451484748673,15.286070495021075,0.4741891607008107,0.023661776113548267,28.054287605479377,5.216224392444087,0.43278190943976574,2.81227113961729,-28.054287605479377,0,0.27976591935418893,True,True
coarse,33,0.0,1.2,1.6655080154442927,1.6655080154442927,0.33769857852338764,5.024419798135952,0.9672456005111837,30.476183328904977,15.28349991194968,0.4760296711032847,0.0236890308731134,28.259956202529914,5.310805779064297,0.335627068137947,1.9968076370564436,-28.259956202529914,0,0.22537487706254716,True,True
coarse,33,0.0,1.6,2.010049979747214,2.010049979747214,0.26166062351958175,4.204438845845975,0.8195011278366879,30.476909507286038,15.280551794242985,0.4768164930972928,0.023712291471637625,27.87741779552499,5.270834227676203,0.2859104731557752,1.558063213265776,-27.87741779552499,0,0.21434518655382698,True,True
coarse,33,0.0,2.4,2.283272518890546,2.283272518890546,0.16900835928771754,3.5121013653806075,0.6505526949558569,30.47747882590143,15.275684887657196,0.4774363051930337,0.023785806978767993,27.74943092570544,5.1110780561145,0.206046202900509,1.0973514346981557,-27.74943092570544,0,0.19631317314063915,True,True
coarse,33,0.0,3.2,2.0088737277729383,2.0088737277729383,0.17396486389659208,3.1340412137134828,0.5806819489573403,30.477622152264793,15.272487337651084,0.47762624906750106,0.023886969171050258,28.07527033748001,5.022154246567103,0.1387010280055099,0.8917986698553863,-28.07527033748001,0,0.17954017961689978,True,True
coarse,33,0.025,0.0,38.392869115297444,-38.392869115297444,8.777567760432527,22.41251878394504,11.379695169961778,39.82543232966791,15.27788155162176,0.45763133023436753,0.02374958202578808,70.11844876678175,6.414237543415415,7.7283822000330415,42.209444664912596,-70.11844876678175,0,4.4867491172745355,True,True
coarse,33,0.025,0.025,32.17429507367499,-32.17429507367499,5.296438361637909,19.87407800440696,9.001470107307533,33.14407049031882,15.278822039738177,0.45763133023436753,0.023807704266042173,63.33769152666956,6.3468764461571086,4.88619623289315,27.365018966064035,-63.33769152666956,0,3.245524505687264,True,True
coarse,33,0.025,0.05,26.50389986838552,-26.50389986838552,3.0532438376875524,17.44688484581973,7.212901232077966,30.44818918046551,15.27969064156621,0.45763133023436753,0.023855045553748854,57.229049971943454,6.186809949413466,2.9804994506498526,17.219612934854954,-57.229049971943454,0,2.3517545231589096,True,True
coarse,33,0.025,0.1,17.571054762984623,-17.571054762984623,0.8583079089377866,13.296197621502667,4.838250554438709,30.449140409357156,15.281228316400119,0.45763133023436753,0.02391898097126173,47.79038189308053,5.823883503238287,0.8677764348680007,6.054514000812223,-47.79038189308053,0,1.282987743838009,True,True
coarse,33,0.025,0.2,7.8021690462571325,-7.8021690462571325,0.7440004530621469,7.906720390859311,2.8716666847611,30.450682997685377,15.283607132158883,0.45763133023436753,0.023935449969649945,37.83371964670709,5.326519105432359,0.5949820837247947,3.6599719914755995,-37.83371964670709,0,0.6889205604166179,True,True
coarse,33,0.025,0.4,2.128298994173471,-2.128298994173471,0.5067077473751616,3.7623546857708705,1.8320016462094042,30.45270485331809,15.286246117397562,0.45875127893590684,0.023756700792750666,32.261011196766894,5.113010626493824,0.6740914016915739,3.8435266458221014,-32.261011196766894,0,0.2943795096889435,True,True
coarse,33,0.025,0.8,0.5014287984833254,-0.5014287984833254,0.2301894419631906,3.193717261223619,1.131759942724366,30.45444585675499,15.286669726044105,0.4620716611731797,0.02370792417334436,30.53724240949182,5.2863351394233264,0.4066340754432932,2.441219056550265,-30.53724240949182,0,0.1277259204468007,True,True
coarse,33,0.025,1.2,0.23436624334869993,0.23436624334869993,0.2226826571547032,2.80189563882536,0.878231967961377,30.455023216867783,15.284457686299326,0.4645090564381655,0.023714556513409302,29.665531785056764,5.37439909800051,0.30354117481451115,1.8266516410320215,-29.665531785056764,0,0.10508830233457993,True,True
coarse,33,0.025,1.6,0.9389478306138338,0.9389478306138338,0.20005578362519866,2.674193166948624,0.7497332993988064,30.455322514806344,15.281678368815102,0.4663188483353714,0.023738930020667785,28.95349540389927,5.344427329572405,0.259682387987562,1.5041088380293695,-28.95349540389927,0,0.1314968246027202,True,True
coarse,33,0.025,2.4,1.490980178087292,1.490980178087292,0.12730474857517815,2.564777427107772,0.6058324384717453,30.455812707121673,15.276847946137604,0.4687770627409018,0.023795264027450223,28.555214778773273,5.173496342531302,0.19620565889206568,1.1061289403586063,-28.555214778773273,0,0.13764756412490275,True,True
coarse,33,0.025,3.2,1.3430741917103883,1.3430741917103883,0.11945072484827164,2.4336928945379457,0.542970330296131,30.45616296906706,15.273587184251378,0.4704141171893159,0.02389590437965606,28.75871259526597,5.0643780451884535,0.13567483614285417,0.8749309397059234,-28.75871259526597,0,0.1261692291392619,True,True
coarse,33,0.05,0.0,52.16882657463945,-52.16882657463945,6.316903943012509,35.43155542175471,9.213993345151081,52.96041206549313,15.277641127048614,0.45763133023436753,0.024023364642451247,83.12000943425485,9.44860890533921,5.046649867378507,35.83513986055135,-83.12000943425485,0,4.633485723149251,True,True
coarse,33,0.05,0.025,45.75348554879805,-45.75348554879805,4.25725144340204,32.21113337844495,7.529679257703217,46.22278535911181,15.278580420375446,0.45763133023436753,0.024096762077674517,76.31278637087098,8.742763440209526,3.4812795821084785,25.88073206551463,-76.31278637087098,0,3.7434472245765256,True,True
coarse,33,0.05,0.05,39.95426745301644,-39.95426745301644,2.922671192792642,29.174164550320107,6.234419618578937,40.19272642475346,15.279452278674338,0.45763133023436753,0.024159594178184137,70.23435932902778,8.09545420660256,2.3537008568842883,18.46155075637065,-70.23435932902778,0,3.0733688103790837,True,True
coarse,33,0.05,0.1,30.360125732315147,-30.360125732315147,1.68810393040342,23.809450429392694,4.4984371435382355,30.437380978384514,15.281008140385083,0.45763133023436753,0.02425518064430992,60.336904735807074,7.08697131476062,0.9647193961809772,9.170999555084617,-60.336904735807074,0,2.211948231022634,True,True
coarse,33,0.05,0.2,18.11545266981002,-18.11545266981002,1.2407512184851825,16.01012454336149,2.9213128950798835,30.43717550925269,15.283459782483563,0.45763133023436753,0.024337441043674413,48.00079875484425,5.988606292045621,0.4284162301311499,3.6120233871763263,-48.00079875484425,0,1.3971120134744477,True,True
coarse,33,0.05,0.4,8.135367086215476,-8.135367086215476,0.7665717868198437,8.181553394409969,1.8773614005730628,30.436577384556813,15.286327241395487,0.45763133023436753,0.024152903133515802,38.0965142091691,5.357339868395928,0.6156495398233583,3.4254237691920535,-38.0965142091691,0,0.6972667525144627,True,True
coarse,33,0.05,0.8,2.7895369202844944,-2.7895369202844944,0.24011433372308683,3.3382763361919183,1.136860928228022,30.435362332394366,15.287248346437913,0.45895250084394823,0.023779342331118343,32.6875353408635,5.3344708913405885,0.4121075284334704,2.2888045001547845,-32.6875353408635,0,0.24590055787123663,True,True
coarse,33,0.05,1.2,0.9194707264818447,-0.9194707264818447,0.13177537838303358,2.2849933386274075,0.8302997181398049,30.434625984964946,15.28537768855583,0.4608816766461597,0.02375395790667867,30.752371282189962,5.416798270169059,0.29452571541470357,1.7210547352381524,-30.752371282189962,0,0.11152598093357256,True,True
coarse,33,0.05,1.6,0.14353971792669137,0.14353971792669137,0.1478821232760311,1.8000886583529838,0.6979230046047166,30.434382789275713,15.282765675329388,0.46257618776374504,0.023766059899815336,29.724260431552533,5.402087066899494,0.24537964763899786,1.465818975268655,-29.724260431552533,0,0.0705522261984263,True,True
coarse,33,0.05,2.4,0.8897068168455338,0.8897068168455338,0.10985844525231722,1.7409728988382802,0.5715257846758097,30.434702101832418,15.277979797820162,0.4653225389106627,0.023804767686600004,29.16342891595035,5.229011367806622,0.1898890149014359,1.1300834584467823,-29.16342891595035,0,0.09579671625802483,True,True
coarse,33,0.05,3.2,0.7976287598654204,0.7976287598654204,0.08211144921329286,1.8072686463357406,0.5144360481882155,30.435268375402448,15.27465852976151,0.4673140344177161,0.023904886405007812,29.319740220347917,5.101312754413045,0.13556999142068119,0.8807515969981452,-29.319740220347917,0,0.08387569013024528,True,True
coarse,33,0.1,0.0,59.42058039802913,-59.42058039802913,5.599947701498968,46.54810396373739,7.4741981371191715,59.79349448661859,15.277376169271392,0.45763133023436753,0.024660855052361253,89.86735294322405,11.156022843309012,3.1116713891989978,28.83133881090952,-89.86735294322405,0,4.881044232181839,True,True
coarse,33,0.1,0.025,53.6364804564239,-53.6364804564239,4.615832396148833,43.33433428249036,6.49983586302813,53.75697476897552,15.27830445250308,0.45763133023436753,0.02476143420108252,83.77657220416934,10.35000090978467,2.5493884165543923,23.832846072558368,-83.77657220416934,0,4.303108042562623,True,True
coarse,33,0.1,0.05,48.613434677315276,-48.613434677315276,3.8704804144012783,40.37474915488603,5.702978518267758,48.6314040479946,15.279173702305512,0.45763133023436753,0.02485194369335084,78.56484584797239,9.595243087282016,2.0501105328996774,19.494529223658745,-78.56484584797239,0,3.8279340039245744,True,True
coarse,33,0.1,0.1,40.41786352678016,-40.41786352678016,2.903266809625257,35.15096784397555,4.52828962817088,41.01180174389342,15.28074653970856,0.45763133023436753,0.025004342316570206,70.20583462630714,8.34720178468701,1.258456828040635,12.857212725195671,-70.20583462630714,0,3.113626271369479,True,True
coarse,33,0.1,0.2,29.112375324127413,-29.112375324127413,2.025923510902155,27.004931173052313,3.220523524653528,30.688832047466114,15.283302457666068,0.45763133023436753,0.02520539305088529,58.88607950584909,6.829517851057341,0.5414571016019449,6.328243086395714,-58.88607950584909,0,2.23976367045005,True,True
coarse,33,0.1,0.4,16.823876939745762,-16.823876939745762,1.2806857381020227,16.901667373986278,2.1406968492670533,30.407171285505633,15.286545325464493,0.45763133023436753,0.02527073340225241,46.58814588553645,5.710019904277662,0.6054473825558474,4.074090592936409,-46.58814588553645,0,1.3371912163167163,True,True
coarse,33,0.1,0.8,6.60775614380263,-6.60775614380263,0.5279919757199946,7.966871026210785,1.294293798602411,30.399769680247463,15.288344874562146,0.45763133023436753,0.024546887525276038,36.201603509345986,5.3767220978232855,0.48290607860969714,2.656189193974803,-36.201603509345986,0,0.5499249844856516,True,True
coarse,33,0.1,1.2,2.555709089202968,-2.555709089202968,0.17068674291895253,4.348079270094838,0.8896094299849866,30.396012246350537,15.287109730395873,0.45831103426367403,0.023871993342971107,32.150041458778496,5.447210002996542,0.33718304129342674,1.8268423186377194,-32.150041458778496,0,0.2212272359044838,True,True
coarse,33,0.1,1.6,0.7327781789759455,-0.7327781789759455,0.0720144184019436,2.5668454966417267,0.6714974008500755,30.39438320821025,15.284827114543702,0.4593234070875634,0.02382177334579679,30.465771575713383,5.4732772219528485,0.258493639866914,1.5033355916004847,-30.465771575713383,0,0.08700507244041644,True,True
coarse,33,0.1,2.4,0.22039446088015718,0.22039446088015718,0.11202378479766772,1.3375451566310577,0.5289900530684204,30.39410886397476,15.280151658276681,0.4617798102446548,0.023823914612806973,29.830225924356732,5.320360536322824,0.19018750901940729,1.212204048563914,-29.830225924356732,0,0.05881550720012839,True,True
coarse,33,0.1,3.2,0.07449730020004329,0.03964514129129619,0.07081162396541184,1.1010538003239283,0.48351924488078096,30.395127272337493,15.276717322774006,0.4638416735039053,0.023922990695007314,30.1092537678567,5.160248276211403,0.141762770370804,0.9391173305703742,-30.1092537678567,0,0.03850386059360977,True,True
coarse,33,0.2,0.0,61.99989224637302,-61.99989224637302,4.865213482473735,54.21871839374014,6.388902965336527,62.086503871875934,15.277455489923716,0.45763133023436753,0.026126131152106002,91.8280578914439,10.053945529580908,2.159714626094806,21.029174668394703,-91.8280578914439,0,4.872514475521137,True,False
coarse,33,0.2,0.025,57.16932377384792,-57.16932377384792,4.512759166934326,51.30469388755491,5.910440599364844,57.65803888672087,15.278339943247751,0.45763133023436753,0.02626854103239215,86.85964712247741,9.784757957543095,1.9925110761645979,19.494280280055513,-86.85964712247741,0,4.510770922942609,True,True
coarse,33,0.2,0.05,53.09102774845945,-53.09102774845945,4.185430155783057,48.68750207218208,5.48042319555284,54.1812615266679,15.279180061458675,0.45763133023436753,0.026402259893280666,82.70792754893446,9.453375160775199,1.800894262009231,17.815078464183994,-82.70792754893446,0,4.196187508923732,True,True
coarse,33,0.2,0.1,46.6079229528144,-46.6079229528144,3.6134845970292284,44.170161647490296,4.751714802966395,48.87747900903687,15.28073393405066,0.45763133023436753,0.026644869239754086,76.18706737589551,8.718633142885647,1.40021416975294,14.426410707832867,-76.18706737589551,0,3.679494376035061,True,True
coarse,33,0.2,0.2,37.72663697808527,-37.72663697808527,2.8115455966428913,37.14475428980827,3.725489987419217,41.25130927367356,15.283379490482199,0.45763133023436753,0.027038950363595753,67.37392879884642,7.422158660636878,0.8304667195874723,9.423780213648637,-67.37392879884642,0,2.959631886548997,True,True
coarse,33,0.2,0.4,26.49052205369195,-26.49052205369195,1.9601771748786452,27.43752929268271,2.6440196693959,30.93556411632634,15.287124935508961,0.45763133023436753,0.027520633817566982,56.05628914152995,6.019010358091828,0.738047432421428,6.341830766829413,-56.05628914152995,0,2.0864194096177244,True,True
coarse,33,0.2,0.8,11.820566878182635,-11.820566878182635,1.0460307426700857,15.694141071486523,1.6813359364542204,30.337704398215696,15.290304573365518,0.45763133023436753,0.027625184487799406,40.697296618810995,5.311234353990118,0.6830947531333316,4.44094874270211,-40.697296618810995,0,1.010793347924894,True,True
coarse,33,0.2,1.2,3.6810609461335573,-3.6810609461335573,0.5300013694890033,9.172869646219082,1.1752702379304814,30.326812340601872,15.290176233502317,0.45763133023436753,0.02707811025701539,32.459421818432865,5.354569804534825,0.5219515741610311,3.0643889782688545,-32.459421818432865,0,0.41219773212177535,True,True
coarse,33,0.2,1.6,0.3978523838584362,-0.11368766019372964,0.24219237778571193,5.569089125153987,0.8615079586537927,30.321482594700655,15.28852739265215,0.45763133023436753,0.0262535987685955,29.28621577433132,5.475956723270961,0.39980370597069764,2.277938711985723,-29.28621577433132,0,0.1409267171112832,True,True
coarse,33,0.2,2.4,0.7465620049847739,0.7465620049847739,0.14075152277443276,2.6908442999427162,0.5570649224149482,30.319163580955838,15.284140794479795,0.4589905446254934,0.02452576841521645,29.284841025648998,5.44028569064067,0.2581461911308132,1.6095371248723236,-29.284841025648998,0,0.10404205145568568,True,True
coarse,33,0.2,3.2,0.38489680043173513,-0.38489680043173513,0.1368856930380161,1.470994458667975,0.48053156375456896,30.32112670762667,15.280510733711717,0.46092643063552946,0.02395975874241394,30.66598535948844,5.233600789874596,0.18335581323484826,1.2087730097314278,-30.66598535948844,0,0.07357637337382339,True,True
coarse,33,0.4,0.0,48.88065944598264,-48.88065944598264,3.061366969632065,55.240050495412085,5.114370588060931,62.42818644834767,15.278756341677123,0.45763133023436753,0.029132351729672993,75.25484737578049,7.244386712955395,1.3547286071924642,12.641864752491752,-75.25484737578049,0,3.7532766156993227,True,False
coarse,33,0.4,0.025,47.97759133893893,-47.97759133893893,3.1011514731795655,53.45280504175828,4.967095259486413,60.003381326243606,15.279525965772379,0.45763133023436753,0.029319509114589117,75.0927843566513,7.379070679760759,1.321195016679168,12.559364011872193,-75.0927843566513,0,3.7007691645030003,True,False
coarse,33,0.4,0.05,46.81503350347067,-46.81503350347067,3.1192510837762057,51.75009261152262,4.821139962506002,57.8870395829161,15.280272639552036,0.45763133023436753,0.029501932767407698,74.43204701152911,7.444170683926512,1.273525619042978,12.345397507311635,-74.43204701152911,0,3.630592014653247,True,True
coarse,33,0.4,0.1,44.25384751632298,-44.25384751632298,3.094977797726577,48.63051378459066,4.533367306894795,54.37020470495247,15.281697915509948,0.45763133023436753,0.02985256056231313,72.47307574065,7.399298456250038,1.14933201678333,11.61671751856914,-72.47307574065,0,3.465765735983676,True,True
coarse,33,0.4,0.2,39.521279213995015,-39.521279213995015,2.8944419093183233,43.46562035742228,3.9965017587049503,49.06720221140258,15.284282594479063,0.45763133023436753,0.03049729888054309,68.2424208906175,6.901716069588913,0.9242805831587455,9.91110299490086,-68.2424208906175,0,3.1271902573265593,True,True
coarse,33,0.4,0.4,31.575233936740396,-31.575233936740396,2.379816582072827,35.821046373613456,3.1773903921331614,41.48771067759557,15.28845079958173,0.45763133023436753,0.031568780563781616,60.165630200149785,5.78691854189858,0.9294556327259327,8.581574995864026,-60.165630200149785,0,2.524142705797645,True,True
coarse,33,0.4,0.8,13.844738727559804,-13.844738727559804,1.5626367745123557,23.858109315514024,2.225020919013198,31.25369003103185,15.293378752527193,0.45763133023436753,0.0329467826564263,42.391478034152584,4.9124369677751,0.9560734328044596,7.225771040834333,-40.698087679178315,0,1.3180702585996307,True,True
coarse,33,0.4,1.2,1.6067842439541686,0.6921668072017271,1.0631782524996143,14.75944881919558,1.6710919261478232,30.21572110383827,15.294952739956265,0.45763133023436753,0.03354223724105286,37.14311342052068,4.950043457988053,0.8446104210871981,5.892033322287893,-26.029241234608374,0,0.49643460577910825,True,True
coarse,33,0.4,1.6,7.30829670817307,7.30829670817307,0.775927895425827,10.721788356696923,1.3048928172903598,30.200912637740206,15.294449170507807,0.45763133023436753,0.03362049373274999,30.44738671165118,5.235049601517523,0.7419871528237573,4.950373846762771,-20.65322505746024,0,0.670066823631218,True,True
coarse,33,0.4,2.4,6.249456440389419,6.249456440389419,0.535747855847731,6.949175510910592,0.8821420961559541,30.192095797488975,15.290805846797742,0.45763133023436753,0.033011938232763154,24.290094792735204,5.585113269193273,0.5697147290128919,3.6738088657833714,-24.290094792735204,0,0.5187336684441546,True,True
coarse,33,0.4,3.2,0.7683026515337911,0.6318487436470945,0.4102482747824364,4.143884833454048,0.6859129390300398,30.195901414410702,15.28689353370851,0.45763133023436753,0.032157229131028704,30.720600771909087,5.349528892843148,0.4259000098254996,2.6862131584525946,-30.720600771909087,0,0.18671730264634445,True,True
coarse,33,0.8,0.0,11.732171143665719,-11.732171143665719,1.484137547962269,38.918274582269206,3.59692040796684,62.79108920532603,15.28171055151806,0.45763133023436753,0.03384497058589702,46.47287354286332,5.12614126792899,0.7713931571725139,6.487039132709667,-40.584657275406705,0,1.3407351083066006,True,False
coarse,33,0.8,0.025,13.462120812061343,-13.462120812061343,1.555368596212127,39.308677185173934,3.5894333251927035,61.485054343855865,15.282298464148369,0.45763133023436753,0.034049181110027034,46.431616261429,5.18818286023589,0.763586064614791,6.576096652853771,-42.074492271528854,0,1.4481713708592265,True,False
coarse,33,0.8,0.05,14.966561988612593,-14.966561988612593,1.620276129395989,39.54348400381916,3.5792824276927093,60.27774078123939,15.282883742898193,0.45763133023436753,0.03425566828761989,46.391263986566514,5.2353821528107884,0.7543107971173169,6.649464634151963,-43.37804389615854,0,1.5414111721332295,True,False
coarse,33,0.8,0.1,17.23640492767462,-17.23640492767462,1.7285250912570838,39.61328192693516,3.5497043894827107,58.11118994719888,15.284043490342286,0.45763133023436753,0.03467377427049835,46.36334862989402,5.280339966064717,0.735120708594333,6.7635401545359315,-45.33856035033113,0,1.6820639076329635,True,True
coarse,33,0.8,0.2,19.06181312917834,-19.06181312917834,1.8530654544928058,38.635300426657224,3.4519927393336944,54.56186622702683,15.286301791454065,0.45763133023436753,0.03552014897337454,46.72818052933766,5.185058162440229,0.7255166550731862,7.003162969868669,-46.72818052933766,0,1.7947229670907603,True,True
coarse,33,0.8,0.4,15.88186460145523,-15.88186460145523,1.809365093161342,34.71750289857031,3.1527049554905884,49.31824576486706,15.290461778988973,0.45763133023436753,0.03718968477132808,48.11646014535919,4.693175140927894,0.856934763606333,7.774499048912335,-42.806093491071195,0,1.587261814372271,True,True
coarse,33,0.8,0.8,1.661216906533049,-0.6990029974634292,1.375348896471253,24.97746838834821,2.5230036968017275,41.96173679148696,15.296856938674233,0.45763133023436753,0.04013823358301657,48.29560867306158,4.36640836166605,0.979569628772461,7.895147569161033,-27.475543838706205,0,0.6762691899487029,True,True
coarse,33,0.8,1.2,12.039931799525899,12.039931799525899,1.1581297878036936,19.753615174429683,2.076099482703653,36.44841386422473,15.30048234627973,0.45763133023436753,0.04234779687400173,45.1482691839689,4.690293363525181,1.0044416840298953,7.711437221860358,-15.973817925672648,0,1.0900656908759567,True,True
coarse,33,0.8,1.6,17.931205972532428,17.931205972532428,1.192894550724943,17.84787066224855,1.7949339834343507,32.205854774144406,15.301724199910938,0.45763133023436753,0.04381776956248147,39.626919410726586,5.1857499804369,1.040402864217341,7.854809083816605,-11.618347895352391,0,1.3728451784840192,True,True
coarse,33,0.8,2.4,13.156091522011456,13.156091522011456,1.5734593624429012,14.653960096258553,1.527616230740568,30.013164194021968,15.299718504473564,0.45763133023436753,0.04504484052877258,22.97690698465468,6.210227752388558,1.1416807178904338,8.593151822843392,-20.213491036859427,0,1.1982468003686908,True,True
coarse,33,0.8,3.2,3.8915107396530204,-3.433767338657565,1.7689776457976005,10.201075821158154,1.420398830192759,30.019834946019277,15.295575151856719,0.45763133023436753,0.044932019453906416,40.05202097413387,6.115418221907394,1.2606387301787643,9.04257854682546,-40.05202097413387,0,0.745038044820669,True,True
coarse,33,1.2,0.0,9.177857773844256,-9.177857773844256,1.0663365096527344,28.673344615473876,2.819237324728948,63.08309064410684,15.28340822982547,0.45763133023436753,0.03661854509423714,46.07747554848883,4.889123292642452,0.5938967410559924,5.034047177405721,-39.534135288744324,0,1.0104875239259947,True,False
coarse,33,1.2,0.025,9.5692965693037,-9.5692965693037,1.0888975079615264,29.078895399493376,2.826017458650297,62.186545594710715,15.283890903779298,0.45763133023436753,0.03681429648767356,46.07613507737294,4.795161129087081,0.5835523584433504,5.008193558064396,-39.853093134097186,0,1.039190089644977,True,False
coarse,33,1.2,0.05,9.900640979445466,-9.900640979445466,1.1094031270217897,29.415307567261163,2.8314464027839112,61.32145644242113,15.284377194301712,0.45763133023436753,0.03701544367365264,46.08640214823587,4.774928102616864,0.5731988442195658,4.983214988636729,-40.10731054344822,0,1.0637758578860068,True,False
coarse,33,1.2,0.1,10.354176047927442,-10.354176047927442,1.1433094916809796,29.880968954405784,2.8375749328735296,59.72579098494044,15.285357703105479,0.45763133023436753,0.03743209075916864,46.148450973616285,4.753445454952879,0.5545634601772689,4.9463453806666475,-40.39701867314905,0,1.098909853414991,True,True
coarse,33,1.2,0.2,10.33851959320019,-10.33851959320019,1.1778627767374745,30.04331191343676,2.827878305372804,56.97456248823542,15.287331526860026,0.45763133023436753,0.038310970907750715,46.4398895685768,4.652932812605239,0.5403751686209955,4.99257611640697,-40.04823813162592,0,1.107959768308848,True,True
coarse,33,1.2,0.4,7.317594797699362,-7.317594797699362,1.1109868961211222,28.172351429906293,2.720895021553251,52.78790068307686,15.291200956386175,0.45763133023436753,0.040170779175732516,47.25026379509961,4.419843690078631,0.6179092497999188,5.53149841540999,-36.5913059823884,0,0.9228551281440961,True,True
coarse,33,1.2,0.8,1.836014101268606,1.836014101268606,0.7775608687211333,21.76508237562868,2.338413861592875,46.90644161173385,15.2978956216902,0.45763133023436753,0.043846741491558476,47.29712558427355,4.594100392674902,0.7452324482624046,6.071639274764602,-27.55589153535527,0,0.5057759855306989,True,True
coarse,33,1.2,1.2,9.751383093992018,9.751383093992018,0.7159776878234405,19.42227588032134,2.0175826742950926,42.62763435401979,15.302478723590543,0.45763133023436753,0.04698391691437759,45.30946437856425,5.116672144346725,0.8367252373925996,6.569190979868196,-20.037938101299908,0,0.8613829128198234,True,True
coarse,33,1.2,1.6,14.528037782072904,14.528037782072904,0.9682218391191159,18.880277831761468,1.8397975070583044,39.495617452020376,15.304804560483563,0.45763133023436753,0.04936032598715403,41.35519876533061,5.672331842605944,0.9493191411954317,7.403736313452946,-16.03121759804606,0,1.1558550482503631,True,True
coarse,33,1.2,2.4,10.820145501133027,10.820145501133027,1.9602076440834946,17.226759062384307,1.8024356825460146,39.7001041517772,15.304197805027824,0.45763133023436753,0.05190629800964217,25.280789303722102,6.989564005901497,1.2872291666979412,10.351583359697603,-23.647740847635994,0,1.2040670750376885,True,True
coarse,33,1.2,3.2,13.59274763599429,-13.59274763599429,3.3543728711726204,14.476207224605503,2.0563483705150305,41.363001624028286,15.300100438161396,0.45763133023436753,0.05230397292694398,55.950526647017305,7.369981335550701,2.0010771378702428,15.864609694130584,-55.950526647017305,0,1.6724661233684224,True,True
coarse,33,1.6,0.0,9.970364595584202,-9.970364595584202,0.9650312288728223,23.667661422896657,2.3862286055578514,63.38773262778717,15.2840322839813,0.45763133023436753,0.0379900462889423,47.18847240303895,5.268418218066626,0.5139450824951951,4.5296445432513055,-40.1335101208675,0,0.9759972123443952,True,False
coarse,33,1.6,0.025,10.1329287190746,-10.1329287190746,0.960469060919451,23.95244939826822,2.3898988807086186,62.65892972449517,15.284444935902238,0.45763133023436753,0.03816992537091656,47.183823078982606,5.182814949775668,0.5026735346805233,4.464584604314969,-40.28497667231963,0,0.9854180814748578,True,False
coarse,33,1.6,0.05,10.250949117928252,-10.250949117928252,0.9547377646431997,24.197636578868963,2.3927952165865825,61.99576151874857,15.284862860809415,0.45763133023436753,0.038356141880038976,47.18601299273031,5.098463570265496,0.49131461469826065,4.39875866154556,-40.38969263526085,0,0.9919768296031235,True,False
coarse,33,1.6,0.1,10.345015451123121,-10.345015451123121,0.9395262236669317,24.56606828057596,2.395954885416942,60.71050615087205,15.285712204110846,0.45763133023436753,0.03874606759233475,47.212925848860095,4.933809770707179,0.4694556037662677,4.271364689690518,-40.45092134305904,0,0.9959991537753511,True,False
coarse,33,1.6,0.2,9.957528998136976,-9.957528998136976,0.8925817915302077,24.82036281206827,2.3899981042948184,58.42844389873222,15.287449368637168,0.45763133023436753,0.03958572252434383,47.35182778621585,4.6308127340174945,0.4373688813771839,4.0785789505164605,-39.982094482076846,0,0.9669105111627607,True,True
coarse,33,1.6,0.4,7.443568856713178,-7.443568856713178,0.7333043005886445,23.743642688349695,2.324129394747021,54.83490325051107,15.290965566196796,0.45763133023436753,0.04143057337981952,47.70511300068905,4.485655507698879,0.444830545978043,4.058052980251473,-37.34862184035592,0,0.7913441775548031,True,True
coarse,33,1.6,0.8,0.7645200847786302,-0.7645200847786302,0.3545010060124473,18.76786797031134,2.053999813209363,49.947077353495025,15.297457887140139,0.45763133023436753,0.045317252109640244,47.70454587350805,4.897768226518837,0.5298995932483559,4.403950219288146,-30.610605744800445,0,0.31681224394577123,True,True
coarse,33,1.6,1.2,5.430947666857249,5.430947666857249,0.3730134320182016,17.028577019189708,1.822022379776508,46.64462076971319,15.302368751294267,0.45763133023436753,0.048881984466715656,46.25280511781657,5.480612436482451,0.6319841725411895,5.076307046311278,-24.46091330152083,0,0.5364771573533484,True,True
coarse,33,1.6,1.6,9.77109518039666,9.77109518039666,0.7175277595979846,17.221110937528614,1.7191267948147737,46.376720680758496,15.305278107869096,0.45763133023436753,0.05176179870391251,43.029401530267315,6.03476101388408,0.7598695306908985,6.0627497947741364,-20.650776529083082,0,0.8395362638368842,True,True
coarse,33,1.6,2.4,7.376479623764167,7.376479623764167,1.857944844044912,16.783890470657774,1.8342992135856022,47.557896814220804,15.305689195123353,0.45763133023436753,0.05514406004495177,29.715022586952976,7.355571838190916,1.1593405067366729,9.609818382907353,-26.928481165726247,0,1.0031481554938984,True,True
coarse,33,1.6,3.2,21.06937945972563,-21.06937945972563,4.215424759613817,16.365473481663464,2.361035287038721,48.71147770658463,15.301778360034435,0.45763133023436753,0.05586813565126471,66.92275323197283,8.159842446633467,2.2801973495920604,19.145918456002118,-66.92275323197283,0,2.2822831165284136,True,True
coarse,33,2.4,0.0,9.619100559913104,-9.619100559913104,0.8892724226659426,18.70215523798969,1.9378820412991864,64.03375111673296,15.28354851793894,0.45763133023436753,0.03854465299223394,49.77402345633062,6.009046972941162,0.4044692571912938,3.8240407900967703,-39.513377429462324,0,0.8907891665489697,True,False
coarse,33,2.4,0.025,9.671167524394932,-9.671167524394932,0.863107539068342,18.859135917396202,1.9329406976039973,63.504065126533646,15.283859308687509,0.45763133023436753,0.03867925160201703,49.811263118224545,5.928794675264084,0.3949102040138172,3.7473056315414133,-39.54825704656772,0,0.8880787252919964,True,False
coarse,33,2.4,0.05,9.702191989573597,-9.702191989573597,0.8363621012281852,18.997353162750763,1.9276270822511243,62.984088244074314,15.284175305020803,0.45763133023436753,0.038818429203841334,49.85074674529041,5.8489015218924285,0.38528753599070426,3.67001896291748,-39.56220872154573,0,0.8840085756885695,True,False
coarse,33,2.4,0.1,9.697825866737618,-9.697825866737618,0.7813860669369872,19.215528466635323,1.9158626145896598,61.989897697333255,15.28482152390789,0.45763133023436753,0.03910981528152503,49.93582057105504,5.6903980694613,0.36620765679659095,3.516151393632378,-39.524152329572274,0,0.8716721586425931,True,False
coarse,33,2.4,0.2,9.416670900550528,-9.416670900550528,0.6669747533674946,19.413763697501896,1.887611309820573,60.275992915526665,15.286161260373191,0.45763133023436753,0.039747765360078326,50.122122348892944,5.379878263617311,0.33131431649642695,3.227653251937416,-39.17862828098378,0,0.8302019195711409,True,False
coarse,33,2.4,0.4,7.924784314627267,-7.924784314627267,0.4296443166251758,18.936638543897892,1.8114837019892236,57.27971965526244,15.288955788273869,0.45763133023436753,0.04121903488453091,50.45117059625501,4.910322618835785,0.28928633205378246,2.8194505581435223,-37.57913399243322,0,0.6910550229820552,True,True
coarse,33,2.4,0.8,3.316411868096632,-3.316411868096632,0.04543888027520099,15.908689779792379,1.6079933746098516,55.18930829833807,15.294474030262489,0.45763133023436753,0.04471094629807545,50.28192473139807,5.155888060913494,0.29945594492344646,2.732002699636392,-32.828591297223824,0,0.3360271298511476,True,True
coarse,33,2.4,1.2,1.3523731771056418,1.3523731771056418,0.34225822452485954,12.518332727826886,1.509361984441487,55.52894188244132,15.299106802381665,0.45763133023436753,0.04824872309396375,48.953894086105265,5.781957580936232,0.371824587786176,3.2898067153687456,-28.264415576105215,0,0.2821654319086081,True,True
coarse,33,2.4,1.6,4.711056640281859,4.711056640281859,0.6316582670143791,12.957148525026593,1.499786394749038,55.85981028953582,15.302272644987713,0.45763133023436753,0.05133142601721859,47.98372255166174,6.307282431575656,0.469777881568812,4.086176113566569,-25.424468565935488,0,0.5259499501159328,True,True
coarse,33,2.4,2.4,3.2639331074284064,3.2639331074284064,1.4253564579628564,13.623276855172895,1.6728684429821221,56.51179337522165,15.303744086973714,0.45763133023436753,0.0553161023553148,42.75764155751855,7.282228822540963,0.7638982177374893,6.672359847619811,-30.05528879363611,0,0.6603975286712895,True,True
coarse,33,2.4,3.2,23.023301360946554,-23.023301360946554,3.5403496569205375,15.428195960969635,2.2594493371573834,57.16356012378463,15.30036879892434,0.45763133023436753,0.05696796252223081,68.28225995483344,7.791468319330565,1.7564524297280912,15.45395023575578,-68.28225995483344,0,2.2017398887685062,True,True
coarse,33,3.2,0.0,8.770362459282529,-8.770362459282529,0.8504337000776573,16.031737831470387,1.720171780105059,64.6359704548989,15.282193971558508,0.45763133023436753,0.03870380464161419,52.80415764616576,6.750130554275597,0.32407311650770604,3.296404136921884,-38.535415766833,0,0.8128317452736544,True,False
coarse,33,3.2,0.025,8.752092403234593,-8.752092403234593,0.8161776627229388,16.121454831213054,1.7098323007691962,64.24175173935458,15.282427736828552,0.45763133023436753,0.038806576571492626,52.914822587687794,6.668161206512919,0.3157173584363982,3.2148638359792265,-38.5020357755308,0,0.8039329290563182,True,False
coarse,33,3.2,0.05,8.722307308946682,-8.722307308946682,0.7815940751968405,16.20033502157661,1.6992683694025055,63.8523060498423,15.282665805182988,0.45763133023436753,0.03891195827509404,53.02746999589082,6.586221015135305,0.30735258233419865,3.1334601465691243,-38.45722909223597,0,0.7942824991224687,True,False
coarse,33,3.2,0.1,8.626883289901397,-8.626883289901397,0.7117470157620167,16.324520145320825,1.6775250254211997,63.08728395801597,15.283153971429172,0.45763133023436753,0.03913024987298559,53.257827140244835,6.473914175417085,0.29075579669760054,2.972450539317564,-38.332116813857475,0,0.772729125944313,True,False
coarse,33,3.2,0.2,8.289017591992735,-8.289017591992735,0.5713026620203625,16.434583943570246,1.6319377101810375,61.609380391391845,15.284172229124508,0.45763133023436753,0.03959486221996603,53.73045296942639,6.384281324376241,0.25926504040580584,2.667456642675874,-37.9370138780559,0,0.7208970601603135,True,False
coarse,33,3.2,0.4,7.076332817454923,-7.076332817454923,0.30013292311139494,16.12063755204331,1.5346417079169257,60.24231472811568,15.286326964605228,0.45763133023436753,0.04063201758227706,54.633587909247666,6.233473750452249,0.21134774463614736,2.194791400114367,-36.62519071690235,0,0.5882643628182258,True,False
coarse,33,3.2,0.8,3.490595781332381,-3.490595781332381,0.1511064552650649,13.991132981421178,1.3718658624906472,60.46983943192777,15.290730143413619,0.45763133023436753,0.0431088454120697,55.66441722432877,6.036092978069931,0.19471667880678234,2.01801550333333,-32.96260343891083,0,0.351315286592288,True,False
coarse,33,3.2,1.2,0.17686367057131577,0.03961986486869924,0.471624581755432,11.1078652728018,1.3536361663318544,60.68926030779504,15.294632330203017,0.45763133023436753,0.045886495946779536,55.52591660882733,5.978967079447318,0.2443311541966832,2.5048977948675386,-29.627229208855194,0,0.24143311091939718,True,False
coarse,33,3.2,1.6,2.417255302302794,2.417255302302794,0.7143754782425814,9.76612279318222,1.392754721961575,60.90389651573935,15.297491193322418,0.45763133023436753,0.04862117164951823,54.70621324509058,6.330632203142672,0.3106419059149523,3.117167102031252,-27.732385698785002,0,0.40359842138304824,True,False
coarse,33,3.2,2.4,1.4112446066920814,1.2903854809686481,1.1984036250736096,10.404424006930023,1.5927509114492917,61.32958617667917,15.29923930462914,0.45763133023436753,0.053086619676901946,52.162506998842105,6.920246467628734,0.4768617819852283,4.591693741252018,-30.97012720630294,0,0.4828920116844379,True,False
coarse,33,3.2,3.2,7.9776698668307775,-7.9776698668307775,1.734594334319582,10.971919167212771,2.3171101263853044,70.0474306632709,15.296466520632032,0.45763133023432767,0.05589243211130578,51.71621616584937,6.590419434034027,0.7288337064787932,6.5802387260101565,-43.03774591378093,0,0.9618260132231307,True,False
coarse,44,0.0,0.0,30.159670397535944,30.159670397535944,15.168165182923701,30.15967039753594,15.168165182923701,30.159670397535944,15.168165182923701,0.15967039753594786,0.039149056355302,0.15967039753594786,0.039149056355302,13.014478405838483,54.135861459795834,0.15967039753594786,0,5.799201238576138,True,True
coarse,44,0.0,0.025,22.114775512798193,22.114775512798193,8.81613276318647,25.624633545197845,11.506325936212637,30.16456273570961,15.172665270434496,0.16433056969249385,0.039149056355302,8.345835832923575,1.8486148367342987,7.68016309427176,30.97437882177017,-8.345835832923575,0,3.711322441015997,True,True
coarse,44,0.0,0.05,16.76635858518955,16.76635858518955,5.038145211219182,22.135929689217765,8.92756584975533,30.169059023959232,15.176777531413757,0.16863252524505512,0.039149056355302,13.802294809999442,2.8975162447821714,4.455407139410786,17.034710422670024,-13.802294809999442,0,2.4281955717906847,True,True
coarse,44,0.0,0.1,11.413702088643145,11.413702088643145,1.4524308451151409,17.5822644568094,5.7238043342056155,30.176981059827387,15.183955325955134,0.1762625821461815,0.039149056355302,18.988789866089494,3.8802985178902802,1.381300423318184,4.5096878061555286,-18.988789866089494,0,1.173837900795557,True,True
coarse,44,0.0,0.2,8.341625886707925,8.341625886707925,0.26849046882639444,13.318580621565676,3.013238938848036,30.18925423134781,15.194831356854824,0.1882420081787038,0.039149056355302,21.84311514459767,4.421424507891617,0.651664785078369,4.364519573756257,-21.84311514459767,0,0.6444280137617094,True,True
coarse,44,0.0,0.4,6.256165522240222,6.256165522240222,0.33036296897202766,10.0792925554818,1.7159387620114877,30.20385759027987,15.206989062983025,0.20288709831379093,0.039149056355302,23.96272871127115,4.7738733762270975,0.5226077253934285,3.536090215566528,-23.96272871127115,0,0.5074313380495802,True,True
coarse,44,0.0,0.8,3.9770848086900408,3.9770848086900408,0.24146320084341205,7.337590659620423,1.0351573705444523,30.213720078076534,15.213246964643401,0.21336768487612182,0.039149056355302,26.184233218516628,5.13084571851583,0.28107550154678423,2.057961683049865,-26.184233218516628,0,0.3372809655955326,True,True
coarse,44,0.0,1.2,3.297133321456022,3.297133321456022,0.19413271878222207,5.992620195611305,0.7834368802932011,30.215183527937505,15.212530190540956,0.2151667488911292,0.039149056355302,26.717798323785253,5.146947823513686,0.2892162628641341,1.7641245621415504,-26.717798323785253,0,0.27612960361239197,True,True
coarse,44,0.0,1.6,3.295441858918971,3.295441858918971,0.13483170417433937,5.279686189887066,0.6421857003936505,30.215044800337274,15.211243207792538,0.21531666030414504,0.039149056355302,26.672841934202605,5.013720464310242,0.28663415302967166,1.6026026566784324,-26.672841934202605,0,0.252970634303848,True,True
coarse,44,0.0,2.4,3.1447351320714705,3.1447351320714705,0.12196534287174413,4.563436798698753,0.49283706640775016,30.214748490397735,15.210509599352463,0.21556622216153962,0.039149056355302,26.963506770742146,4.827495373389445,0.1855421819955167,1.120342534548358,-26.963506770742146,0,0.23380962555262255,True,True
coarse,44,0.0,3.2,2.6111878841284173,2.6111878841284173,0.19168988092542935,4.085605391871054,0.4560715576642675,30.214920802961238,15.211450803438145,0.21586285910957934,0.039149056355302,27.495172165462932,4.826018813809336,0.1114651350549607,0.9345073524147336,-27.495172165462932,0,0.2199807256717407,True,True
coarse,44,0.025,0.0,31.88477430025862,-31.88477430025862,8.600272131223665,18.50896506605314,11.25537250427061,33.39908087660356,15.171826246286745,0.18001953519355166,0.039149056355302,63.71076984230549,5.722290368807712,7.733301751810861,40.84627388904762,-63.71076984230549,0,4.082459438798549,True,True
coarse,44,0.025,0.025,27.203233649896173,-27.203233649896173,5.109335218744635,16.811116439049,8.821496392826324,30.183632876290016,15.17584248073186,0.18263749082495748,0.039149056355302,58.454646612257235,5.803035354214223,4.836863974344871,26.29397679331737,-58.454646612257235,0,2.921730222095041,True,True
coarse,44,0.025,0.05,22.72687471565458,-22.72687471565458,2.9662619048028986,15.05485996282943,7.040183552750577,30.18602093822898,15.179516958870664,0.1850227875209756,0.039149056355302,53.52850534072776,5.745749613604021,2.989202516542222,16.788856461965803,-53.52850534072776,0,2.118402057306878,True,True
coarse,44,0.025,0.1,15.401828136706282,-15.401828136706282,0.9862167698219514,11.857247877757072,4.747847859670701,30.190128738251925,15.185942677723984,0.18916637612239623,0.039149056355302,45.67628217207074,5.506558199547948,1.0676058495361083,6.734385172147542,-45.67628217207074,0,1.193035211665423,True,True
coarse,44,0.025,0.2,6.898345469868485,-6.898345469868485,0.6303321973487523,7.335106119592725,2.7950868364281383,30.19615597734761,15.195719643259809,0.19537532894909795,0.039149056355302,36.92075728184843,5.129888534275525,0.3894330708775301,2.68944444481303,-36.92075728184843,0,0.6092975606969593,True,True
coarse,44,0.025,0.4,1.1375684949747171,-1.1375684949747171,0.4480602192202691,3.2631895547732768,1.678311706198032,30.202368967336117,15.206760996681615,0.20210574695121192,0.039149056355302,31.20595346085555,4.987604841515549,0.4370097962212676,2.602818808506799,-31.20595346085555,0,0.22351011973570514,True,True
coarse,44,0.025,0.8,0.9780389353600288,0.9780389353600288,0.1609329509042697,3.6366279291206878,0.9959795026369113,30.204632093259715,15.212645791649571,0.2062933370722694,0.039149056355302,29.10128540517574,5.171993956490127,0.24039241248006457,1.6301703214166696,-29.10128540517574,0,0.13571459211642936,True,True
coarse,44,0.025,1.2,1.4631182339356028,1.4631182339356028,0.08982957468143517,3.700547561896374,0.7268064791134958,30.20374814778183,15.212089898732659,0.20859198538061824,0.039149056355302,28.551504575941262,5.198268745548125,0.22391901650384854,1.4580119256505286,-28.551504575941262,0,0.138327124577607,True,True
coarse,44,0.025,1.6,1.84106461605131,1.84106461605131,0.06972044155468363,3.6259075368068094,0.5904338876007764,30.203083609977252,15.210895645535649,0.21010853166966323,0.039149056355302,28.1556580935271,5.080191202848665,0.23766593097433292,1.4271523318640953,-28.1556580935271,0,0.1493468498737895,True,True
coarse,44,0.025,2.4,2.050414984308262,2.050414984308262,0.0635515461078506,3.4731340232214007,0.4515317220740175,30.20322580921919,15.210097979361597,0.2121874451284214,0.039149056355302,28.065951028946046,4.879349385326063,0.16987772212138103,1.0529578895394276,-28.065951028946046,0,0.1547293885841557,True,True
coarse,44,0.025,3.2,1.7622552808590317,1.7622552808590317,0.14030104798378934,3.267806640761144,0.4207055196382307,30.204162330904254,15.210903799340953,0.21362218497749133,0.039149056355302,28.351054951742313,4.864931857933681,0.10211269009503172,0.860264729429051,-28.351054951742313,0,0.1572940212419449,True,True
coarse,44,0.05,0.0,46.90181382421802,-46.90181382421802,5.827061187771724,30.65509549341714,8.97303460370392,47.776528169081274,15.17502749867507,0.1975627096746394,0.039149056355302,77.95249636856644,8.378864652204161,5.0335099161499866,33.54589605295128,-77.95249636856644,0,4.203933329744464,True,True
coarse,44,0.05,0.025,41.214126310047384,-41.214126310047384,3.84268504448397,28.029486329648044,7.287626022140453,41.76439160584282,15.178615425854009,0.19840296376088176,0.039149056355302,71.87058469697558,7.807697732895477,3.425508990257049,23.967706974014114,-71.87058469697558,0,3.3740354859413513,True,True
coarse,44,0.05,0.05,36.015459409152804,-36.015459409152804,2.627491045899495,25.509314559529958,6.025600558939378,36.32598592524623,15.181902389183795,0.1991174649203249,0.039149056355302,66.38206142442398,7.299958486185446,2.333762406540264,17.215006843502895,-66.38206142442398,0,2.768680878734796,True,True
coarse,44,0.05,0.1,27.406385048291508,-27.406385048291508,1.5460586428865957,21.001653834738928,4.370637923735334,30.20128339893838,15.187662416255943,0.20021511243814835,0.039149056355302,57.450765784041344,6.513721139198311,1.080012555369983,9.191425857350982,-57.450765784041344,0,2.0032633474409987,True,True
coarse,44,0.05,0.2,16.41265871144863,-16.41265871144863,1.0844814230626354,14.363750317928027,2.836194169084981,30.201865976033417,15.196466648447347,0.20135916748482832,0.039149056355302,46.32623845609993,5.650660684653879,0.3799437977246383,3.7957454653986615,-46.32623845609993,0,1.25779425263267,True,True
coarse,44,0.05,0.4,7.008947674714456,-7.008947674714456,0.6884771892851064,7.357045604598051,1.7692673967877321,30.20067657600982,15.206520383233062,0.20147537171347335,0.039149056355302,36.9626282104993,5.164144569207899,0.4083577274432087,2.4882799954108146,-36.9626282104993,0,0.6127849924153775,True,True
coarse,44,0.05,0.8,1.6384051614809203,-1.6384051614809203,0.25100987337007263,2.4612071321207543,1.0405570857857787,30.196033394795972,15.212077313804159,0.2036824736407917,0.039149056355302,31.61688450694137,5.198192166931255,0.24217178855050378,1.446881282233584,-31.61688450694137,0,0.18218535261210933,True,True
coarse,44,0.05,1.2,0.07238107840449894,-0.07238107840449894,0.050133232324667744,1.6627245779999602,0.7231030435637875,30.192874997769636,15.211666616782663,0.20587900516161026,0.039149056355302,30.04856525805433,5.235132201802896,0.17839447118983617,1.204833420096076,-30.04856525805433,0,0.04182380935995017,True,True
coarse,44,0.05,1.6,0.6675610896683961,0.6675610896683961,0.021169696577854114,2.1210914698475816,0.5605318383624928,30.191622802358072,15.210555283964899,0.20768628234599038,0.039149056355302,29.328274918896415,5.136019571061387,0.19380958207754542,1.2581860257490625,-29.328274918896415,0,0.06550525784332058,True,True
coarse,44,0.05,2.4,1.1559672281058586,1.1559672281058586,0.02621374401905845,2.4880376141025073,0.4212119703838688,30.192089788241724,15.209694651182048,0.21032229275677528,0.039149056355302,28.957619305420884,4.925977697547785,0.15451954678269714,0.9982908269210883,-28.957619305420884,0,0.09196799272992923,True,True
coarse,44,0.05,3.2,1.0551288852762983,1.0551288852762983,0.09891748649055226,2.5278921387111173,0.3918916961403041,30.19374410922734,15.210369825398843,0.21214945058687132,0.039149056355302,29.055240630460663,4.898622114538783,0.0950786603636247,0.8025718621632171,-29.055240630460663,0,0.10495504279630549,True,True
coarse,44,0.1,0.0,54.62839591001059,-54.62839591001059,4.6845118848138885,41.79370832677869,6.948045874618208,54.95109176700363,15.180271164113343,0.22553800152409936,0.039149056355302,85.01114534313889,9.902931095490091,2.9891425723044733,25.962108291920845,-85.01114534313889,0,4.364358830777128,True,True
coarse,44,0.1,0.025,49.31708414798535,-49.31708414798535,3.812423694277001,38.94512985473718,6.014349227485122,49.4068642105319,15.183144702173509,0.2234968591803875,0.039149056355302,79.4173016784109,9.14912229325875,2.3990250021048665,21.20003697551101,-79.4173016784109,0,3.8417765599456595,True,True
coarse,44,0.1,0.05,44.65210367667764,-44.65210367667764,3.1983335723627166,36.2970369755664,5.274546257287922,44.68290941038137,15.185785265643831,0.2214967901177739,0.039149056355302,74.57628456964848,8.498969055465118,1.9235133311604957,17.37912639636991,-74.57628456964848,0,3.420849281415195,True,True
coarse,44,0.1,0.1,37.00880728184755,-37.00880728184755,2.443302057869547,31.60167693422187,4.211796387335533,37.50899300964044,15.190434734092648,0.21762746490884022,0.039149056355302,66.78098990743162,7.488317282236216,1.2378791834280323,11.935440413019723,-66.78098990743162,0,2.79343338875239,True,True
coarse,44,0.1,0.2,26.555691882100565,-26.555691882100565,1.7435809984973916,24.309913512323167,3.0261073994833665,30.210335790022373,15.197615720258081,0.21044810124613125,0.039149056355302,56.32069966980399,6.297348714589587,0.5986770213846175,6.537022421250937,-56.32069966980399,0,2.0157086556700325,True,True
coarse,44,0.1,0.4,15.284631177317559,-15.284631177317559,1.1322934871237924,15.27786738093233,2.006697816707569,30.19686445069008,15.206020540046572,0.204110078815701,0.039149056355302,45.078309102253996,5.416055217339446,0.45645263704448763,3.586382913784913,-45.078309102253996,0,1.2074096721661571,True,True
coarse,44,0.1,0.8,5.905107764009426,-5.905107764009426,0.525858961110767,7.047447637036042,1.2126210449227481,30.1802084535281,15.211031984034445,0.20301976923280263,0.039149056355302,35.65016089631729,5.212515546188603,0.32404622881763245,1.8625411545974173,-35.65016089631729,0,0.5052629281482794,True,True
coarse,44,0.1,1.2,2.401967107428887,-2.401967107428887,0.21497767451182942,3.5948331799254873,0.8349059837584101,30.172708001375312,15.210868520679766,0.20424218442544056,0.039149056355302,32.20864748219619,5.271262291953553,0.17880430765356042,1.056040303142011,-32.20864748219619,0,0.21744197180202274,True,True
coarse,44,0.1,1.6,0.9549274556070604,-0.9549274556070604,0.0895819811089275,1.8993192016165659,0.6194642999879468,30.170126445564517,15.20989674133672,0.2057899669901785,0.039149056355302,30.86979635495416,5.218478023635323,0.13731321277379233,0.9910675242752186,-30.86979635495416,0,0.09609149375713384,True,True
coarse,44,0.1,2.4,0.09140990012221142,-0.09140990012221142,0.06686174427307641,0.8659627099340439,0.42673925700015164,30.170938680568412,15.208913231507251,0.20857189353235045,0.039149056355302,30.172784633513608,5.004857227441173,0.1249587120552276,0.911373027922638,-30.172784633513608,0,0.035475150666969775,True,True
coarse,44,0.1,3.2,0.044825399558755516,0.022241090621787037,0.0559125778098055,1.26546626195962,0.37115272618712486,30.173896466963075,15.209340393010503,0.21108899953926272,0.039149056355302,30.060683133396385,4.9513691838916145,0.08456943020909179,0.7258518799281524,-30.060683133396385,0,0.03282955364258737,True,True
coarse,44,0.2,0.0,54.917052225597516,-54.917052225597516,4.100409339423332,48.93061635825815,5.681424125366635,56.26684277686823,15.187336234723405,0.26028265503233344,0.039149056355302,84.1824059707319,9.13568341395164,2.0143900025742116,18.713605332728456,-84.1824059707319,0,4.271543809993198,True,True
coarse,44,0.2,0.025,50.67807915017675,-50.67807915017675,3.7421833709992987,46.32747629640265,5.226951357795981,52.776625415283654,15.189213259250996,0.2545099981966757,0.039149056355302,79.88686192940254,8.754188959004042,1.8215317137947593,17.04099000990871,-79.88686192940254,0,3.940919804653455,True,True
coarse,44,0.2,0.05,47.08786560992378,-47.08786560992378,3.4409581353374596,43.975494844340844,4.834230793985323,49.843884031016415,15.19095157675974,0.2489734085761934,0.039149056355302,76.2901994940667,8.386194716215185,1.6334400418568216,15.47092427094989,-76.2901994940667,0,3.660085970614854,True,True
coarse,44,0.2,0.1,41.34319727240701,-41.34319727240701,2.9687472652778597,39.888409359796086,4.19706356088401,45.04364478170874,15.19404935353621,0.23857360246722212,0.039149056355302,70.60091312707006,7.716596806033017,1.293349589023698,12.710979074004523,-70.60091312707006,0,3.2103295612205343,True,True
coarse,44,0.2,0.2,33.38733984366739,-33.38733984366739,2.3589172563809755,33.49477603727737,3.3311336009756154,37.834260005470725,15.198957153071177,0.2237058166798581,0.039149056355302,62.804293358511565,6.693303209060092,0.8366642821633021,8.87666660766871,-62.804293358511565,0,2.5926497275202323,True,True
coarse,44,0.2,0.4,23.51305540889498,-23.51305540889498,1.6995998602143398,24.74408592011209,2.403101486006313,30.18847183771345,15.205039851818054,0.21223393100507854,0.039149056355302,53.02281470757058,5.612179528391368,0.620716837249273,5.715607422986638,-53.02281470757058,0,1.846019815649698,True,True
coarse,44,0.2,0.8,11.331977996731974,-11.331977996731974,0.9630481101920569,14.373968652684642,1.5519428003070843,30.153438031982176,15.20926707760834,0.2064727838257405,0.039149056355302,40.513443432336125,5.132777715758737,0.5264972912429096,3.5271907191077454,-40.513443432336125,0,0.9525025419789962,True,True
coarse,44,0.2,1.2,4.683624230449225,-4.683624230449225,0.5181218584019768,8.58809494159203,1.0992510855253994,30.138019044390283,15.209450769044084,0.20562382394883222,0.039149056355302,33.86202172430952,5.233272346853098,0.359427590622993,2.108168784658189,-33.86202172430952,0,0.45324075301408834,True,True
coarse,44,0.2,1.6,1.815993289812449,-1.815993289812449,0.2548205216994376,5.341355365453669,0.8114862872275855,30.132347224458513,15.208671476513405,0.20630378260000096,0.039149056355302,31.30549412758757,5.289653516983943,0.22154880302182747,1.2674329219944567,-31.30549412758757,0,0.21227566948425566,True,True
coarse,44,0.2,2.4,0.7415553164037691,-0.7415553164037691,0.11659927127187124,2.425153825466645,0.5214006179352162,30.13285560451766,15.20745298386952,0.20854438957499105,0.039149056355302,30.703052295621,5.117070448820222,0.1027945739093566,0.8521747648784229,-30.703052295621,0,0.09495681679049622,True,True
coarse,44,0.2,3.2,0.7988817060791422,-0.7988817060791422,0.09326069356340307,1.2738763225248633,0.4257183816105794,30.137939068091484,15.207431448174273,0.2112138400944108,0.039149056355302,30.803458952217305,5.008752436385125,0.06809800112177944,0.6738523230540987,-30.803458952217305,0,0.08083107742190362,True,True
coarse,44,0.4,0.0,33.33173588815901,-33.33173588815901,2.8270168590149276,46.493897945802146,4.535368058142997,56.70802673754859,15.19399926100253,0.2826921379796209,0.039149056355302,59.371857277212094,7.096080487067316,1.3692840266954533,11.82026202059074,-59.371857277212094,0,2.8348974799215205,True,True
coarse,44,0.4,0.025,33.190907000276994,-33.190907000276994,2.770101688676322,45.130885922760996,4.362395666606422,54.84671422483794,15.194888391118571,0.27414401618453915,0.039149056355302,59.77796580319904,7.032302572865931,1.2983375224881493,11.403125878823278,-59.77796580319904,0,2.799442463150488,True,True
coarse,44,0.4,0.05,32.837327582686626,-32.837327582686626,2.713372564515532,43.83076945292116,4.201352636972392,53.16277207856247,15.195728956506006,0.26682547384514904,0.039149056355302,59.84152156713556,6.947115383529566,1.2259498824780288,10.969378359621595,-59.84152156713556,0,2.754115485262597,True,True
coarse,44,0.4,0.1,31.794093023367175,-31.794093023367175,2.600602969354283,41.42281498196538,3.910852061630704,50.204172375824044,15.197273687503746,0.2555130227853196,0.039149056355302,59.37753030843311,6.731453996937908,1.0850671305996644,10.096112985007874,-59.37753030843311,0,2.648948329821195,True,True
coarse,44,0.4,0.2,29.315829196139493,-29.315829196139493,2.3839399372835377,37.3057423635028,3.4345058106417374,45.392909478815184,15.199876160134233,0.24103586725594012,0.039149056355302,57.515031706652486,6.228273952686147,0.8687066503072354,8.601530373677337,-57.515031706652486,0,2.4287770064812606,True,True
coarse,44,0.4,0.4,24.35287840182545,-24.35287840182545,1.9999176754485652,30.98127038759298,2.7700807554987192,38.192835332618884,15.203521950367957,0.226528419639071,0.039149056355302,52.870763809433946,5.383575362175653,0.7602190826996547,7.095798282600862,-52.870763809433946,0,2.021063349626145,True,True
coarse,44,0.4,0.8,12.845020253920197,-12.845020253920197,1.3710373424013569,21.391085719486544,1.9882574132359845,30.115332513715074,15.20677516637591,0.21563323330423254,0.039149056355302,40.57132747756174,4.795128140639263,0.7552535663030576,5.734216108178407,-40.57132747756174,0,1.1957572621880832,True,True
coarse,44,0.4,1.2,2.2071289345157035,-2.2071289345157035,0.9053635426976572,13.82056708156632,1.5040168649409118,30.086820718700775,15.20723266908654,0.21220354828271493,0.039149056355302,31.70240328920157,4.9761653208114085,0.6565728773768077,4.4911022675938606,-29.662652518856216,0,0.47644416371620824,True,True
coarse,44,0.4,1.6,3.036645319814391,3.036645319814391,0.5608608517855128,9.485249331470254,1.1601082291356204,30.074296154015798,15.2066005590441,0.21175928357247356,0.039149056355302,26.3398534688909,5.241806115476249,0.5273842690301109,3.3674090651840762,-25.307792317575622,0,0.390047240181958,True,True
coarse,44,0.4,2.4,2.7081908879147196,2.7081908879147196,0.1260660081267894,5.352498981530388,0.7133435171365432,30.0715859211206,15.204945450450378,0.21285704643702136,0.039149056355302,27.349618066109322,5.256621463048959,0.30284068319225244,1.8213242928274773,-27.349618066109322,0,0.22318614442934576,True,True
coarse,44,0.4,3.2,0.22429713583711183,0.22429713583711183,0.07489891880040728,2.956497133437283,0.5303271115830168,30.07933652829675,15.204178764571422,0.21435678050406398,0.039149056355302,30.021877170618033,5.01850991308967,0.14353084195952273,1.0124317684191817,-30.021877170618033,0,0.06324253828339584,True,True
coarse,44,0.8,0.0,6.387767175674419,-6.387767175674419,1.749339422483099,29.473140644675805,3.3489125052269033,57.25562281157425,15.198460369313633,0.28538370060286444,0.039149056355302,41.84211486760652,5.450909986136228,0.9011493227683081,7.069746739468997,-36.052311180437556,0,1.0570535123458613,True,True
coarse,44,0.8,0.025,7.324826520285852,-7.324826520285852,1.7411646618578451,29.628994505974696,3.2992724032144034,56.274334405286325,15.198785728638414,0.28088361405556567,0.039149056355302,41.51354466622645,5.4269150792648375,0.8710294985058523,6.915991073654328,-36.89789191489186,0,1.102350458819628,True,True
coarse,44,0.8,0.05,8.133808705943235,-8.133808705943235,1.733289560233817,29.713246686248418,3.251203957996799,55.35754138652176,15.199103550620299,0.27679053364688555,0.039149056355302,41.21012741125238,5.39504844466316,0.8411171937271936,6.765822986923676,-37.623667446964404,0,1.1407474620873725,True,True
coarse,44,0.8,0.1,9.398744212329138,-9.398744212329138,1.7174529438171178,29.7021832020376,3.159148274257882,53.65131927231956,15.19971519811037,0.2697989530618233,0.039149056355302,40.69406543269491,5.311169524553265,0.7844449081021223,6.4873736741761405,-38.742263975003425,0,1.1984387097618647,True,True
coarse,44,0.8,0.2,10.766655844533647,-10.766655844533647,1.680438395022927,29.16683378484093,2.988218763558873,50.676589893903255,15.20083529686639,0.259068338204325,0.039149056355302,40.07157924593687,5.089901665432671,0.6990913042222007,6.081044465167128,-39.868702613013404,0,1.2503264431691419,True,True
coarse,44,0.8,0.4,10.434067187112806,-10.434067187112806,1.5693803271565536,27.052364039913563,2.6854911137405386,45.8819635851295,15.202634668896312,0.24556842257577877,0.039149056355302,40.315821929363686,4.6282687066274315,0.6685114445515289,5.908179398100488,-39.10026379538128,0,1.1833653818979886,True,True
coarse,44,0.8,0.8,2.6612377684005657,-2.6612377684005657,1.2581256254514461,21.0845794705039,2.1922826366933843,38.77860988231533,15.204546300472648,0.2326654293535445,0.039149056355302,42.36130633833058,4.316320433766515,0.7478318101837959,6.032100892853062,-30.36975552544726,0,0.6591197354144318,True,True
coarse,44,0.8,1.2,8.04022763326983,8.04022763326983,0.9945314016383007,16.73445492966453,1.8167346654504961,33.43738015749613,15.204734847197193,0.22627336945429669,0.039149056355302,41.38215631627235,4.708752309207815,0.7987996448233325,6.039343760717163,-19.77079391382298,0,0.8197832301054099,True,True
coarse,44,0.8,1.6,13.768756783238766,13.768756783238766,0.8268736397331651,15.032877072484462,1.5307600885215675,30.008067499514166,15.203933295189294,0.22533883767816373,0.039149056355302,36.655023561535096,5.246284144092869,0.8116432783319898,5.922533008262506,-15.529841547663576,0,1.0454426444463514,True,True
coarse,44,0.8,2.4,8.881603000166455,8.881603000166455,0.6146889116577523,11.534294271012985,1.123129864949219,29.995004120440182,15.201493734810018,0.2223582402250155,0.039149056355302,23.72019162089517,5.618162126316515,0.7611027752305062,5.173886616024198,-23.72019162089517,0,0.712223292026778,True,True
coarse,44,0.8,3.2,1.4144760690789657,-0.7695538800551327,0.38447334348735324,7.334513460461956,0.8644892035290791,30.003896477065567,15.199648679629584,0.22972119421245396,0.039149056355302,33.56438452205789,4.9962659814755135,0.5943644188809951,3.7739752325047378,-33.56438452205789,0,0.24208872541017673,True,True
coarse,44,1.2,0.0,5.903492111069374,-5.903492111069374,1.5014363556041679,21.32289273994758,2.779166307648407,57.698736734170964,15.201570811749468,0.2877574388941506,0.039149056355302,42.25227311012398,4.715524762393248,0.715215668305828,5.768681136219149,-36.11153052638646,0,0.8936356814646687,True,True
coarse,44,1.2,0.025,6.287812769888111,-6.287812769888111,1.4723035946331187,21.558609050645458,2.7495763958633703,57.023156316677856,15.201736016379364,0.28490309188128177,0.039149056355302,42.049553911201436,4.694889410483966,0.6944908958047527,5.62540791520355,-36.4774442140617,0,0.9070493314613871,True,True
coarse,44,1.2,0.05,6.618055095484323,-6.618055095484323,1.4451142337807956,21.753864912278793,2.7209794666605234,56.395600125576415,15.201897972830345,0.2820820727727393,0.039149056355302,41.86313241201968,4.670478240436889,0.6740666623131504,5.487938200007976,-36.78697804183076,0,0.9179239696233809,True,True
coarse,44,1.2,0.1,7.123585383445405,-7.123585383445405,1.3959523985310276,22.032506496713427,2.6664327082908046,55.16770029268141,15.202210982444806,0.2773177022012706,0.039149056355302,41.543754037506176,4.612166689187894,0.6352527280017644,5.235660759796005,-37.24485164879342,0,0.9323407515111488,True,True
coarse,44,1.2,0.2,7.578689108607352,-7.578689108607352,1.31362935418514,22.20877215050927,2.5657410290001414,52.9954180575546,15.202786696596363,0.2689308308237006,0.039149056355302,41.130910912446254,4.471892637981564,0.5727307238639697,4.850344271871569,-37.58507307697446,0,0.9343387682537747,True,True
coarse,44,1.2,0.4,6.775521061394834,-6.775521061394834,1.178987080951561,21.48790957861406,2.3846302772325823,49.33520443900297,15.203701317305335,0.25767854694242454,0.039149056355302,41.27635007049389,4.208829983017879,0.5281938824967323,4.575062035327791,-36.51080198283999,0,0.8515532834763535,True,True
coarse,44,1.2,0.8,0.7917104883816062,-0.7917104883816062,0.9267748090147091,17.686481168443986,2.0600448862335847,43.75095364994425,15.204503411478596,0.24508181840310067,0.039149056355302,42.74910229171474,4.2152487025919125,0.5839164754854396,4.76237761439242,-30.01574602378057,0,0.4523274338972677,True,True
coarse,44,1.2,1.2,7.324449017378752,7.324449017378752,0.7373943869278147,15.742245986422063,1.7852750201403524,39.40440708022851,15.204112469220224,0.24087963682228583,0.039149056355302,42.28089280089913,4.8011688517995585,0.6798274818904638,5.242082363410247,-22.04304056452338,0,0.7109275912808848,True,True
coarse,44,1.2,1.6,12.282091998220656,12.282091998220656,0.6885459928033247,15.684232417594268,1.5767882350361855,36.137333634567085,15.202938512981746,0.23685960705451028,0.039149056355302,38.49725639562015,5.474821692587558,0.7708510011468048,5.837632231450116,-18.268519294528712,0,0.9427075485695318,True,True
coarse,44,1.2,2.4,6.2897477254756975,6.2897477254756975,0.9271936111138471,13.732156706542549,1.3492440375782724,36.41159087396558,15.199808290138206,0.24004695988890665,0.039149056355302,28.270190705838814,6.019249574678134,0.9509665742501214,7.023866688933221,-28.270190705838814,0,0.6827668994756939,True,True
coarse,44,1.2,3.2,8.592961040857503,-8.592961040857503,0.9822770081997563,10.733186517460613,1.2208861118979735,38.656531037745864,15.197218933690774,0.2482626605409337,0.039149056355302,43.690270288961585,4.962963177251115,1.0137576050948034,7.005605224454655,-43.690270288961585,0,0.7846096445471098,True,True
coarse,44,1.6,0.0,6.0267651826405615,-6.0267651826405615,1.4851576079016628,17.3152402560548,2.4782854665409486,58.09857300539599,15.204907328583628,0.29024231648877813,0.039149056355302,43.679483786353686,5.0165931795646355,0.6012276160594291,5.152253917098955,-36.00356448446239,0,0.857416190472295,True,True
coarse,44,1.6,0.025,6.2900663792311375,-6.2900663792311375,1.4419249237492013,17.521959630061673,2.451779489601561,57.60246828238323,15.204985946348495,0.2883723735937562,0.039149056355302,43.54676813176754,4.933389760922161,0.5854359918184704,5.019835487505958,-36.262492619838866,0,0.8610626365154097,True,True
coarse,44,1.6,0.05,6.516955131799881,-6.516955131799881,1.400778171977348,17.70237631543617,2.4261929982508597,57.111416480207744,15.205061881594514,0.28651515915885317,0.039149056355302,43.42389770668142,4.852648875306502,0.5699424478597502,4.893020590047165,-36.48389589704515,0,0.8632057786549733,True,True
coarse,44,1.6,0.1,6.864885994206391,-6.864885994206391,1.32460111209046,17.988116357555242,2.377624063198531,56.14461736547787,15.2052051229613,0.28283880523749444,0.039149056355302,43.20985074607013,4.698580892928017,0.54042244677866,4.658733334053343,-36.81747211474719,0,0.863145613771361,True,True
coarse,44,1.6,0.2,7.170087539307376,-7.170087539307376,1.1945559839765767,18.288372553294646,2.289608342919908,54.408868767490674,15.205453630796645,0.27640078718729016,0.039149056355302,42.914690894179614,4.418902841280086,0.4907260164301821,4.280059855509235,-37.08151750908511,0,0.8469583785984047,True,True
coarse,44,1.6,0.4,6.523341520807752,-6.523341520807752,0.9987903438926029,18.035234727757437,2.1391420520443702,51.44265557392966,15.205779348851006,0.2676627996622924,0.039149056355302,42.79084372204785,3.9859333726243356,0.44049407691166065,3.879778894107011,-36.32010642063026,0,0.7611115862488433,True,True
coarse,44,1.6,0.8,2.063769117096242,-2.063769117096242,0.7169452803047971,15.418785613438132,1.8834659256840731,46.82212762386079,15.205695848146,0.25785822754684123,0.039149056355302,43.79140147631981,4.1575836848554095,0.45864137141429884,3.7882925280194177,-31.634166145799764,0,0.44169024306397736,True,True
coarse,44,1.6,1.2,4.028402700097679,4.028402700097679,0.515482273475041,13.427512212301007,1.6620550974065988,43.40414678781099,15.204735346988283,0.25101986090808853,0.039149056355302,43.31563862747772,4.868133653181954,0.5384224797307474,4.162355530741232,-25.700142360179036,0,0.4693444015056722,True,True
coarse,44,1.6,1.6,8.13648358138839,8.13648358138839,0.4742348776842548,13.95938890362172,1.4972547035733368,42.70881937660838,15.203173425841388,0.2503693254401809,0.039149056355302,40.539469052381946,5.592347775586848,0.6321898469571957,4.825222434656016,-22.567639741694396,0,0.6661760854908167,True,True
coarse,44,1.6,2.4,2.6565902066520293,1.967325651079907,0.9625303706556471,13.212989464976971,1.4122769040843428,44.40071183848169,15.199448432880052,0.25858276883898007,0.039149056355302,33.09084976854008,6.168036408835949,0.903480451583339,6.980427121949672,-33.09084976854008,0,0.5066467685393661,True,True
coarse,44,1.6,3.2,16.133873273749412,-16.133873273749412,1.3711447954713738,12.701809999801526,1.4395663989049134,45.970811020605815,15.196314020205282,0.2667936346069306,0.039149056355302,51.51125760542238,4.824139848766677,1.1964713443386608,8.772830113761497,-51.51125760542238,0,1.2788506059998188,True,True
coarse,44,2.4,0.0,5.109866564826915,-5.109866564826915,1.5954423575226444,13.11132265679451,2.2127799650650353,58.88683941475684,15.211735672179971,0.2961278658066175,0.039149056355302,46.65897795162695,5.964514367597067,0.4498053811133357,4.522027644048127,-34.945308833578835,0,0.7997714751388407,True,True
coarse,44,2.4,0.025,5.2594804424041115,-5.2594804424041115,1.5434275417609662,13.26132450473765,2.18566860967463,58.52581737299671,15.211715828662417,0.29536575287421074,0.039149056355302,46.61553960512091,5.886936326353147,0.439041071503974,4.402326451502735,-35.08694461303353,0,0.795055484473696,True,True
coarse,44,2.4,0.05,5.390739049999281,-5.390739049999281,1.4929567230053777,13.397330655366497,2.159309266873877,58.1670485105075,15.211693516133288,0.29460135398708004,0.039149056355302,46.576808120611936,5.810508521318893,0.4285796976363363,4.287325427672634,-35.21001891762055,0,0.7897033865374324,True,True
coarse,44,2.4,0.1,5.598878889908212,-5.598878889908212,1.3967719359730277,13.628327425646352,2.1088444572216467,57.456475394189,15.211641377555809,0.2930656975015389,0.039149056355302,46.51382756193433,5.661176819934402,0.4087653967253401,4.07233170350178,-35.40116536362431,0,0.7771645664674467,True,True
coarse,44,2.4,0.2,5.806814541826503,-5.806814541826503,1.223585048931434,13.934768688236426,2.0166902237208775,56.084882771198565,15.21150645339462,0.2899669437140347,0.039149056355302,46.44539671251605,5.376583647730417,0.3747311866850499,3.7059837601113563,-35.57294904004727,0,0.7453125163621159,True,True
coarse,44,2.4,0.4,5.501574068704738,-5.501574068704738,0.9469778385940979,14.00774863217705,1.8631322731133388,53.87384306515483,15.211111524420746,0.28365962452929033,0.039149056355302,46.49731633934987,4.908747449700181,0.3330962353516864,3.2155802549735126,-35.19232166349258,0,0.6589977394812063,True,True
coarse,44,2.4,0.8,2.957063275850148,-2.957063275850148,0.5746286395387786,12.628696918406359,1.6349275981106637,51.941551204697845,15.209834447239782,0.2792127932004945,0.039149056355302,46.7308225567062,4.221689236847212,0.32772691269337295,2.8348581275730167,-32.53889936314727,0,0.4234639679010241,True,True
coarse,44,2.4,1.2,0.6403389134060216,0.6403389134060216,0.3274996440901634,10.257089873030724,1.460798173769011,52.44994379286612,15.20800631493949,0.2833162920023483,0.039149056355302,47.59640308323047,4.869356660452029,0.3694984635458298,2.8892122797744237,-29.068399981949685,0,0.22323685684014064,True,True
coarse,44,2.4,1.6,3.2563622764642526,3.2563622764642526,0.26231050433872405,10.014660260092644,1.3408730913243976,52.93634052784369,15.205815202293053,0.2874191466660702,0.039149056355302,47.265057683022405,5.561920205156005,0.4161671514493488,3.1895511573132644,-27.0997321441986,0,0.3337609331100447,True,True
coarse,44,2.4,2.4,2.1740495810796574,-1.951517283199586,0.7407330616796587,10.474505428243171,1.334581124854867,53.85413400642256,15.201183074090446,0.2956229240058537,0.039149056355302,41.795450435010224,5.943335454566643,0.584132899766336,4.750886860715552,-35.463929144495985,0,0.4029801708343368,True,True
coarse,44,2.4,3.2,17.21501654715713,-17.21501654715713,1.2945375862795057,12.117672079944004,1.5499233115483695,54.7175340341711,15.197304150998791,0.3038241260746718,0.039149056355302,49.39242928830125,4.549871622047406,0.944463647096289,7.435844665282342,-47.06091667476213,0,1.3106913689002788,True,True
coarse,44,3.2,0.0,4.118785153921374,-4.118785153921374,1.669339338509553,10.73909409870151,2.1265849418617115,59.61537339755788,15.21804995776458,0.3080310821275659,0.039149056355302,50.17146747358415,6.670104571921296,0.3597476122246794,4.224204162197809,-33.87252642999894,0,0.7475146631110302,True,True
coarse,44,3.2,0.025,4.208556544578245,-4.208556544578245,1.619121157208386,10.849015338265456,2.0996441876001795,59.32191605213192,15.217977850973638,0.3082873482250273,0.039149056355302,50.22599929562769,6.5935723430861,0.3510448868762791,4.11293774711919,-33.95691870872387,0,0.7399244892453153,True,True
coarse,44,3.2,0.05,4.287636767883322,-4.287636767883322,1.570024128373388,10.950247402249357,2.073303782636981,59.030811501025084,15.217903377718049,0.30854361180726514,0.039149056355302,50.28491579919207,6.51743949411087,0.3426083421153086,4.005073495781162,-34.03064182886517,0,0.7320174449611104,True,True
coarse,44,3.2,0.1,4.413902535970897,-4.413902535970897,1.4753095903299942,11.126982882289097,2.0224513300918843,58.45616954569247,15.217747374240274,0.30905613142686683,0.039149056355302,50.415976806913974,6.366417199439307,0.32662891477462636,3.800050564604773,-34.14623448910592,0,0.7152939720944309,True,True
coarse,44,3.2,0.2,4.542226462288796,-4.542226462288796,1.3002039056569132,11.380858758450625,1.9281043825087465,57.42374667024519,15.217407494903929,0.3100811404856803,0.039149056355302,50.72955039696212,6.2186366061469425,0.2988061237133245,3.434994567289375,-34.253366729162835,0,0.6785077627528278,True,True
coarse,44,3.2,0.4,4.351771977445087,-4.351771977445087,1.0054331043115499,11.526798923611684,1.7673627656640967,57.5891381096267,15.216619971437131,0.3121310378900567,0.039149056355302,51.523960121666,6.0634581317695435,0.2620491619852954,2.88350641690388,-34.02299363307073,0,0.5938820092100446,True,True
coarse,44,3.2,0.8,2.7091994489237843,-2.7091994489237843,0.5846215722423939,10.71185980643546,1.5315410779542753,57.91097652067732,15.214657058378783,0.31623034989103593,0.039149056355302,53.24498313265064,5.8941132460438945,0.2520733560120162,2.332730260178285,-32.34505517257908,0,0.3959060449060746,True,True
coarse,44,3.2,1.2,0.3932315055524562,-0.3932315055524562,0.318651514187282,8.989313422318892,1.3677222039919905,58.22061318897607,15.212290363232018,0.3203290182374441,0.039149056355302,54.218128206325844,5.873715452043019,0.2806419689245933,2.249625195659245,-30.16440238885577,0,0.19658380103644696,True,True
coarse,44,3.2,1.6,1.3102927662487514,1.3102927662487514,0.27840149623321075,7.76874659474372,1.2732043915411793,58.51876374807859,15.209686059461541,0.3244270430362417,0.039149056355302,54.005546204281295,6.0222627274775276,0.3048324920644251,2.385174787954771,-28.910414967568173,0,0.22065856065277417,True,True
coarse,44,3.2,2.4,1.6578803401510764,-1.6578803401510764,0.6165066929533867,7.6312544145806385,1.3273686870338373,59.086710335596834,15.204450343221163,0.33262116241827516,0.039149056355302,51.89182511614341,6.632364475664162,0.3503874558864529,3.0257844880946076,-33.418053959339716,0,0.32230350786795875,True,True
coarse,44,3.2,3.2,4.505373761226304,-4.505373761226304,1.066675541179705,11.985971582169228,2.8181309250619835,66.33064558456913,15.200078590619032,0.34081270889226567,0.03914905635529083,53.19377030676758,6.314317191783604,0.375547403719366,3.5851549243742307,-35.72651893832686,0,0.6378685608067037,True,False
coarse,55,0.0,0.0,30.340419384356345,30.340419384356345,15.38152660016362,30.340419384356345,15.381526600163621,30.34041938435635,15.38152660016362,0.3404193843563558,0.010610722515678149,0.3404193843563558,0.010610722515678149,13.024032408253552,53.90739949122043,0.3404193843563558,0,5.866571581451293,True,True
coarse,55,0.0,0.025,23.063785980853424,23.063785980853424,9.008745322733565,26.248028351285996,11.716408584378467,30.336612131464943,15.380138329004412,0.3404193843563558,0.010610722515678149,7.358257198541326,1.8457126915735707,7.702658364339963,30.747430281679932,-7.358257198541326,0,3.815553784032179,True,True
coarse,55,0.0,0.05,18.101350569891373,18.101350569891373,5.152130703734557,23.048944811158208,9.102765872133388,30.333051365759562,15.378937033452797,0.3404193843563558,0.010610722515678149,12.435491787021345,2.925082766601352,4.458204870661566,16.74751390146333,-12.435491787021345,0,2.5339127489678166,True,True
coarse,55,0.0,0.1,12.907891124843577,12.907891124843577,1.4674114814023345,18.772753028536037,5.830668458064583,30.326603688701713,15.377034526371206,0.3404193843563558,0.010610722515678149,17.50548418964048,3.9366285305740574,1.3728776074211164,4.483524156186197,-17.50548418964048,0,1.2639593955897879,True,True
coarse,55,0.0,0.2,9.481095980326192,9.481095980326192,0.26800515034297107,14.56355190090468,3.0686830880239304,30.31600060129927,15.374860193337408,0.3404193843563558,0.010610722515678149,20.769012939431764,4.516803433029358,0.6542352175147296,4.476426533050563,-20.769012939431764,0,0.7125608996328582,True,True
coarse,55,0.0,0.4,6.612457677667974,6.612457677667974,0.29332545054609,11.017147918873247,1.723802339082701,30.3014322015793,15.374767328950734,0.3404193843563558,0.010610722515678149,23.683949776563722,4.937019620272228,0.4038191163901092,3.0295864637406242,-23.683949776563722,0,0.5239305173975038,True,True
coarse,55,0.0,0.8,3.9973809415778483,3.9973809415778483,0.2751576141635852,7.8195714118123565,1.0409940076117998,30.28629049887625,15.38099633744884,0.3404193843563558,0.010610722515678149,26.114225368396426,5.21645371423178,0.304501916993945,2.00889392469049,-26.114225368396426,0,0.3508312517249538,True,True
coarse,55,0.0,1.2,3.743149191353255,3.743149191353255,0.20844999881563225,6.407514000893093,0.7935136185139535,30.278247532717682,15.387268038627589,0.3404193843563558,0.010610722515678149,26.19900804846959,5.097760497812415,0.3534445763845397,1.9411958484416112,-26.19900804846959,0,0.30563181807826084,True,True
coarse,55,0.0,1.6,3.869347634988505,3.869347634988505,0.13653949785676528,5.73253142347182,0.6493042375454843,30.272245529418463,15.391164951606298,0.3404193843563558,0.010610722515678149,26.14673439695818,4.946689391078489,0.3005905063748898,1.6198873370108742,-26.14673439695818,0,0.2859828977743374,True,True
coarse,55,0.0,2.4,3.250710729708063,3.250710729708063,0.19593065956965683,4.955570068942063,0.5177985668569324,30.262030130227156,15.393614011836545,0.3404193843563558,0.010610722515678149,26.902884046394455,4.862061655577991,0.17053485688545628,1.1297816321309853,-26.902884046394455,0,0.26127537951535634,True,True
coarse,55,0.0,3.2,2.7004706555300513,2.7004706555300513,0.2334528049813541,4.398371196762381,0.48989013874599285,30.25327548932075,15.393001897905108,0.3404193843563558,0.010610722515678149,27.38374078411453,4.845328733127,0.13379191266107218,1.0408803521846122,-27.38374078411453,0,0.23804456815737715,True,True
coarse,55,0.025,0.0,37.22411661623648,-37.22411661623648,8.672782167684705,21.643193542803225,11.40480591305855,38.67466539001044,15.381170365300282,0.3404193843563558,0.010610722515678149,68.9713337524051,6.144674074221588,7.734497696777576,41.193974803289265,-68.9713337524051,0,4.396114356718101,True,True
coarse,55,0.025,0.025,31.230318137433095,-31.230318137433095,5.100082459942068,19.247595237560294,8.927338712579186,32.21806356041019,15.37989692932625,0.3404193843563558,0.010610722515678149,62.415571864378826,6.210931691648119,4.7844758230957325,26.244989837052014,-62.415571864378826,0,3.1428046964280036,True,True
coarse,55,0.025,0.05,25.75353777600011,-25.75353777600011,2.899916724308464,16.934308409730942,7.106194322027427,30.3249648344122,15.378795324938551,0.3404193843563558,0.010610722515678149,56.50013519941559,6.105719600732491,2.902286439346104,16.473453005595417,-56.50013519941559,0,2.2698895929325174,True,True
coarse,55,0.025,0.1,17.075085523670587,-17.075085523670587,0.9266584255599793,12.936884918585497,4.768176946452779,30.320488787932867,15.377052388721493,0.3404193843563558,0.010610722515678149,47.31240346099633,5.772293619424368,0.9682741705847958,6.343812272022924,-47.31240346099633,0,1.2711376449090044,True,True
coarse,55,0.025,0.2,7.3986093215088715,-7.3986093215088715,0.698239883702019,7.633438395494946,2.8349571539375313,30.31295689213986,15.375071488557074,0.3404193843563558,0.010610722515678149,37.42439501676882,5.316328842377683,0.45123428065413645,3.0564099489447836,-37.42439501676882,0,0.6544252529427776,True,True
coarse,55,0.025,0.4,1.3314564395554087,-1.3314564395554087,0.4129633806298944,3.3809077103010567,1.696475659419621,30.301948257454868,15.37506089466875,0.3404193843563558,0.010610722515678149,31.438221883137142,5.1809931279286685,0.377988935017771,2.3428450496626514,-31.438221883137142,0,0.22570808856781202,True,True
coarse,55,0.025,0.8,0.6697273886845055,0.6697273886845055,0.10537382728953419,3.7576617876670597,0.9692158073511165,30.288311627041388,15.381086314067774,0.3404193843563558,0.010610722515678149,29.40082147040205,5.298414217926069,0.20478635098870987,1.484751713284737,-29.40082147040205,0,0.10698053408440811,True,True
coarse,55,0.025,1.2,1.4132101115953377,1.4132101115953377,0.09594508196546248,3.805914545751534,0.7144681439201603,30.27897049672971,15.387220655383107,0.3404193843563558,0.010610722515678149,28.570878135122648,5.190490164017197,0.270528745619595,1.6496405029163406,-28.570878135122648,0,0.13803704669618874,True,True
coarse,55,0.025,1.6,1.926862120129791,1.926862120129791,0.054138321530105095,3.773683484507594,0.5826849438307998,30.271149628217323,15.391107213419138,0.3404193843563558,0.010610722515678149,28.115046059815278,5.0350032249414,0.25357339249676947,1.4863527678374218,-28.115046059815278,0,0.1508460445741412,True,True
coarse,55,0.025,2.4,1.8449751955687845,1.8449751955687845,0.1212972090473882,3.60521989004677,0.46346823589180913,30.25796089506492,15.393631282638056,0.3404193843563558,0.010610722515678149,28.315216959901562,4.926087231683414,0.14993831043874617,1.0440135612063983,-28.315216959901562,0,0.16018957151439842,True,True
coarse,55,0.025,3.2,1.5859314813260963,1.5859314813260963,0.17146910166652315,3.355056225560859,0.44421672627005054,30.247409107822435,15.3930359881321,0.3404193843563558,0.010610722515678149,28.506742590092028,4.902638217757134,0.1156525463660387,0.9576870698554302,-28.506742590092028,0,0.15738109460231614,True,True
coarse,55,0.05,0.0,51.130403303813424,-51.130403303813424,5.805280645582158,34.5379440842025,9.045820556346447,51.91456921738404,15.38087443726289,0.3404193843563558,0.010610722515678149,82.07208867524744,9.199020129501106,5.013090652926371,34.257953488264995,-82.07208867524744,0,4.4434640527183955,True,True
coarse,55,0.05,0.025,44.916187234500995,-44.916187234500995,3.8061777427001453,31.429724617909585,7.332268882969041,45.39461588876383,15.37970440242877,0.3404193843563558,0.010610722515678149,75.48630786773275,8.522866665844415,3.354445174892047,24.165173387388393,-75.48630786773275,0,3.5790764842971927,True,True
coarse,55,0.05,0.05,39.26909045911056,-39.26909045911056,2.600593734871669,28.486148336918838,6.050874860664055,39.524476325811705,15.378692465435465,0.3404193843563558,0.010610722515678149,69.56955662746084,7.901639960784173,2.2281174839870395,17.049630290849098,-69.56955662746084,0,2.9498580304069852,True,True
coarse,55,0.05,0.1,29.88814747665875,-29.88814747665875,1.6018851126205298,23.270252735916937,4.391403025249084,30.314286076693936,15.37709275585095,0.3404193843563558,0.010610722515678149,59.89178416790415,6.93716321599601,0.9559931976281903,8.771903008575785,-59.89178416790415,0,2.1605523761803367,True,True
coarse,55,0.05,0.2,17.814188874580253,-17.814188874580253,1.19794519659497,15.6511169918081,2.890663298465555,30.30955947592636,15.375284277027218,0.3404193843563558,0.010610722515678149,47.710658629639475,5.914286742093027,0.4352482102359242,3.9535385402393066,-47.710658629639475,0,1.367854778241933,True,True
coarse,55,0.05,0.4,7.597143521772996,-7.597143521772996,0.701857200511851,7.798099504919077,1.8126760852551669,30.30186188294342,15.375342232188267,0.3404193843563558,0.010610722515678149,37.5484903023414,5.3860283938465905,0.40820414681193656,2.501737796199442,-37.5484903023414,0,0.649924529039552,True,True
coarse,55,0.05,0.8,2.0936730646643245,-2.0936730646643245,0.17251133869633453,2.7201126706628833,1.0194063080819638,30.289764988508246,15.381172115515204,0.3404193843563558,0.010610722515678149,32.07442563133321,5.360988216464593,0.16359332862401765,1.173806177935599,-32.07442563133321,0,0.18713605931448996,True,True
coarse,55,0.05,1.2,0.4329614635348048,-0.4329614635348048,0.016578373479987835,1.9028301109764385,0.6840305928074165,30.27933105344104,15.387174992558391,0.3404193843563558,0.010610722515678149,30.40893776520982,5.266534197517853,0.19938092185980966,1.3833384390327017,-30.40893776520982,0,0.052826554608916935,True,True
coarse,55,0.05,1.6,0.39097322128226886,0.39097322128226886,0.03223751487106401,2.0311477961147126,0.5440989499877336,30.269861397277154,15.391049683367708,0.3404193843563558,0.010610722515678149,29.649607096339686,5.112225794602821,0.2099339215466874,1.3624080008108983,-29.649607096339686,0,0.053424777134922524,True,True
coarse,55,0.05,2.4,0.7069116549307676,0.7069116549307676,0.06872667241759267,2.4028242910967905,0.42223349058814685,30.253877394523066,15.393643488438252,0.3404193843563558,0.010610722515678149,29.442393875169106,4.981921446923093,0.13351378157737248,0.9842309230086302,-29.442393875169106,0,0.07945002665236645,True,True
coarse,55,0.05,3.2,0.676364306454852,0.676364306454852,0.12214152448857771,2.423475921081552,0.4067149530187854,30.241603532205342,15.393064801816983,0.3404193843563558,0.010610722515678149,29.41033971317177,4.9522414889388235,0.10127726849930101,0.8945888819186012,-29.41033971317177,0,0.09119489828754025,True,True
coarse,55,0.1,0.0,58.124780235196496,-58.124780235196496,4.848079413738935,45.54365185534489,7.023209608704731,58.44871934409433,15.380433456898174,0.3404193843563558,0.010610722515678149,88.51131496455491,11.179494118924941,3.0016986080752686,27.003073048090066,-88.51131496455491,0,4.612547624262052,True,True
coarse,55,0.1,0.025,52.62916249890145,-52.62916249890145,3.974417214834383,42.463821385621586,6.084650516471611,52.719749597963414,15.379440482449255,0.3404193843563558,0.010610722515678149,82.73215536613486,10.240862870280184,2.3698416868620766,21.741402145276034,-82.73215536613486,0,4.078350000927175,True,True
coarse,55,0.1,0.05,47.81801819110646,-47.81801819110646,3.357790520752645,39.61018811985325,5.3411987313247735,47.85059388563087,15.378581845465867,0.3404193843563558,0.010610722515678149,77.74789752182215,9.423216308012226,1.8553584737519278,17.51387922980117,-77.74789752182215,0,3.647707929816195,True,True
coarse,55,0.1,0.1,39.90316386231292,-39.90316386231292,2.608158544468553,34.54199128419729,4.281093769945189,40.457469467025014,15.377226248448524,0.3404193843563558,0.010610722515678149,69.68705174372197,8.155360342455657,1.1281609424541008,11.628677669721094,-69.68705174372197,0,3.005000269181899,True,True
coarse,55,0.1,0.2,28.848010777262687,-28.848010777262687,1.9070456821342336,26.59364876152573,3.1147168530179634,30.301874763165873,15.375708570716764,0.3404193843563558,0.010610722515678149,58.61485652412872,6.701677169624628,0.5929969073587558,6.436007719011916,-58.61485652412872,0,2.191669765301857,True,True
coarse,55,0.1,0.4,16.455218297757757,-16.455218297757757,1.2062866375375658,16.57389022718136,2.087882498438963,30.300119545328872,15.37586956995018,0.3404193843563558,0.010610722515678149,46.18571196178038,5.696271756011785,0.5257061434247995,3.829568309708244,-46.18571196178038,0,1.2965640532641332,True,True
coarse,55,0.1,0.8,6.323606870713947,-6.323606870713947,0.4748177115583144,7.544369971851026,1.224360897562363,30.291159784415076,15.38133188077496,0.3404193843563558,0.010610722515678149,36.027650586209504,5.436994706272739,0.25475357410690364,1.5063390379081172,-36.027650586209504,0,0.517760418209694,True,True
coarse,55,0.1,1.2,2.9661542524542623,-2.9661542524542623,0.1694188101577117,3.9999356561691664,0.8124877585343361,30.279074269966884,15.3870879460039,0.3404193843563558,0.010610722515678149,32.80199731516762,5.372855535846624,0.12583526767604666,1.031169262526631,-32.80199731516762,0,0.23727115606378502,True,True
coarse,55,0.1,1.6,1.6538853297813643,-1.6538853297813643,0.11210346496913284,2.3451475507472557,0.6011031284125221,30.266764166500444,15.390934708889068,0.3404193843563558,0.010610722515678149,31.621053247516404,5.234685279685382,0.13749397305578306,1.1429379918575302,-31.621053247516404,0,0.14008497553026683,True,True
coarse,55,0.1,2.4,0.8760107557868398,-0.8760107557868398,0.0733251972737227,1.2905425712498089,0.42057997633583977,30.245685765076118,15.393653347610522,0.3404193843563558,0.010610722515678149,30.966790108366343,5.070021320833014,0.10770732660248568,0.9156119554072953,-30.966790108366343,0,0.07975858037040737,True,True
coarse,55,0.1,3.2,0.6138025713443337,-0.6138025713443337,0.0652160771494407,1.1712623168620546,0.37371331436038424,30.230183510639183,15.39310721704949,0.3404193843563558,0.010610722515678149,30.657400605806338,5.029011255764179,0.0807851013826437,0.8142451088876674,-30.657400605806338,0,0.06286109386699568,True,True
coarse,55,0.2,0.0,59.63547404728996,-59.63547404728996,4.429755289044024,52.80258058893308,5.870860746755987,60.081026356304385,15.379989345531442,0.3404193843563558,0.010610722515678149,89.25597443986817,10.740267627388816,2.049565003439223,19.789158731305747,-89.25597443986817,0,4.625163126702495,True,False
coarse,55,0.2,0.025,55.061532440367884,-55.061532440367884,4.042462427988096,50.04153955340096,5.4041618067624775,56.21944576560595,15.379257472340747,0.3404193843563558,0.010610722515678149,84.54257402439703,10.206828240842194,1.8233179011372749,17.8062697031441,-84.54257402439703,0,4.269008356123212,True,True
coarse,55,0.2,0.05,51.22886268233475,-51.22886268233475,3.717621463771921,47.56037184381182,5.000812233825816,53.110513071039776,15.378624217780615,0.3404193843563558,0.010610722515678149,80.64830576414752,9.688758741738217,1.6007279683439457,15.934830081050587,-80.64830576414752,0,3.9688975502912514,True,True
coarse,55,0.2,0.1,45.16358383642248,-45.16358383642248,3.213371504967013,43.26671422848031,4.349184227447753,48.1540913815305,15.377625355150846,0.3404193843563558,0.010610722515678149,74.57434540527147,8.750385163831977,1.2115421139794809,12.730164644184187,-74.57434540527147,0,3.4931431217225617,True,True
coarse,55,0.2,0.2,36.74660914099407,-36.74660914099407,2.5692468991213278,36.522414786843555,3.473903984289199,40.74063092219389,15.376523575685667,0.3404193843563558,0.010610722515678149,66.23798370170802,7.3667765011614454,0.8006354761471524,8.81709198848356,-66.23798370170802,0,2.8407587753852543,True,True
coarse,55,0.2,0.4,25.529170691160523,-25.529170691160523,1.8241083637600852,26.976849330023505,2.5285768878333723,30.51454781434766,15.376793121666186,0.3404193843563558,0.010610722515678149,54.884755472629095,6.0255559520268935,0.7248650889024557,6.104649327352823,-54.884755472629095,0,1.998609319062514,True,True
coarse,55,0.2,0.8,10.945526547571166,-10.945526547571166,0.9288743227366704,15.206390143772495,1.6037626460354033,30.28904541386286,15.38160813087576,0.3404193843563558,0.010610722515678149,39.805674177850044,5.451344696169571,0.5042503748039198,3.281858210846122,-39.805674177850044,0,0.9324200979215392,True,True
coarse,55,0.2,1.2,4.4739256782319465,-4.4739256782319465,0.42667784092518446,9.031053837793696,1.0970432131714554,30.275316704008283,15.386925628552953,0.3404193843563558,0.010610722515678149,33.64410645707367,5.441113078673579,0.28317490320194394,1.6454119305850932,-33.64410645707367,0,0.4235500688233875,True,True
coarse,55,0.2,1.6,2.4656816340553185,-2.4656816340553185,0.19665243069499713,5.8900406400528915,0.7914008682105378,30.258838224224245,15.390702040543147,0.3404193843563558,0.010610722515678149,32.08118350508703,5.371415273643527,0.1582083734246936,1.1104454612667083,-32.08118350508703,0,0.23446224811242228,True,True
coarse,55,0.2,2.4,1.8632480426228066,-1.8632480426228066,0.14027121758483252,3.1913479636386293,0.5242726923626146,30.22931879999821,15.393619113954015,0.3404193843563558,0.010610722515678149,31.802446374126212,5.168728079345408,0.08091782276894553,0.9001216680637875,-31.802446374126212,0,0.16339132015183075,True,True
coarse,55,0.2,3.2,1.6013261211223775,-1.6013261211223775,0.0943443873436044,2.0373372339487794,0.4319476272161101,30.208159766587112,15.393135337791364,0.3404193843563558,0.010610722515678149,31.52037840028795,5.1062817564472756,0.06058980553000308,0.7711640535577692,-31.52037840028795,0,0.1276881809398956,True,True
coarse,55,0.4,0.0,43.76663318538749,-43.76663318538749,3.165546392991799,52.501585771647605,4.811442884000732,60.447253976734494,15.380000434505565,0.3404193843563558,0.010610722515678149,70.06925683256092,8.857374934442145,1.3541058423256338,12.614846975215483,-70.06925683256092,0,3.4958498200588437,True,False
coarse,55,0.4,0.025,42.53445808053782,-42.53445808053782,3.1009568697851146,50.72370721745631,4.628717652938602,58.35245502705886,15.379560658624431,0.3404193843563558,0.010610722515678149,69.40509749860936,8.735811228515402,1.2720999297228732,12.11099147327808,-69.40509749860936,0,3.400292323006524,True,True
coarse,55,0.4,0.05,41.2953053643566,-41.2953053643566,3.036351976978315,49.08635519963247,4.458625505195849,56.51528944830943,15.379178247057418,0.3404193843563558,0.010610722515678149,68.56619397576225,8.576443090197781,1.1877812499022482,11.580464399199894,-68.56619397576225,0,3.3057595803873827,True,True
coarse,55,0.4,0.1,38.92860916141369,-38.92860916141369,2.9052616020395137,46.17074073023807,4.151653788459795,53.38139463711281,15.378572048503713,0.3404193843563558,0.010610722515678149,66.70502708999284,8.184887246262052,1.0305821526776078,10.538072934351346,-66.70502708999284,0,3.125339511536138,True,True
coarse,55,0.4,0.2,34.76792661319831,-34.76792661319831,2.642865181755052,41.4067497211784,3.648292566380964,48.42363230730419,15.377908260547379,0.3404193843563558,0.010610722515678149,62.97124472843441,7.334651615568647,0.8526952342991434,9.008982129753573,-62.97124472843441,0,2.803781497408841,True,True
coarse,55,0.4,0.4,27.02071815394411,-27.02071815394411,2.1492296572444523,34.09341568439728,2.940933166541517,41.04575902810221,15.378198381107943,0.3404193843563558,0.010610722515678149,55.00779082666657,6.088350879446652,0.8597822801502895,7.745100701555678,-55.00779082666657,0,2.220509582883876,True,True
coarse,55,0.4,0.8,9.243466833654333,-9.243466833654333,1.3490248486218182,22.08979481657321,2.07724043459685,30.88373922622841,15.382011930017416,0.3404193843563558,0.010610722515678149,39.9006289410141,5.255029569797604,0.7549394324788268,5.660863635071824,-35.88665394666567,0,1.0174530144762297,True,True
coarse,55,0.4,1.2,1.8563869023699933,1.7781313362311493,0.7957588846275823,13.8225677558553,1.5279833786690993,30.2589918757792,15.38661599722921,0.3404193843563558,0.010610722515678149,32.86905491347118,5.291555998810434,0.5997708330585624,4.004975725633073,-25.82226704351734,0,0.4319141795785864,True,True
coarse,55,0.4,1.6,3.861642859158305,3.861642859158305,0.40934526863499,9.767036733134361,1.1392356675538082,30.238343968726248,15.390209707453174,0.3404193843563558,0.010610722515678149,25.31947626538631,5.400540754843473,0.4669328327127357,2.892386686660345,-25.31947626538631,0,0.3954253947809165,True,True
coarse,55,0.4,2.4,0.498036317665379,0.498036317665379,0.03418264105642265,5.216744237797968,0.6728956140947021,30.1974009920944,15.393365640316478,0.3404193843563558,0.010610722515678149,29.845079054779667,5.2108211561481985,0.24480032315604827,1.6028333100942234,-29.845079054779667,0,0.08791537116978745,True,True
coarse,55,0.4,3.2,1.011702997521006,-1.011702997521006,0.11992006501257926,3.71886155912953,0.5414956002674183,30.16767167181776,15.392995255041617,0.3404193843563558,0.010610722515678149,31.041981297990798,5.084784074547444,0.10001655354116001,0.9490788607093006,-31.041981297990798,0,0.12040364644657221,True,True
coarse,55,0.8,0.0,10.741065840934958,-10.741065840934958,1.967381767523868,36.1542936634669,3.63665055112686,60.866825683589134,15.38075960005102,0.3404193843563558,0.010610722515678149,46.21498836579098,7.092044102206541,0.8501730617617067,7.293691056052981,-39.8806210847836,0,1.3896069090828618,True,False
coarse,55,0.8,0.025,12.022367783708853,-12.022367783708853,1.9634623427974442,36.23355162348741,3.5845842063020172,59.752197739527126,15.380531746910062,0.3404193843563558,0.010610722515678149,45.94975151564447,7.071478276227823,0.8204439254708126,7.177943865843505,-41.05106951761447,0,1.4525018757717416,True,True
coarse,55,0.8,0.05,13.031898648992401,-13.031898648992401,1.95949599144158,36.198923735034406,3.5341977834203826,58.71652479156531,15.380330365039569,0.3404193843563558,0.010610722515678149,45.71925421527616,7.031339856506635,0.7916353422850572,7.065707667557223,-41.96734988834024,0,1.5008749578964191,True,True
coarse,55,0.8,0.1,14.351041629999113,-14.351041629999113,1.948049534736187,35.866563010797336,3.4368850525364287,56.85657079900638,15.380003336957914,0.3404193843563558,0.010610722515678149,45.392673010183906,6.901885128581614,0.7415811396891305,6.870130915924098,-43.132122329253754,0,1.5596107427664057,True,True
coarse,55,0.8,0.2,14.92448529074629,-14.92448529074629,1.8990779471690047,34.53994281044127,3.2500810558142375,53.7166858806198,15.379626632971286,0.3404193843563558,0.010610722515678149,45.29869447581671,6.521872799835368,0.6928536683648296,6.66722218831149,-43.44224981651254,0,1.5619325076880506,True,True
coarse,55,0.8,0.4,11.366719264497751,-11.366719264497751,1.7031388872778834,30.720034758729334,2.89813076233784,48.8133856614984,15.379784574710548,0.3404193843563558,0.010610722515678149,46.35032908954462,5.7378911804406245,0.7269483523657022,6.649636122392751,-39.34261899312321,0,1.297476052516414,True,True
coarse,55,0.8,0.8,3.4089644638127083,3.4089644638127083,1.254941217214581,22.027307621760553,2.31215151291156,41.62452154835133,15.382350526826224,0.3404193843563558,0.010610722515678149,46.33358891714984,5.002832669118195,0.7436269424359491,6.154373255685888,-24.140755102113435,0,0.7055246778212324,True,True
coarse,55,0.8,1.2,13.618560572975365,13.618560572975365,0.9966644496080571,18.654622420843594,1.8908586683994435,36.138007962252544,15.385920836797668,0.3404193843563558,0.010610722515678149,41.07900253015484,5.072788492447919,0.7810208204009158,6.02496952964216,-15.58349744213717,0,1.1164457113617248,True,True
coarse,55,0.8,1.6,13.529476021636668,13.529476021636668,0.8801473508012305,16.42270685029938,1.5853789552633555,31.87863390966657,15.38907251344804,0.3404193843563558,0.010610722515678149,32.51677430661946,5.423199594006245,0.8199105259798749,6.025448125377762,-17.996259868128156,0,1.0592714140912267,True,True
coarse,55,0.8,2.4,1.7278342142590764,0.1264750249171603,0.6221882683198467,10.523961302480572,1.1383694214056974,30.14067580745716,15.392321596705901,0.3404193843563558,0.010610722515678149,33.66692415222862,5.322438393939543,0.7665602900350326,5.079655357161984,-33.66692415222862,0,0.3482392628528957,True,True
coarse,55,0.8,3.2,5.494472806593112,-5.494472806593112,0.3600786677812798,7.2639524706178635,0.8511641021782165,30.61534509626543,15.39213661675934,0.3404193843563558,0.010610722515678149,35.986046765298994,4.906851453512651,0.4516182655726289,2.876823992498577,-35.986046765298994,0,0.4391841546964351,True,True
coarse,55,1.2,0.0,8.981544491618685,-8.981544491618685,1.5889956252813495,26.772444656565956,3.0229205407985638,61.21524281943532,15.381176289792453,0.3404193843563558,0.010610722515678149,46.164382903861586,6.356418884105651,0.6507449010858832,5.740834134577711,-39.3300853091971,0,1.1188239628562913,True,False
coarse,55,1.2,0.025,9.436438393713203,-9.436438393713203,1.5616887455702917,27.029582912147056,2.9927126487575215,60.43680032228595,15.381018955550815,0.3404193843563558,0.010610722515678149,46.02556994828901,6.342087670905393,0.63179155305145,5.631818715062118,-39.72838354878278,0,1.1363911638225552,True,False
coarse,55,1.2,0.05,9.794349060464421,-9.794349060464421,1.5368752277743514,27.214956152221156,2.9637174187406776,59.71117267274018,15.380877926997853,0.3404193843563558,0.010610722515678149,45.90625849903223,6.317596760202536,0.6137370617337092,5.531689421296148,-40.0298232892235,0,1.1491543164434994,True,True
coarse,55,1.2,0.1,10.234882089865632,-10.234882089865632,1.4927254056821226,27.393650127670206,2.9083853065170215,58.349561476088965,15.380643405092254,0.3404193843563558,0.010610722515678149,45.732818378066476,6.242247561593514,0.5822460819168654,5.364187519043346,-40.358858783915515,0,1.1607285093717996,True,True
coarse,55,1.2,0.2,10.166224306780261,-10.166224306780261,1.414158277049947,27.136166826239123,2.802988773180222,56.004537150669535,15.380353989128142,0.3404193843563558,0.010610722515678149,45.64230928929971,6.020416417157941,0.5456176803958723,5.172149885080405,-40.08048649858933,0,1.133785978303496,True,True
coarse,55,1.2,0.4,7.420649731447826,-7.420649731447826,1.2487582403145279,25.080892343757785,2.5934836227656666,52.228151084395286,15.380401336217354,0.3404193843563558,0.010610722515678149,46.24390154481976,5.534981249194565,0.5468419618059936,5.083156071349207,-36.99851129020045,0,0.9346066662275287,True,True
coarse,55,1.2,0.8,2.826333461198972,2.826333461198972,0.9258339426378276,19.108221143383837,2.1922246284888542,46.60435891852705,15.382229601308087,0.3404193843563558,0.010610722515678149,46.35200195200988,5.0658026039639825,0.5726342132324793,4.907637319798647,-26.517845028275186,0,0.5678309987784677,True,True
coarse,55,1.2,1.2,10.99639371736654,10.99639371736654,0.8046976070248565,18.209140838795758,1.888057311184277,42.4022650391631,15.385057339795646,0.3404193843563558,0.010610722515678149,42.47709821792599,5.190550743785513,0.6795339797871808,5.475147208628239,-19.391528026419188,0,0.9335875376077131,True,True
coarse,55,1.2,1.6,10.88406334140721,10.88406334140721,0.9217230637532046,17.591806020016456,1.6980755746924365,39.24935023012063,15.387760435688037,0.3404193843563558,0.010610722515678149,34.581832678006165,5.617274435426596,0.8230047067230867,6.4731849571806155,-21.807601542583594,0,0.9489786494286098,True,True
coarse,55,1.2,2.4,8.037960028602672,-8.037960028602672,1.1808319898521025,13.777283006506043,1.4946241905157553,40.17026683420843,15.390853044750116,0.3404193843563558,0.010610722515678149,44.27116763910035,5.494309428046319,1.1021827424846697,7.9468829918559845,-44.27116763910035,0,0.836338654511359,True,True
coarse,55,1.2,3.2,14.333753105953871,-14.333753105953871,0.9534927929781268,12.041313174205651,1.2953457875499044,42.10382515695785,15.390811689036884,0.3404193843563558,0.010610722515678149,40.458959225179,4.712242244985147,0.8626064904014988,5.882332967514575,-40.458959225179,0,1.0765709108362578,True,True
coarse,55,1.6,0.0,9.762327374824732,-9.762327374824732,1.471060728611527,22.226920411890042,2.670862309375322,61.51307544022772,15.381197368767987,0.3404193843563558,0.010610722515678149,47.57412730414763,5.821144306264121,0.53539544191551,5.060309195444595,-39.92038356836584,0,1.0847474286627334,True,False
coarse,55,1.6,0.025,9.985553408075155,-9.985553408075155,1.4264577976668125,22.446004997948545,2.6436090372265397,60.93804014871527,15.381072945957044,0.3404193843563558,0.010610722515678149,47.467886271904426,5.817327703093815,0.5209148266622701,4.95149309052209,-40.123843062387934,0,1.086138387568505,True,False
coarse,55,1.6,0.05,10.150706302136886,-10.150706302136886,1.3849016118145197,22.61947695083274,2.617610486143782,60.37679724222849,15.380960105974731,0.3404193843563558,0.010610722515678149,47.373282055505676,5.807240966306282,0.5072051101256535,4.85120794704997,-40.26798168850407,0,1.0850277724896977,True,False
coarse,55,1.6,0.1,10.315529422776088,-10.315529422776088,1.3101056403528826,22.83892324818766,2.568835669419153,59.280229643507575,15.380768500599226,0.3404193843563558,0.010610722515678149,47.22163476931495,5.7706972681221425,0.48297100670374277,4.678133200431828,-40.38800311348896,0,1.0756016806713855,True,True
coarse,55,1.6,0.2,10.06414476649729,-10.06414476649729,1.1867256225023832,22.837357774669464,2.4804705251840877,57.37462067171724,15.380516112236903,0.3404193843563558,0.010610722515678149,47.067268567816896,5.65203356757876,0.45048558620686496,4.438358796201735,-40.04301429192005,0,1.0307305228763672,True,True
coarse,55,1.6,0.4,7.901746888748086,-7.901746888748086,0.9970051448666487,21.578805422951355,2.319313870952374,54.266234373885254,15.380482204003219,0.3404193843563558,0.010610722515678149,47.15914650503087,5.377569279161039,0.43256435373633406,4.190811539625732,-37.70786971403668,0,0.8620592946517391,True,True
coarse,55,1.6,0.8,0.25648964181574924,-0.23810549750702878,0.71163853172614,16.463808049160537,2.015774215165515,49.664241222442215,15.381809115085069,0.3404193843563558,0.010610722515678149,47.265014797153356,5.13695797513497,0.4364343285706026,3.868593066413451,-29.8535817483986,0,0.36087000260790075,True,True
coarse,55,1.6,1.2,6.59744464581256,6.59744464581256,0.5815891871529801,15.728325140583738,1.7724170998899518,46.47045702945456,15.384066934924942,0.3404193843563558,0.010610722515678149,44.44074152220601,5.303245248378655,0.5301505852231271,4.341780150636297,-23.765725436607976,0,0.6352999689740962,True,True
coarse,55,1.6,1.6,6.724420300753262,6.724420300753262,0.7242543433881901,15.996394433415379,1.6407101125425023,46.687306542957664,15.386360678838843,0.3404193843563558,0.010610722515678149,37.868821051182714,5.70999503506463,0.6807271767461102,5.483854640882896,-25.858388625644533,0,0.6773968765968731,True,True
coarse,55,1.6,2.4,14.84787896426881,-14.84787896426881,1.3612618761828066,15.133266535734032,1.648513682316701,48.10566369062484,15.389201721494372,0.3404193843563558,0.010610722515678149,51.0209367447952,5.502762130790194,1.1480115371057955,8.729752690354164,-51.0209367447952,0,1.235756469800663,True,True
coarse,55,1.6,3.2,15.191024785597623,-15.191024785597623,1.3677238931482159,14.86616305265768,1.6178083691340095,49.44470021898124,15.389277054101754,0.3404193843563558,0.010610722515678149,51.49132931930217,4.491282135440616,1.0722894389889783,7.819857354838566,-30.635799500472803,0,1.251801681945847,True,True
coarse,55,2.4,0.0,9.496651105403442,-9.496651105403442,1.4032889764855778,17.729018045405418,2.305176631541185,62.207180880074844,15.380607751152375,0.3404193843563558,0.011225936760422835,50.66733683560093,6.259150119661998,0.38330870230588726,4.265331990398786,-39.39852923231149,0,1.0110629012657162,True,False
coarse,55,2.4,0.025,9.576627576200236,-9.576627576200236,1.3487497072203385,17.868341363724976,2.2767346917840854,61.77759527232423,15.380511810065792,0.3404193843563558,0.011143960334963973,50.605810297045146,6.156566648003043,0.3735992092357311,4.166139728240941,-39.46403832899681,0,1.0021231975641787,True,False
coarse,55,2.4,0.05,9.627843675951182,-9.627843675951182,1.2966375612146699,17.98431877626253,2.249419574311497,61.35333361744997,15.380422972633017,0.3404193843563558,0.011064257312406872,50.54901491805863,6.056217251756298,0.3645421012533562,4.073878975714249,-39.500447929551214,0,0.9921761190392232,True,False
coarse,55,2.4,0.1,9.647712970012867,-9.647712970012867,1.1997057185268405,18.149123066390334,2.198045814497643,60.52062003824095,15.380266363729225,0.3404193843563558,0.010911497316845346,50.45042406144291,5.862536025877835,0.34861118684561776,3.9099168005948877,-39.48992821231924,0,0.9694705516349142,True,False
coarse,55,2.4,0.2,9.389332866022333,-9.389332866022333,1.0338175242744445,18.23343259617149,2.1070950490113285,59.08828481838743,15.380035245298407,0.3404193843563558,0.010631209751157557,50.31395423651848,5.504488095677393,0.3259315842698976,3.655774006573688,-39.169102608005645,0,0.914295953668074,True,True
coarse,55,2.4,0.4,7.945376420630495,-7.945376420630495,0.7941662322443663,17.6164628521562,1.960661677253433,56.60121436839011,15.379878436930266,0.3404193843563558,0.010610722515678149,50.23172123869901,5.160655331111917,0.3072298818812046,3.3261513961724503,-37.59760422072281,0,0.7746511917045951,True,True
coarse,55,2.4,0.8,2.879285825377195,-2.879285825377195,0.5209056625365628,14.44026812620358,1.7404222871498356,55.56669651977449,15.380542750152182,0.3404193843563558,0.010610722515678149,49.99489305019468,5.199535560052207,0.30135181563143765,2.885800887271967,-32.349419641784124,0,0.42296454728721056,True,True
coarse,55,2.4,1.2,2.1202950026876257,2.1202950026876257,0.3538433934905605,11.332237713516744,1.5685413061219333,55.97725937726931,15.381982027008819,0.3404193843563558,0.010610722515678149,48.18862801685521,5.3924949007889795,0.3405701968262657,2.8818861809527108,-27.784905191315296,0,0.31454067269028074,True,True
coarse,55,2.4,1.6,2.695864981088874,2.695864981088874,0.33315930404771443,11.791063247194526,1.462359923123609,56.37928985834032,15.383607494481494,0.3404193843563558,0.010610722515678149,45.81621395502687,5.659510104349218,0.41026188385468754,3.342035413054296,-28.74896040401692,0,0.34023670544533996,True,True
coarse,55,2.4,2.4,14.77341007114175,-14.77341007114175,1.008254577924695,13.676094830413524,1.5713874355309336,57.15813880257408,15.385900327303393,0.3404193843563558,0.010610722515678149,49.83623185662372,5.252751324348129,0.7835269115369711,6.362613239104482,-45.465027101367184,0,1.130377870244827,True,True
coarse,55,2.4,3.2,7.929527928948903,2.5864004173534303,1.4171175254574002,14.74143440537066,1.8326788676924632,57.90391172324097,15.386161948191003,0.3404193843563558,0.010610722515678149,56.42878846983406,6.096853926445819,0.9335174329638164,7.512998213475069,-14.447171996576396,0,0.9035467976554472,True,True
coarse,55,3.2,0.0,8.681470162176467,-8.681470162176467,1.3466557908847814,15.301775913668473,2.1324427063654654,62.950306538405485,15.379731398380086,0.3404193843563558,0.013013988294445278,54.43357064851984,6.9663744369735365,0.2874189199896284,3.750670571240285,-38.44923457950296,0,0.9330960901819204,True,False
coarse,55,3.2,0.025,8.701165262403055,-8.701165262403055,1.2958612844336346,15.390545408833237,2.104426652160226,62.58697187355085,15.379646028806427,0.3404193843563558,0.012949148562316819,54.437465659019956,6.928472181097796,0.2797988118309263,3.659386856183224,-38.46017219916879,0,0.9216641857100186,True,False
coarse,55,3.2,0.05,8.703406429481834,-8.703406429481834,1.2468729179444766,15.46498838771141,2.077337259423541,62.227617454783434,15.37956562584174,0.3404193843563558,0.01288539986232639,54.44375458928349,6.89159361337318,0.272717573733667,3.5733066866039493,-38.45325752043664,0,0.9097068734627658,True,False
coarse,55,3.2,0.1,8.657419518868265,-8.657419518868265,1.1543696736887759,15.572229035813615,2.0259166658657772,61.52050712913922,15.3794196032927,0.3404193843563558,0.012761180921934035,54.46369915036871,6.820981721504673,0.2602589622440204,3.4164313487201516,-38.38785230640248,0,0.8843351831585928,True,False
coarse,55,3.2,0.2,8.37908445877826,-8.37908445877826,0.9909270476969254,15.630957553680071,1.933694295654525,60.608203489271915,15.379185599638445,0.3404193843563558,0.012525773568088953,54.53227856422609,6.692592751108154,0.24221265089465177,3.1584374384836518,-38.066908529009964,0,0.8285402764976437,True,False
coarse,55,3.2,0.4,7.207749350237769,-7.207749350237769,0.7405455051732559,15.220210602960222,1.785952736950716,60.74350540182767,15.378937375813335,0.3404193843563558,0.012105012763154946,54.75334475100496,6.487732943040525,0.22751288000310974,2.8003924338266333,-36.80117487410008,0,0.7015411664271047,True,False
coarse,55,3.2,0.8,3.34015061716656,-3.34015061716656,0.4394474498622637,12.95510634985678,1.5857039874883883,61.00985290160917,15.379177981908152,0.3404193843563558,0.011435345202964993,55.12117633145294,6.286310202589765,0.23166578565429438,2.375566744863624,-32.81586335943635,0,0.41073880878002705,True,False
coarse,55,3.2,1.2,0.5379020356796638,0.5379020356796638,0.25627757657020345,9.927540579729264,1.4488835452533884,61.27100894688724,15.380067798218777,0.3404193843563558,0.010937164870229516,54.784024069743005,6.3341245723574,0.25635721588289195,2.247625934023877,-29.25198838264516,0,0.19736856849050977,True,False
coarse,55,3.2,1.6,1.5315055405919982,1.5315055405919982,0.1564606645260421,8.83991516745488,1.3573833392856816,61.527399318349715,15.38120190625537,0.3404193843563558,0.010610722515678149,53.757390808898116,6.552000568553342,0.2799566042305362,2.3122817685193637,-29.226262523134178,0,0.21153586921809853,True,False
coarse,55,3.2,2.4,7.789214955706639,-7.789214955706639,0.6037783913791933,10.040068439484603,1.4688748597770973,62.026912348269704,15.383013839311065,0.3404193843563558,0.010610722515678149,56.344454033201735,7.328164351764239,0.4391930307971782,3.705273219700426,-36.659502989006576,0,0.6480738058248073,True,False
coarse,55,3.2,3.2,2.9496707812624954,0.40509366673632874,0.7216009849806843,14.1690583878604,2.5071832750285705,74.8772597970683,15.383417989371578,0.34041938435638824,0.010610722515677146,58.736575996291734,8.105432679721726,0.425491110316999,3.6321566888982835,-24.16543302267964,0,0.4869263188513902,True,False
