stage,seed,eta_c,eta_cb,late_abs_early_deg,late_signed_early_deg,late_endpoint_mm,adapt_abs_early_deg,adapt_endpoint_mm,max_adapt_abs_early_deg,max_adapt_endpoint_mm,max_baseline_abs_early_deg,max_baseline_endpoint_mm,max_washout_abs_early_deg,max_washout_endpoint_mm,late_path_rmse_mm,late_velocity_rmse_mm_s,first_washout_deg,clip_events,objective,all_finite,stable
fine,11,0.0,3.46666667,2.989254316416249,2.989254316416249,0.330121148946737,4.067331288133689,0.6592369174766113,29.777349806762103,15.212170095474495,0.22155394914063353,0.01981116386445652,27.061312318639384,4.783238389506528,0.14328064112332406,1.2469942760256287,-27.061312318639384,0,0.2766592755154182,True,True
fine,11,0.0,3.73333333,2.932233439352334,2.932233439352334,0.32949158967808534,3.979580425869396,0.6630433371740752,29.775756075957133,15.211951803085997,0.2232323246692592,0.01981116386445652,27.12847026020587,4.789938986912852,0.13653395422069461,1.2296921866712667,-27.12847026020587,0,0.2729817810598091,True,True
fine,11,0.0,4.0,2.8712799873437524,2.8712799873437524,0.3295267858909715,3.899873738158997,0.6729535355885289,29.77438661465358,15.211770293884474,0.22468190139204616,0.01981116386445652,27.1782469937674,4.7999063198035685,0.13203575001511444,1.2170128886697602,-27.1782469937674,0,0.2694406164616563,True,True
fine,11,0.0,4.26666667,2.824331989365797,2.824331989365797,0.3274397840063137,3.827906158893795,0.6914285662204829,29.77320422573393,15.211621313511698,0.22593640407450427,0.01981116386445652,27.21064555461891,4.8074859025226635,0.1301763380028947,1.2032302848459426,-27.21064555461891,0,0.26627361584987347,True,True
fine,11,0.0,4.53333333,2.7927939501755317,2.7927939501755317,0.3231775845749538,3.763244947321298,0.7211478647925809,29.772175684036448,15.211499107986878,0.22702780394277738,0.01981116386445652,27.236613415623225,4.811828117523126,0.1295949050780439,1.1864206825569472,-27.236613415623225,0,0.2635779300565419,True,True
fine,11,0.0,5.06666667,2.745722641318618,2.745722641318618,0.3132778027281976,3.65257641823235,0.8191925582219464,29.770472194220396,15.211314602195152,0.2288297253060831,0.01981116386445652,27.29632603458334,4.819732579735458,0.12730509195596829,1.1483196642872917,-27.29632603458334,0,0.2594292188839353,True,True
fine,11,0.0,5.33333333,2.720751383414084,2.720751383414084,0.30923353396084863,3.605513843007924,0.9046757165569158,29.769754867462332,15.211244486951456,0.2295839302051958,0.01981116386445652,27.32709994849946,4.826344699866812,0.12521746656804353,1.1297404063135035,-27.32709994849946,0,0.25817418430292544,True,True
fine,11,0.0,5.6,2.6972022028627634,2.6972022028627634,0.30560380187931063,3.564535415548557,1.0391982861876061,29.76910528583189,15.21118529758284,0.2302632052100686,0.01981116386445652,27.352248182548532,4.834791001248173,0.12308198618802144,1.1115760693211407,-27.352248182548532,0,0.2579458865625961,True,True
fine,11,0.0,5.86666667,2.681721551273129,2.681721551273129,0.301839875057221,3.531922248824776,1.2778589294500275,29.768510817588517,15.211134900590215,0.23088094545431925,0.01981116386445652,27.36721092492276,4.845490477627717,0.12124423552453574,1.0926650571872998,-27.36721092492276,0,0.25985877960166537,True,True
fine,11,0.0,6.13333333,2.6869264681189873,2.6869264681189873,0.2974382165586702,3.6366010343731077,1.7364829156783919,29.767961172889343,15.21109157553609,0.23144816588347664,0.01981116386445652,27.3623555890946,4.861742649049054,0.1197538425363966,1.0708756581331684,-27.3623555890946,0,0.2673847900163469,True,True
fine,11,0.00416667,0.0,14.755809148487913,14.755809148487913,13.841094440119647,21.768106593763168,14.463753289621499,29.872696102857407,15.20485066956653,0.12713163029894825,0.01981116386445652,16.299830166639353,1.089302089421351,11.905589949254207,51.11077379421922,-16.299830166639353,0,4.615800793801378,True,True
fine,11,0.00833333,0.0,0.9608842375361079,0.6450186215427489,12.602193421684571,13.927973392936511,13.770634200570063,29.86926059783793,15.204798009466773,0.13040340162083316,0.01981116386445652,31.18077255207197,2.0890766735608466,10.92722228974538,48.38599606559818,-31.18077255207197,0,3.539669374993499,True,True
fine,11,0.0125,0.0,11.093893312969731,-11.093893312969731,11.479031529549037,11.759200683206831,13.122757607836368,29.865910024597383,15.204746798401422,0.13359850100029738,0.01981116386445652,43.25185541760844,2.9912066530408814,10.041393451629018,45.921248251593646,-43.25185541760844,0,3.7368700309813643,True,True
fine,11,0.01666667,0.0,20.240771140180776,-20.240771140180776,10.463140080783873,13.397544486949888,12.517517196343968,29.862642584291248,15.204697007651161,0.13671846243363484,0.01981116386445652,52.4197701398086,3.8039042244233814,9.240182182009352,43.689983921267,-52.4197701398086,0,3.944004375974426,True,True
fine,11,0.02083333,0.0,27.20544157181331,-27.20544157181331,9.546689739514987,15.996357878515933,11.952473266746695,29.859456513473866,15.204648609058557,0.1397647915427286,0.01981116386445652,59.256442035560084,4.534829635613511,8.51627509860927,41.66800938067701,-59.256442035560084,0,4.0755493465542125,True,True
fine,11,0.02916667,0.0,36.616267025393455,-36.616267025393455,7.983652303721985,21.328994611714013,10.93396766437301,38.01919619821876,15.204555877487497,0.14564249830689718,0.01981116386445652,68.30528594179636,5.779327394010885,7.273868315416864,38.16603072690465,-68.30528594179636,0,4.183127651323488,True,True
fine,11,0.03333333,0.0,39.83269206631081,-39.83269206631081,7.324107594165758,23.716357740026304,10.47635182580387,41.0948174254752,15.204511490963334,0.14847674676259326,0.01981116386445652,71.35078326719425,6.305590319556009,6.74337637349042,36.6481442557663,-71.35078326719425,0,4.191480035733079,True,True
fine,11,0.0375,0.0,42.397166400226396,-42.397166400226396,6.737950709224937,25.87370232739,10.050589234399279,43.53277143682592,15.204468388815645,0.15124314784673237,0.01981116386445652,73.76202447078862,6.775519062400662,6.266116820779887,35.26348769212593,-73.76202447078862,0,4.184185497666708,True,True
fine,11,0.04166667,0.0,44.47281468799411,-44.47281468799411,6.219674166512641,27.816618043197696,9.654882802563582,45.49642398397674,15.204426545591298,0.1539430697834716,0.01981116386445652,75.70223122026927,7.194285307955633,5.837176076070915,33.99756154422593,-75.70223122026927,0,4.168123949305553,True,True
fine,11,0.04583333,0.0,46.175469012547296,-46.175469012547296,5.764034646978355,29.56625593742715,9.287519736047262,47.1002878628403,15.204385936335452,0.15657785537366847,0.01981116386445652,77.28552740961663,7.566638724517995,5.452014492254535,32.83740412944239,-77.28552740961663,0,4.1479244369493244,True,True
fine,11,0.05,2.8,0.9908547313143389,0.9908547313143389,0.2531712528296999,2.4124864812360136,0.5772976802016352,29.80757879726122,15.212911020891905,0.19201134667730171,0.01981116386445652,28.959031610505274,4.9214516999426134,0.11277643003021542,1.2003570058378112,-28.959031610505274,0,0.1423725724141877,True,True
fine,11,0.05,3.6,1.3601183984997,1.3601183984997,0.2374555285732805,2.4987230154979914,0.5833923415330704,29.800128021792474,15.212202118769898,0.1996946802920802,0.01981116386445652,28.716440762477607,4.876384883983418,0.11348449355915302,1.1241073872548628,-28.716440762477607,0,0.15772504846433527,True,True
fine,11,0.05,3.73333333,1.3733220576163792,1.3733220576163792,0.23970717517144985,2.5080741423015835,0.5887920723275977,29.799190098336783,15.212098490833398,0.2006788249130264,0.01981116386445652,28.70642611856361,4.877367576191176,0.11155374505035236,1.1184404023228334,-28.70642611856361,0,0.15911430002174357,True,True
fine,11,0.05,4.0,1.391514651069625,1.391514651069625,0.24463336790589207,2.5235764958186406,0.6039881102107009,29.79751899677193,15.211916075578563,0.20243806767618983,0.01981116386445652,28.679034958958084,4.882919491400692,0.10831742156279359,1.110096893406192,-28.679034958958084,0,0.161632965429925,True,True
fine,11,0.05,4.26666667,1.414911670885505,1.414911670885505,0.24767612899747923,2.5367214592486746,0.62805474358842,29.79608103807615,15.21176488326201,0.20395538748764688,0.01981116386445652,28.640922579306434,4.88791793407126,0.10680507173925986,1.1019069078750916,-28.640922579306434,0,0.16406629369895948,True,True
fine,11,0.05,4.4,1.430422723492168,1.430422723492168,0.24818994094081387,2.5429283966842013,0.644335562798009,29.79543599126045,15.211699652501764,0.20463627619652042,0.01981116386445652,28.620648444585328,4.889293946913593,0.10663211087558852,1.0969386684366167,-28.620648444585328,0,0.16528805025142873,True,True
fine,11,0.05,5.33333333,1.5371695855046332,1.5371695855046332,0.24432908986502752,2.583644002789833,0.8677575720403429,29.79191361934138,15.211382646560228,0.20862401021245475,0.01981116386445652,28.533512100743476,4.896843775506193,0.10578730074388323,1.0476797896936163,-28.533512100743476,0,0.17365016372618067,True,True
fine,11,0.05,5.86666667,1.5688229276607433,1.5688229276607433,0.2433075403092654,2.7005986599538003,1.277277612318475,29.790423604276953,15.21127269411069,0.21043636000096366,0.01981116386445652,28.508567178013802,4.9156616279654175,0.1036987136657622,1.0140940502551334,-28.508567178013802,0,0.18264356951419197,True,True
fine,11,0.075,2.4,0.11889122873624927,-0.11889122873624927,0.21161925152383376,1.487698207349923,0.5434805036465737,29.824809487570253,15.213043067566359,0.18511239352196254,0.01981116386445652,30.083126007898983,4.945590005565115,0.11187671414612299,1.196236882603051,-30.083126007898983,0,0.08012725976540218,True,True
fine,11,0.075,2.8,0.29468152316804,0.29468152316804,0.21267870816977621,1.6119068693844008,0.5375843438047468,29.819270877624852,15.212956884251067,0.18710385118685882,0.01981116386445652,29.6413880112148,4.9625578555359,0.10185280677424044,1.1517365902077543,-29.6413880112148,0,0.09012036835102238,True,True
fine,11,0.075,3.2,0.6227932795068305,0.6227932795068305,0.20219161469327926,1.7518088358877204,0.5398490760189085,29.814748899847643,15.21262354888181,0.1884198943023537,0.01981116386445652,29.390361844412816,4.929480567658524,0.10539558745951005,1.114229958385763,-29.390361844412816,0,0.10510703794803464,True,True
fine,11,0.075,3.6,0.7771112567633183,0.7771112567633183,0.2035908003882847,1.861444020247308,0.5516372698119805,29.81116461932543,15.212276756170375,0.19032068835166854,0.01981116386445652,29.29465094146217,4.910222717865859,0.10418075462506002,1.0884665687709192,-29.29465094146217,0,0.11427897731657871,True,True
fine,11,0.075,3.73333333,0.8037977379507899,0.8037977379507899,0.20652155509993234,1.8917747123078392,0.558134407311042,29.81014780735366,15.212173498612835,0.19080905567248385,0.01981116386445652,29.27241006073687,4.909884896554197,0.10281945972264639,1.083159350478652,-29.27241006073687,0,0.11670490819847094,True,True
fine,11,0.075,4.0,0.8459041633068024,0.8459041633068024,0.21302729761965183,1.945507713807465,0.5755034294268379,29.808338385512194,15.211990541918274,0.19233127698231042,0.01981116386445652,29.222594503534257,4.913795381583055,0.10019468211134666,1.0754814361623424,-29.222594503534257,0,0.12116824765961003,True,True
fine,11,0.075,4.26666667,0.8904297205725218,0.8904297205725218,0.21782872908478268,1.9927407717909695,0.6019438868914178,29.806783870066386,15.211838100329276,0.1942159969009762,0.01981116386445652,29.163663527484616,4.9181138671317735,0.09877458228144356,1.06845536830577,-29.163663527484616,0,0.12542052582441018,True,True
fine,11,0.075,4.4,0.9158094211674221,0.9158094211674221,0.21920549213402024,2.014681011551615,0.6193721017514461,29.80608733374255,15.211772210436658,0.19508937791843622,0.01981116386445652,29.133466992047133,4.919278777546377,0.0985843144547047,1.0642569632356589,-29.133466992047133,0,0.12750131170041815,True,True
fine,11,0.075,4.8,0.9961137434810172,0.9961137434810172,0.22020866970325098,2.0753581045825733,0.6879625668570688,29.80426072140231,15.211609014629243,0.1974822718265431,0.01981116386445652,29.055646724055777,4.919823799991756,0.09899215226779184,1.047644549940523,-29.055646724055777,0,0.13339372388408224,True,True
fine,11,0.075,5.33333333,1.0760379997823375,1.0760379997823375,0.21959800860454265,2.1614485975341493,0.8540811621834704,29.802293531485496,15.211452349234872,0.20021885120693853,0.01981116386445652,28.995920642351773,4.924795273012964,0.0986036306492438,1.0192021431128542,-28.995920642351773,0,0.14066904833185198,True,True
fine,11,0.075,5.86666667,1.1081690800836934,1.1081690800836934,0.2210468012975753,2.371797026337931,1.283010099602721,29.800694579990182,15.211341904122436,0.2025491392558582,0.01981116386445652,28.974484826498582,4.945387154818349,0.09712255783631055,0.985227322318217,-28.974484826498582,0,0.1513993468618312,True,True
fine,11,0.075,6.4,1.06944786181305,1.06944786181305,0.26213760401169234,3.100806353228859,2.889463756626521,29.799342204210976,15.878924522787777,0.20454923743017048,0.01981116386445652,29.035482529745856,5.025450976665269,0.1070406298190488,0.9565083416098883,-29.035482529745856,0,0.1920603071127462,True,True
fine,11,0.1,2.8,0.24879680516350353,-0.24879680516350353,0.18045602819825535,1.1600248614253228,0.5033959207928722,29.83044436618117,15.213004683652148,0.1851885897429434,0.01981116386445652,30.16292054532279,4.994850715456651,0.09459298130063357,1.116142095917704,-30.16292054532279,0,0.07544614469531723,True,True
fine,11,0.1,3.6,0.3155126893227228,0.3155126893227228,0.17650170365191864,1.2968036674625112,0.5238904658915177,29.821718633640245,15.212352361413178,0.18896670408794247,0.01981116386445652,29.745395337546114,4.937460956041838,0.09689739377474577,1.0632410384494366,-29.745395337546114,0,0.07926805933822362,True,True
fine,11,0.1,3.73333333,0.3512355495368012,0.3512355495368012,0.17988816668148475,1.3452397390158235,0.5313147950522428,29.820627201413473,15.212249450743462,0.18934911043272354,0.01981116386445652,29.715563106024454,4.935976638008094,0.09601369661482624,1.0580533580515579,-29.715563106024454,0,0.0824257646039157,True,True
fine,11,0.1,4.0,0.40899860488811635,0.40899860488811635,0.18749165765936399,1.4319224703115214,0.5505606999190858,29.818687219813505,15.212065898673032,0.1901142089514593,0.01981116386445652,29.651754088829612,4.938539328923649,0.09395306398447616,1.0504044153669547,-29.651754088829612,0,0.08825162177980175,True,True
fine,11,0.1,4.26666667,0.4672275503278585,0.4672275503278585,0.1935809374692844,1.5084671327214771,0.579109320869101,29.817023106457636,15.211912123363167,0.19185083312972182,0.01981116386445652,29.579478657786442,4.942493893400208,0.09261408749926872,1.0437774909004982,-29.579478657786442,0,0.09378974192549594,True,True
fine,11,0.1,4.4,0.49903386296055013,0.49903386296055013,0.19560558780106227,1.5439014554409565,0.5975668536457059,29.81627831626928,15.21184552048179,0.1926198998219516,0.01981116386445652,29.542824121838187,4.943626673713801,0.09237608965801046,1.039968724233875,-29.542824121838187,0,0.09648309983555768,True,True
fine,11,0.1,5.33333333,0.6907309748617649,0.6907309748617649,0.1990580554895423,1.798091983848267,0.843198120340894,29.81223221802123,15.21152237333648,0.19615098697256633,0.01981116386445652,29.377233557141345,4.948368923719659,0.09272666232887232,0.9971519789548804,-29.377233557141345,0,0.11306290954526974,True,True
fine,11,0.1,5.86666667,0.706325568776218,0.706325568776218,0.20237654288855617,2.0730797889417247,1.2919960386835858,29.81053304174254,15.21141124699328,0.19897626664206391,0.01981116386445652,29.376236201856283,4.9716153789945725,0.09159351746673881,0.9616227088503863,-29.376236201856283,0,0.12429712545251637,True,True
fine,11,0.125,2.4,1.1683811446682273,-1.1683811446682273,0.1462703006256592,1.5693494470816127,0.47504735649319746,29.84751166842441,15.213053495469978,0.18203517333011154,0.01981116386445652,31.084432675655197,4.996985768199554,0.1062068631050513,1.1251827798666434,-31.084432675655197,0,0.11582675615624478,True,True
fine,11,0.125,2.8,0.6614368731854352,-0.6614368731854352,0.1559012067460138,1.2313744994353226,0.47458470278037285,29.841121150091247,15.213054284389058,0.1842362950616206,0.01981116386445652,30.54817755105606,5.019386483212301,0.09019771884553493,1.0912403240863364,-30.54817755105606,0,0.09006325151395146,True,True
fine,11,0.125,3.2,0.2520080135642938,-0.2520080135642938,0.15155924190709974,1.0439899248602056,0.48273424439339463,29.83591826326727,15.212762898658273,0.18630904858271757,0.01981116386445652,30.226524584326217,4.985723712154884,0.0904581836102665,1.0672456089184386,-30.226524584326217,0,0.0670779416463638,True,True
fine,11,0.125,3.6,0.04073357036171541,-0.04073357036171541,0.15546139909719947,0.9500958044133766,0.4998955841944067,29.831810156617358,15.212428819453985,0.1876065005127475,0.01981116386445652,30.086649089905166,4.958942936719046,0.0913614230510741,1.0463902482788223,-30.086649089905166,0,0.05698772182907238,True,True
fine,11,0.125,3.73333333,0.024978384453325845,0.0003387655274165749,0.1591010757714077,0.9494966948184291,0.5080737483076199,29.830648158262537,15.212326232320528,0.18809803166337818,0.01981116386445652,30.05306303829323,4.95645889407912,0.09083772337361504,1.0411589404911796,-30.05306303829323,0,0.057238519254815906,True,True
fine,11,0.125,4.0,0.06685286229157666,0.06685286229157666,0.16736708336701064,0.9965943771763598,0.5289006966943607,29.828584978494963,15.212142034602666,0.1899497435031086,0.01981116386445652,29.982255294274363,4.957907160078954,0.08925240874621931,1.0330958242603823,-29.982255294274363,0,0.06213153534610771,True,True
fine,11,0.125,4.26666667,0.13255816446222926,0.13255816446222926,0.17431260767727216,1.078501114557941,0.5592949012552226,29.82681785917063,15.211986848886669,0.1915367978790129,0.01981116386445652,29.90279106711341,4.961748656012747,0.0879871376556071,1.0262967193845403,-29.90279106711341,0,0.06833237500647807,True,True
fine,11,0.125,4.4,0.1679173740972655,0.1679173740972655,0.17678524734245796,1.1254452829061532,0.5786670438338929,29.826027878250578,15.211919484043054,0.1922310850405102,0.01981116386445652,29.86250308658524,4.96299590457382,0.08768878127261812,1.022581166414204,-29.86250308658524,0,0.07142623508485735,True,True
fine,11,0.125,4.8,0.2754159601152907,0.2754159601152907,0.18059376215942757,1.2691527212493678,0.6540799904136833,29.82396208196265,15.21175245087859,0.19391701189024288,0.01981116386445652,29.75827093080269,4.963464738079666,0.08785320187996758,1.008037990058996,-29.75827093080269,0,0.08018309276540674,True,True
fine,11,0.125,5.33333333,0.37324193174014125,0.37324193174014125,0.18217582642786312,1.4739077789586803,0.8348520792129183,29.821747597504793,15.21159265391959,0.19523878834904373,0.01981116386445652,29.68655814412899,4.967999364138613,0.08795173664543171,0.9804457771683044,-29.68655814412899,0,0.09012999186197686,True,True
fine,11,0.125,5.86666667,0.3591824962257487,0.3591824962257487,0.1867003346642239,1.802273765395611,1.30393429433352,29.819956448032908,15.21148067044952,0.20005447200313467,0.01981116386445652,29.71856406821002,4.994530100957383,0.08689774407989978,0.9424304039492186,-29.71856406821002,0,0.10095927244278918,True,True
fine,11,0.125,6.4,0.06509178071721475,-0.029381923750242338,0.2751909460462494,2.537855359648413,3.028084824130007,29.818449001725604,16.005116408978566,0.2064929665870897,0.01981116386445652,30.145391367773126,5.112488378781183,0.10594453776783033,0.9317509873608076,-30.145391367773126,0,0.14267963040936257,True,True
fine,11,0.15,2.4,1.4887092118524794,-1.4887092118524794,0.12844589468663867,1.9158337392551683,0.45158399503679425,29.858095348109558,15.213064374965333,0.18102845392442338,0.01981116386445652,31.378355322950593,5.010851061101547,0.1045350682940616,1.1077881678265609,-31.378355322950593,0,0.129891038873057,True,True
fine,11,0.15,2.8,0.9631773614769965,-0.9631773614769965,0.13855714133612168,1.5219286887892356,0.45113821077460947,29.85132221270764,15.213105558110096,0.18357300105088262,0.01981116386445652,30.81949411065625,5.03719933465747,0.08788056281584879,1.07505055504138,-30.81949411065625,0,0.10285243187286586,True,True
fine,11,0.15,3.2,0.5308045045101336,-0.5308045045101336,0.13559156191311733,1.1954227205736072,0.4606344424854741,29.845807651815775,15.212834016774837,0.18527591910277286,0.01981116386445652,30.480398538890274,5.004962705882937,0.08632939797401104,1.0554427886983304,-30.480398538890274,0,0.0779266782851261,True,True
fine,11,0.15,3.6,0.30638664374785496,-0.30638664374785496,0.13985096178564604,0.98662043098497,0.47945954908695343,29.84145847691247,15.212506021769498,0.18711593396409934,0.01981116386445652,30.33488038335064,4.975493562897928,0.08736008706777673,1.0362549317615992,-30.33488038335064,0,0.06633821591630897,True,True
fine,11,0.15,3.73333333,0.2629744811562125,-0.2629744811562125,0.14355129696200802,0.9438037840283877,0.48820920742429097,29.840229764511687,15.212403735073327,0.1880662455312851,0.01981116386445652,30.300672543390316,4.972130863726912,0.0870652011237704,1.0308691839808777,-30.300672543390316,0,0.06487885446299839,True,True
fine,11,0.15,4.0,0.19341406906353545,-0.19341406906353545,0.15208048212060388,0.877683294105959,0.5103129244315222,29.838050371989578,15.212218845017352,0.18976837349628717,0.01981116386445652,30.228597538904474,4.972641999004861,0.08582780336346388,1.022090407204839,-30.228597538904474,0,0.06334329791184999,True,True
fine,11,0.15,4.26666667,0.12540109268326952,-0.12540109268326952,0.1594902271347979,0.8367610231990049,0.5422877787995918,29.836186492574885,15.212062179556755,0.19120585919442462,0.01981116386445652,30.146946469374935,4.976560652394485,0.08461687272449077,1.0147028864317078,-30.146946469374935,0,0.06197653136281531,True,True
fine,11,0.15,4.4,0.08886233104556648,-0.08886233104556648,0.16222834501551628,0.8428092982316183,0.5624611582569227,29.835354221190524,15.211994008379964,0.191825366987857,0.01981116386445652,30.105290161255507,4.978038790262733,0.08425445207894339,1.0108551541078192,-30.105290161255507,0,0.06121415542633792,True,True
fine,11,0.15,4.8,0.021861690907566518,0.021861690907566518,0.16670437459212975,0.9600963822331415,0.6409113105897045,29.833181005682263,15.21182481420777,0.19328697208703377,0.01981116386445652,29.997903686697633,4.979105610497685,0.08414699962349911,0.996343279207843,-29.997903686697633,0,0.06124238841446643,True,True
fine,11,0.15,5.33333333,0.11592027424606752,0.11592027424606752,0.16852464150736993,1.1991302297914601,0.8288218274913867,29.830856903991847,15.21166313012621,0.19469355924157758,0.01981116386445652,29.932596642569695,4.984138115117425,0.08412003819686845,0.9682079035902469,-29.932596642569695,0,0.0714627663225614,True,True
fine,11,0.15,5.86666667,0.06249720683230693,0.06249720683230693,0.173563191983326,1.5652526049180395,1.319034311445942,29.828981594940124,15.211550125758077,0.2011326442334576,0.01981116386445652,30.006413880523766,5.014372483614744,0.08288231790334774,0.9270227435642105,-30.006413880523766,0,0.08111227827133806,True,True
fine,11,0.15,6.4,0.5459578104118854,-0.5459578104118854,0.28304093689892257,2.459125969346551,3.095284782489455,29.827406814533,16.068749380657913,0.20757098080989345,0.01981116386445652,30.657758519180717,5.153849151590923,0.1055182128105939,0.9231472701402732,-30.657758519180717,0,0.169127389890034,True,True
fine,11,0.175,2.4,1.701637134116264,-1.701637134116264,0.11934059031017619,2.2583055188456687,0.43598909740064495,29.86819676491361,15.213078743472309,0.18075208408097387,0.01981116386445652,31.56701730358495,5.018346722651723,0.10322493612855846,1.099610047964973,-31.56701730358495,0,0.14086022179989216,True,True
fine,11,0.175,2.8,1.1723632039814174,-1.1723632039814174,0.12785762080171384,1.8022210534090042,0.433141176434261,29.86106767089209,15.213158382559477,0.18289465549923686,0.01981116386445652,30.99729040546035,5.049272866988667,0.08695329997960502,1.0658749017737716,-30.99729040546035,0,0.1126785443810819,True,True
fine,11,0.175,3.2,0.7253573327846258,-0.7253573327846258,0.12509269050803146,1.436300421847457,0.4427131121955334,29.855259349935842,15.212905959175133,0.18423251469678362,0.01981116386445652,30.64855097116816,5.0194438053686214,0.08397054065404563,1.0494024494674008,-30.64855097116816,0,0.08674408383058126,True,True
fine,11,0.175,3.6,0.4950482524494156,-0.4950482524494156,0.12906828030565282,1.143395842989531,0.4624294939153895,29.850682111366066,15.212583866060223,0.187142038367886,0.01981116386445652,30.505170344063266,4.987895836213227,0.08470940681581735,1.0314752668922162,-30.505170344063266,0,0.07410381887274102,True,True
fine,11,0.175,3.73333333,0.4516922493438204,-0.4516922493438204,0.1326458385013265,1.0603029128479091,0.47155559325271074,29.8493903463384,15.2124818570524,0.18801755296765452,0.01981116386445652,30.472841014844686,4.98375176896525,0.08451441886143636,1.025861328198974,-30.472841014844686,0,0.07228708645208383,True,True
fine,11,0.175,4.0,0.3837083388021416,-0.3837083388021416,0.14107843665779007,0.9469397708964955,0.49461804921810887,29.84710137169523,15.212296231458033,0.1895700990536822,0.01981116386445652,30.40410799701951,4.983451896520821,0.0834722242030296,1.016167902611543,-30.40410799701951,0,0.07042818513029514,True,True
fine,11,0.175,4.26666667,0.31761096195689725,-0.31761096195689725,0.14861005095288554,0.8837377154614414,0.5279033793945767,29.845146651601883,15.212138023863167,0.1908580170047437,0.01981116386445652,30.324255147495624,4.987582641018982,0.0822767547540227,1.007896537214308,-30.324255147495624,0,0.06902341401057462,True,True
fine,11,0.175,4.4,0.28182141808777417,-0.28182141808777417,0.15145471948166292,0.8695736959454983,0.5487649986612088,29.844274836233865,15.212069006320068,0.19140274549485822,0.01981116386445652,30.283003755932015,4.989380502822696,0.08184819758103126,1.0037497041327397,-30.283003755932015,0,0.06816794658515432,True,True
fine,11,0.175,4.8,0.17298094415719176,-0.17298094415719176,0.15618135943169217,0.8564544574185973,0.6300088606926691,29.84200174084319,15.211897508550345,0.1926400274403939,0.01981116386445652,30.177141595536096,4.99136457749916,0.08142911549588064,0.9888061513947195,-30.177141595536096,0,0.06512576997388972,True,True
fine,11,0.175,5.33333333,0.08850593529913861,-0.08850593529913861,0.15775222290986815,1.0104948379290828,0.8249221128638531,29.83957671170532,15.211733744990049,0.19577185634897934,0.01981116386445652,30.12359607478618,4.99723285769582,0.0811048962360175,0.9597163170075781,-30.12359607478618,0,0.06576326229973908,True,True
fine,11,0.175,5.86666667,0.1880197743827591,-0.1880197743827591,0.1626269766877329,1.4227680730032943,1.337694235659773,29.83762463972359,15.211619567548116,0.2022107833333801,0.01981116386445652,30.244807538020744,5.0314158469034735,0.0794407862325934,0.9149274124678719,-30.244807538020744,0,0.08377188244812107,True,True
fine,11,0.175,6.4,1.0326399387355252,-1.0326399387355252,0.29001357827225266,2.5686871368205546,3.163796022496471,29.835988842318347,16.132736813183747,0.20864896190428503,0.01981116386445652,31.13284222201906,5.1930228345761344,0.10479891910092387,0.9161599637484409,-31.13284222201906,0,0.19723713108449553,True,True
fine,11,0.2,2.8,1.3058844627474442,-1.3058844627474442,0.12290297582128243,2.066418694567303,0.42072360203294956,29.870376810767983,15.213212641330925,0.18220161687463773,0.01981116386445652,31.100172579314556,5.056522869524465,0.0868822196534766,1.062260684290488,-31.100172579314556,0,0.12011469154142278,True,True
fine,11,0.2,3.6,0.6192136041414884,-0.6192136041414884,0.12245611109969168,1.3403774414372598,0.4486670253396624,29.859498835198597,15.212662255965109,0.18715123533236372,0.01981116386445652,30.611242466578044,4.9968763419637225,0.08323167730314955,1.0309257567279442,-30.611242466578044,0,0.08007568053874023,True,True
fine,11,0.2,3.73333333,0.5777509360527445,-0.5777509360527445,0.12574675626058712,1.2490475747803067,0.45796137499329903,29.858147499014503,15.212560502330192,0.18795195426548247,0.01981116386445652,30.582726633231232,4.99202648468762,0.08302569718867232,1.0250387481197436,-30.582726633231232,0,0.07821599466077837,True,True
fine,11,0.2,4.0,0.5149883143039966,-0.5149883143039966,0.13377934250559093,1.0989194755063791,0.48165035636574327,29.855755238226475,15.212374101390994,0.1893549202736337,0.01981116386445652,30.520949907072616,4.990995701761991,0.0820199908383754,1.0143068304931446,-30.520949907072616,0,0.07622201749966939,True,True
fine,11,0.2,4.26666667,0.4541840696580867,-0.4541840696580867,0.1411565607463848,1.005514685775898,0.5159710948165754,29.85371528883083,15.212214295841676,0.1904932712121082,0.01981116386445652,30.445987069803046,4.995423825734778,0.08078167613434128,1.0049482243683705,-30.445987069803046,0,0.07480853295973391,True,True
fine,11,0.2,4.4,0.42067747016805024,-0.42067747016805024,0.14398069410299807,0.9765034810211308,0.5374085904307428,29.8528065307235,15.212144395986646,0.19096322036694638,0.01981116386445652,30.406483121407476,4.99760542656971,0.08028167160235054,1.0003821269236917,-30.406483121407476,0,0.07394776216081084,True,True
fine,11,0.2,5.33333333,0.24689645785692216,-0.24689645785692216,0.14955167781397236,1.0132685488902402,0.823001148595012,29.847922958867503,15.211804445248426,0.196850120324943,0.01981116386445652,30.267292344948405,5.007713375863774,0.07880078530998343,0.9543634145957895,-30.267292344948405,0,0.07162437810661754,True,True
fine,11,0.2,5.86666667,0.3966304751030871,-0.3966304751030871,0.15364644535886884,1.415081785157892,1.3589265649560418,29.845901123644612,15.211688953640495,0.20328888930406272,0.01981116386445652,30.438737117577233,5.0459474886913895,0.07650053811053707,0.905778330102323,-30.438737117577233,0,0.09224016573844292,True,True
fine,11,0.25,3.2,0.9421119631698701,-0.9421119631698701,0.11876057702753204,2.0803857901864418,0.4133075294666533,29.881168580776592,15.213125791380062,0.18476858684045322,0.01981116386445652,30.789004424429404,5.041999441796826,0.08384813645137551,1.0544944542420474,-30.789004424429404,0,0.10088568167128727,True,True
fine,11,0.25,3.73333333,0.6843599540845896,-0.6843599540845896,0.12115937674131813,1.6294889691713699,0.43931312854452553,29.87451841276027,15.212719007473357,0.18777003948694806,0.01981116386445652,30.66173754148936,5.001039867905566,0.08262664507851367,1.0324365810619809,-30.66173754148936,0,0.08526523572651856,True,True
fine,11,0.25,4.26666667,0.5965610880868565,-0.5965610880868565,0.1343505576177056,1.3336059012912143,0.49878873338967,29.869742502095203,15.212367805062039,0.18971306830004156,0.01981116386445652,30.56246580438961,5.003737269785757,0.07974582012719826,1.0075901604140187,-30.56246580438961,0,0.08267921902197492,True,True
fine,11,0.25,4.8,0.4874523926399381,-0.4874523926399381,0.14078775308058694,1.1686393234418921,0.609318296637325,29.866235700400313,15.212116912407927,0.19256734777107054,0.01981116386445652,30.44388186023541,5.012800283452772,0.07766711735966234,0.9840894379793591,-30.44388186023541,0,0.07926440024842943,True,True
fine,11,0.25,5.33333333,0.450737132741832,-0.450737132741832,0.13973655900106935,1.2080234114428487,0.824830043841712,29.863555481798702,15.211945906339523,0.19900654888559785,0.01981116386445652,30.44086155851917,5.022409974745632,0.07596426153525153,0.9510618834299691,-30.44086155851917,0,0.08101547324483549,True,True
fine,11,0.25,5.86666667,0.7046723668837357,-0.7046723668837357,0.14090175222352128,1.6712201817400092,1.4085286300588848,29.86141362558413,15.211827405003762,0.2054450018600908,0.01981116386445652,30.71250827992989,5.06862115771662,0.0719422521556185,0.895189886145188,-30.71250827992989,0,0.10740106494167315,True,True
fine,11,0.25,6.4,2.2698152119947808,-2.2698152119947808,0.30104096994800844,3.417405052480492,3.35552095889893,29.859629342129974,16.32679914169438,0.21188270642705087,0.01981116386445652,32.287143822629325,5.292893642944142,0.10014862084378968,0.9060283800006041,-32.287143822629325,0,0.2720581523622964,True,True
fine,11,0.3,3.2,0.8967774489933014,-0.8967774489933014,0.1266205487003847,2.5058896428461885,0.41285837063924247,29.89657090654544,15.213274829707624,0.1851174264296133,0.01981116386445652,30.70144598952869,5.046027728371384,0.08645262085641073,1.0685752262795933,-30.70144598952869,0,0.10412247512297691,True,True
fine,11,0.3,3.73333333,0.6569668342475448,-0.6569668342475448,0.12432880026383597,1.9761801815920585,0.43086041127565744,29.889469701958713,15.212878592929464,0.18752050302306666,0.01981116386445652,30.61661691222151,5.003507234656684,0.08467274245887221,1.0473753071080487,-30.61661691222151,0,0.08743891275689192,True,True
fine,11,0.3,4.26666667,0.6159933973277882,-0.6159933973277882,0.1347890554169186,1.6502680917269283,0.48935891992135394,29.884390874150668,15.21252212035426,0.188865249165741,0.01981116386445652,30.565020112091148,5.005280867472514,0.08057867144411679,1.0176599109995204,-30.565020112091148,0,0.08624522860137213,True,True
fine,11,0.3,4.8,0.5422175712276623,-0.5422175712276623,0.1399984139004295,1.4493133635650632,0.6040391541216351,29.880684952344676,15.212263688614097,0.19472395981512536,0.01981116386445652,30.472376163828304,5.0184808381471875,0.07756662328789543,0.9904107493487941,-30.472376163828304,0,0.08405801421851365,True,True
fine,11,0.3,5.33333333,0.5409952777013343,-0.5409952777013343,0.13687888626151853,1.4159416476523738,0.8347553394911393,29.87787011413947,15.21208715469798,0.20116284492956577,0.01981116386445652,30.503278207752548,5.03104227475765,0.07495459764764327,0.9549051809128966,-30.503278207752548,0,0.08670879230982298,True,True
fine,11,0.3,5.86666667,0.8930092079753343,-0.8930092079753343,0.13441514443149633,1.9868111910036306,1.4682276848122144,29.87563193095587,15.211965200229658,0.20760098190783224,0.01981116386445652,30.86410566724917,5.084572122651897,0.06896022459169096,0.8934029832318876,-30.86410566724917,0,0.11880165487631508,True,True
fine,11,0.3,6.4,2.878159399384322,-2.878159399384322,0.2997437717356311,4.071466225676813,3.46536035474632,29.873774389468245,16.596203861031125,0.21403837048243388,0.01981116386445652,32.803689181565595,5.341965018640393,0.0950259108476433,0.9134277314176531,-32.803689181565595,0,0.3093963333253705,True,True
fine,11,0.35,3.2,0.7830638250999524,-0.7830638250999524,0.13759689719633844,2.8372951500695054,0.4245738574325095,29.910620933535576,15.213425143633039,0.1853986263504522,0.01981116386445652,30.552817507276,5.04587271814016,0.0893649457117867,1.085523562560707,-30.552817507276,0,0.104134023135258,True,True
fine,11,0.35,3.73333333,0.5524620185004775,-0.5524620185004775,0.1310924210633764,2.25462475379496,0.43107142811753524,29.903118575982827,15.21303868036131,0.18720334629064328,0.01981116386445652,30.505451314960062,5.0027175726125765,0.08807791485436203,1.0658901986521176,-30.505451314960062,0,0.08622839659206022,True,True
fine,11,0.35,4.26666667,0.5618342785839576,-0.5618342785839576,0.13895441813584394,1.880145228404615,0.4862907513247262,29.897773643211387,15.212676727371278,0.1904411219911561,0.01981116386445652,30.505244630354618,5.002937476636726,0.08262200518181785,1.0316623196881425,-30.505244630354618,0,0.08644412267575821,True,True
fine,11,0.35,4.8,0.5253957377027337,-0.5253957377027337,0.14342008989713373,1.6611901786002883,0.6042084430920056,29.893898265002505,15.212410386013401,0.1968804393403519,0.01981116386445652,30.43673549041468,5.020303800982486,0.07850960278694202,1.0005497050891652,-30.43673549041468,0,0.0858407478263834,True,True
fine,11,0.35,5.33333333,0.5548384329167997,-0.5548384329167997,0.13890857252819427,1.6420618004005292,0.8506378804035272,29.890973715504874,15.212227880094936,0.20331900846274673,0.01981116386445652,30.49433328946234,5.03585047070442,0.07519935938494648,0.9633100474781792,-30.49433328946234,0,0.0900522248858591,True,True
fine,11,0.35,5.86666667,0.9895340269528317,-0.9895340269528317,0.13356114604007266,2.276708634608263,1.537395575698431,29.888660351180633,15.212102101052297,0.20975682945303045,0.01981116386445652,30.925389056694357,5.09571166989132,0.0673906178298491,0.8990020001478586,-30.925389056694357,0,0.12696040255289903,True,True
fine,11,0.35,6.4,3.2975557925137857,-3.2975557925137857,0.29348962773760434,4.699760444839977,3.56496327027576,29.886747531937438,17.199023060148576,0.21619390204379382,0.01981116386445652,33.11365231003646,5.376714288652819,0.08864165312438366,0.9378983772556408,-33.11365231003646,0,0.33566590076179215,True,True
fine,11,0.4,3.73333333,0.4112654365130027,-0.4112654365130027,0.13901386324982679,2.4772420388585403,0.4387055521913858,29.915573020017913,15.213198763133873,0.18681857029561233,0.01981116386445652,30.367302190707203,5.001010102844296,0.09200037395651613,1.085345392160432,-30.367302190707203,0,0.08312881267093757,True,True
fine,11,0.4,4.26666667,0.4700466914532214,-0.4700466914532214,0.14453400169945796,2.042851152089395,0.4883176639363994,29.909995250597447,15.21283117721001,0.19259778499103125,0.01981116386445652,30.419144149062234,4.99877101214783,0.08540278234908867,1.047255591820616,-30.419144149062234,0,0.08463864139461691,True,True
fine,11,0.4,5.33333333,0.5212487636523162,-0.5212487636523162,0.14408042653887515,1.8219187259509368,0.8714489017761717,29.902964994195557,15.212367816014313,0.20547503949147847,0.01981116386445652,30.443966965496497,5.038522854788696,0.07621776784897545,0.9743476215694411,-30.443966965496497,0,0.09150456200705927,True,True
fine,11,0.4,5.86666667,1.017963027196764,-1.017963027196764,0.13772299019205161,2.5638484802869708,1.6148608969541391,29.90059528461663,15.212237906296682,0.21191254450204502,0.019811163864460937,30.922948315649457,5.10363227227852,0.06707340611385486,0.9108890126645619,-30.922948315649457,0,0.13308091887354545,True,True
fine,22,0.0,3.46666667,2.4753116090680587,2.4753116090680587,0.20108041205688307,3.488307574491843,0.533406148234001,29.86614978780687,15.40531396886091,0.14054195318004545,0.011908307615814826,27.527757092050564,5.042735079913276,0.09981972190045298,0.9565481297745972,-27.527757092050564,0,0.21182069999090544,True,True
fine,22,0.0,3.73333333,2.468942014780095,2.468942014780095,0.1945918062616275,3.4127850754746354,0.5357019898586661,29.866202406661625,15.405231251113754,0.14054195318004545,0.011908307615814826,27.548593230597287,5.043464298851244,0.09847905913667836,0.9342666818767622,-27.548593230597287,0,0.2092882284212536,True,True
fine,22,0.0,4.0,2.450836752939866,2.450836752939866,0.18957309493729102,3.3462183514595054,0.5442063414872564,29.86623789418169,15.40516436944548,0.14054195318004545,0.011908307615814826,27.580832940728378,5.0435123355821005,0.09698145670853626,0.9163479961343179,-27.580832940728378,0,0.20671252479196317,True,True
fine,22,0.0,4.26666667,2.4231114018510675,2.4231114018510675,0.18590869561031204,3.286435301173597,0.5599118693161109,29.866258940047096,15.405111032231646,0.14054195318004545,0.011908307615814826,27.618918971116205,5.043913899109848,0.0954575910272055,0.9023032783704995,-27.618918971116205,0,0.20416859159177594,True,True
fine,22,0.0,4.53333333,2.390263587044124,2.390263587044124,0.1831752537312422,3.2321696165874925,0.585339182476504,29.86626772067184,15.405069104908788,0.14054195318004545,0.011908307615814826,27.657885007400473,5.045112375687302,0.09399157085737428,0.8911214703525779,-27.657885007400473,0,0.2018061053166528,True,True
fine,22,0.0,5.06666667,2.3256623811020027,2.3256623811020027,0.1789382072147236,3.138290151471209,0.6724490707345221,29.866255538854862,15.405012347137836,0.14054195318004545,0.011908307615814826,27.7264646410926,5.050075486752101,0.09144218063919751,0.8746314651564104,-27.7264646410926,0,0.19815781870167057,True,True
fine,22,0.0,5.33333333,2.299989750726283,2.299989750726283,0.17697836601178468,3.099072358120718,0.7451189724304189,29.866237499627406,15.404994644233112,0.14054195318004545,0.011908307615814826,27.752631381236643,5.053635370618482,0.0904879128523475,0.8694671000760351,-27.752631381236643,0,0.1972448286319398,True,True
fine,22,0.0,5.6,2.2825723273506817,2.2825723273506817,0.17502880446003938,3.0979998123475836,0.8536185275675974,29.866213116876644,15.404982531101643,0.14054195318004545,0.011908307615814826,27.77092809349249,5.05788449101713,0.08989644687472179,0.8678807426433321,-27.77092809349249,0,0.19765049774177376,True,True
fine,22,0.0,5.86666667,2.2786676365377816,2.2786676365377816,0.17316193100599953,3.1321497424114266,1.0331076821057215,29.866183396978414,15.404975091876159,0.14054195318004545,0.011908307615814826,27.776883068260283,5.063180887978875,0.08991629357117854,0.8731860011534422,-27.776883068260283,0,0.20020595691066917,True,True
fine,22,0.0,6.13333333,2.30186043802025,2.30186043802025,0.1716447696148891,3.3073933038454877,1.37020844166299,29.8661492009684,15.404971554983158,0.14054195318004545,0.011908307615814826,27.757822415934804,5.070787669479468,0.09120077922501267,0.8941552753252981,-27.757822415934804,0,0.20795485199467248,True,True
fine,22,0.00416667,0.0,13.500666263351064,13.500666263351064,13.990211451020565,21.08685853602112,14.6305573655215,29.861485524665603,15.394261972330025,0.14054195318004545,0.011908307615814826,17.63806977883861,1.088022169928744,11.926557433806993,51.09669276438776,-17.63806977883861,0,4.5873713919176655,True,True
fine,22,0.00833333,0.0,1.5941713418807615,-1.5891420179820694,12.722461139435401,13.007354488258747,13.919724176303982,29.86347203807713,15.394559115098009,0.14054195318004545,0.011908307615814826,33.51837752578763,2.0541926741002254,10.93859163475428,48.46983582710496,-33.51837752578763,0,3.596164946157397,True,True
fine,22,0.0125,0.0,13.853938731615306,-13.853938731615306,11.578094756071835,12.049615328351686,13.25756043290416,29.865418395273856,15.394850735747005,0.14054195318004545,0.011908307615814826,46.076430466976404,2.9152730131521176,10.046021308982485,46.089401049507735,-46.076430466976404,0,3.9042608911275396,True,True
fine,22,0.01666667,0.0,23.186223603575694,-23.186223603575694,10.546009743539429,14.355890016793882,12.640569502802219,29.867325375183906,15.39513693826897,0.14054195318004545,0.011908307615814826,55.38284709161639,3.6822826902727037,9.23989937552356,43.928752370977165,-55.38284709161639,0,4.121991286184019,True,True
fine,22,0.02083333,0.0,30.160959418215704,-30.160959418215704,9.616391505201626,17.360025384662748,12.06560195044502,31.84885587211065,15.395417824819067,0.14054195318004545,0.011908307615814826,62.19768341817015,4.364990269981437,8.512161132890924,41.963962251581634,-62.19768341817015,0,4.253963084084116,True,True
fine,22,0.02916667,0.0,39.43187912325986,-39.43187912325986,8.03065539025688,23.12334263090899,11.030611931428561,40.80421577212604,15.395964055406559,0.14054195318004545,0.011908307615814826,71.08371871402045,5.5112628206514875,7.263351345090074,38.538388503988344,-71.08371871402045,0,4.352191082700942,True,True
fine,22,0.03333333,0.0,42.57061152893288,-42.57061152893288,7.359828077692109,25.620762521788993,10.565665599505754,43.801601212054884,15.396229594619909,0.14054195318004545,0.011908307615814826,74.05112225740683,5.989439496336417,6.729676191130844,37.04130818417512,-74.05112225740683,0,4.354635544981079,True,True
fine,22,0.0375,0.0,45.0671257582223,-45.0671257582223,6.761767995782279,27.85999682962902,10.132822604289466,46.17375701507013,15.396490212209295,0.14054195318004545,0.011908307615814826,76.3971978227327,6.412766741646779,6.249020372640996,35.66708520103767,-76.3971978227327,0,4.341533923905709,True,True
fine,22,0.04166667,0.0,47.08648993050461,-47.08648993050461,6.230765025555959,29.866579142041104,9.730112337089102,48.08467565774183,15.396746001381256,0.14054195318004545,0.011908307615814826,78.28553979950017,6.786756575322041,5.81639767596002,34.402197491109156,-78.28553979950017,0,4.319892676109156,True,True
fine,22,0.04583333,0.0,48.74416943354083,-48.74416943354083,5.761559176322924,31.658511297107275,9.35571033589969,49.64777292247928,15.39699705368522,0.14054195318004545,0.011908307615814826,79.82903995122507,7.116351421667877,5.4272478854071675,33.2346671010569,-79.82903995122507,0,4.294290277153596,True,True
fine,22,0.05,2.8,0.6511666199109584,0.6511666199109584,0.11213897467157223,1.7683900286785925,0.4615822238493027,29.88158614766359,15.406148008426316,0.14054195318004545,0.011908307615814826,29.365033414085207,5.107569223529866,0.08382390525853123,0.8890332230256046,-29.365033414085207,0,0.08287185143591459,True,True
fine,22,0.05,3.6,0.9786665617909579,0.9786665617909579,0.1177988545201343,1.903466973506258,0.46247446743445375,29.88121441020915,15.405872291105377,0.14054195318004545,0.011908307615814826,29.02740806984169,5.114499963602083,0.07792847138442033,0.8525107099498097,-29.02740806984169,0,0.1018020388425005,True,True
fine,22,0.05,3.73333333,1.0207809563092776,1.0207809563092776,0.11716405153483074,1.9204200500825024,0.46672795818625873,29.881151925394708,15.40583933351616,0.14054195318004545,0.011908307615814826,28.993599657917866,5.112540347154618,0.0776083637776423,0.845986933915459,-28.993599657917866,0,0.1039598349430986,True,True
fine,22,0.05,4.0,1.086740245561534,1.086740245561534,0.11624558582456349,1.9499952091935462,0.47978186524475797,29.88102738168522,15.405783751082314,0.14054195318004545,0.011908307615814826,28.944191202485474,5.108506648496222,0.07714979672196384,0.8347238120990739,-28.944191202485474,0,0.10748794177234612,True,True
fine,22,0.05,4.26666667,1.1313064009359297,1.1313064009359297,0.1160516851651459,1.9739555632895123,0.49994995287556676,29.880903617034964,15.405740457399745,0.14054195318004545,0.011908307615814826,28.912550507417002,5.105381998154643,0.07679914873071408,0.8260017964250199,-28.912550507417002,0,0.11019698790921398,True,True
fine,22,0.05,4.4,1.147330360043819,1.147330360043819,0.11618990146475472,1.9839210355414019,0.5135581514440979,29.88084207984044,15.405722842660523,0.14054195318004545,0.011908307615814826,28.901109024869253,5.104365149200444,0.07663312228779212,0.8224698016924815,-28.901109024869253,0,0.11133814172737004,True,True
fine,22,0.05,5.33333333,1.1971735364744465,1.1971735364744465,0.11739853586380891,2.0838913734424476,0.705962995767808,29.880419355792473,15.4056559697375,0.14054195318004545,0.011908307615814826,28.86050655577844,5.107767273499848,0.0754846149569333,0.8083243211291853,-28.86050655577844,0,0.11810941530312974,True,True
fine,22,0.05,5.86666667,1.191853910542753,1.191853910542753,0.11618558030585273,2.255118895334367,1.0222257220780935,29.88018561100069,15.405648462783775,0.14054195318004545,0.011908307615814826,28.87023836477866,5.119157944738839,0.07581772240224081,0.8161233265360968,-28.87023836477866,0,0.12413478273919923,True,True
fine,22,0.075,2.4,0.18447830524311376,-0.18447830524311376,0.045615642100531206,1.1497166420763443,0.4431779551535415,29.88932256258996,15.406560299016766,0.14054195318004545,0.011908307615814826,30.242825738245827,5.122073083057727,0.08714909151870867,0.8579971754491981,-30.242825738245827,0,0.037450267660041385,True,True
fine,22,0.075,2.8,0.00765019984292625,-0.002235031444330059,0.07359527128177623,1.0857955094253413,0.4268467224408378,29.88896402322839,15.40641283593914,0.14054195318004545,0.011908307615814826,30.00554952224382,5.1371917725891825,0.07942170463303862,0.8497086729007188,-30.00554952224382,0,0.03480424337219432,True,True
fine,22,0.075,3.2,0.2263043098710238,0.2263043098710238,0.08539803537920083,1.1558047789102937,0.42497197796248437,29.888621076369283,15.406273934547098,0.14054195318004545,0.011908307615814826,29.751961778112417,5.145131242577024,0.07425128205904344,0.8395806916937605,-29.751961778112417,0,0.04924041739728496,True,True
fine,22,0.075,3.6,0.4368721875265621,0.4368721875265621,0.0883519754152686,1.255872443721786,0.4336913726618684,29.888298786842725,15.406163187219743,0.14054195318004545,0.011908307615814826,29.5554614579848,5.141110467776296,0.07167782269393945,0.8240070169351223,-29.5554614579848,0,0.061483667265439024,True,True
fine,22,0.075,3.73333333,0.4945421424660588,0.4945421424660588,0.08863519555819598,1.2932270904332033,0.4388600614460191,29.888195925456294,15.4061331657912,0.14054195318004545,0.011908307615814826,29.506831545740656,5.1384555007647315,0.07127322517593687,0.8188233501655334,-29.506831545740656,0,0.06483371446982829,True,True
fine,22,0.075,4.0,0.5883882426883575,0.5883882426883575,0.08918717343531771,1.3616418356352356,0.4536801489185276,29.887996592920842,15.40608282457291,0.14054195318004545,0.011908307615814826,29.431477036864678,5.132993082705475,0.07088698951556802,0.8096479082064845,-29.431477036864678,0,0.07047629511894171,True,True
fine,22,0.075,4.26666667,0.6564827960757158,0.6564827960757158,0.09017308838098244,1.4193662311612063,0.4756757357611675,29.88780515108703,15.406044146211597,0.14054195318004545,0.011908307615814826,29.37829486537388,5.128590288576671,0.07080531328347475,0.8024517903949757,-29.37829486537388,0,0.07496794316787751,True,True
fine,22,0.075,4.4,0.6827088877391734,0.6827088877391734,0.09084525714620359,1.4444861277049994,0.4902208974375867,29.88771215808328,15.406028657585317,0.14054195318004545,0.011908307615814826,29.357495137396317,5.127038419104216,0.07080515512514604,0.7995542421572652,-29.357495137396317,0,0.07689428845401833,True,True
fine,22,0.075,4.8,0.7389106220132583,0.7389106220132583,0.09313148804281002,1.5328390069218645,0.5506388865771367,29.887443114078675,15.405995151365332,0.14054195318004545,0.011908307615814826,29.31016553275478,5.1252182327654365,0.07078020568221385,0.7930159858487034,-29.31016553275478,0,0.08199942893011195,True,True
fine,22,0.075,5.33333333,0.7754824165679902,0.7754824165679902,0.09522234534519528,1.6551534723364327,0.6916783137909996,29.887105154679453,15.405974148536378,0.14054195318004545,0.011908307615814826,29.276540774528776,5.129012238181613,0.07062842545092521,0.788665117147816,-29.276540774528776,0,0.08767458599938102,True,True
fine,22,0.075,5.86666667,0.7560759368028462,0.7560759368028462,0.09653020978513746,1.8862206019360497,1.0245872143433756,29.88678807727908,15.405972078042984,0.14054195318004545,0.011908307615814826,29.30152952950354,5.142486228260175,0.07133283219513964,0.7974626488055306,-29.30152952950354,0,0.09439647545196198,True,True
fine,22,0.075,6.4,0.5352876976844432,0.5352876976844432,0.136274792377513,2.427447450997429,2.298862892861128,29.886489581949196,15.405982619511644,0.14054195318004545,0.011908307615814826,29.537950479602934,5.195727036142092,0.08448645782912202,0.9053510941373155,-29.537950479602934,0,0.11862493090130984,True,True
fine,22,0.1,2.8,0.5076875927787721,-0.5076875927787721,0.043267119608675624,1.1663074739665955,0.39996414015288295,29.896051717075466,15.406672075101985,0.14054195318004545,0.011908307615814826,30.493115912602224,5.159729156647117,0.07696439794698712,0.8234058321803115,-30.493115912602224,0,0.05245575025803311,True,True
fine,22,0.1,3.6,0.01637854481506788,0.009298761840174762,0.06447775699498134,0.8501563616445509,0.4093827730912031,29.89510752236151,15.406447583406335,0.14054195318004545,0.011908307615814826,29.963920786103348,5.162504223182422,0.06761466004225251,0.803978629085309,-29.963920786103348,0,0.030712263834758925,True,True
fine,22,0.1,3.73333333,0.0785079763705561,0.0785079763705561,0.06550724639947583,0.8511831358680348,0.4152081370015079,29.894966086892655,15.406420368567474,0.14054195318004545,0.011908307615814826,29.904616414559527,5.159377524163819,0.06699895866214342,0.7997800342084989,-29.904616414559527,0,0.03417984990032823,True,True
fine,22,0.1,4.0,0.19292485859079256,0.19292485859079256,0.06722404746150412,0.9048774298483773,0.431384039434121,29.894695271567265,15.406375010350585,0.14054195318004545,0.011908307615814826,29.810949286919506,5.152838408699124,0.06644168208865135,0.7921074221673591,-29.810949286919506,0,0.04104165885793516,True,True
fine,22,0.1,4.26666667,0.27797221102098535,0.27797221102098535,0.06910085136659602,0.9617612567707463,0.4549031013567215,29.894439147329496,15.40634069148476,0.14054195318004545,0.011908307615814826,29.743125249433568,5.147421983189149,0.06643984675941059,0.7859267940841899,-29.743125249433568,0,0.046621557744165626,True,True
fine,22,0.1,4.4,0.31133745024415005,0.31133745024415005,0.07016768945831535,0.9961911878960688,0.4702581098302699,29.89431610249304,15.406327203265924,0.14054195318004545,0.011908307615814826,29.716174838256034,5.1454500242889525,0.06653267118878833,0.7834195761816389,-29.716174838256034,0,0.04909434415223185,True,True
fine,22,0.1,5.33333333,0.4285961968038685,0.4285961968038685,0.0770787362213558,1.2994876574791312,0.6808163180828766,29.893533381230398,15.406284265295106,0.14054195318004545,0.011908307615814826,29.613713888010782,5.146766911922867,0.0670209582395144,0.7742902823394224,-29.613713888010782,0,0.06265300734973553,True,True
fine,22,0.1,5.86666667,0.3842554313143727,0.3842554313143727,0.0818841990247313,1.5650054498319859,1.0322461129735028,29.893137110508032,15.40628726217699,0.14054195318004545,0.011908307615814826,29.664522206009632,5.162881257617667,0.06800078218339503,0.7834628672004912,-29.664522206009632,0,0.06959229995568929,True,True
fine,22,0.125,2.4,1.122234972713287,-1.122234972713287,0.028668194282109087,1.9840499072609579,0.41618640466955614,29.903557647068084,15.407029344440017,0.14054195318004545,0.011908307615814826,31.142313220871618,5.168628702595215,0.07937376466194258,0.8280366690783983,-31.142313220871618,0,0.08661297788221523,True,True
fine,22,0.125,2.8,0.8858539300974654,-0.8858539300974654,0.023794598683308573,1.548335263776335,0.38791701560453873,29.902859517869405,15.406925832599955,0.14054195318004545,0.011908307615814826,30.85089482931784,5.17595753479473,0.07566721237123017,0.8077598629551824,-30.85089482931784,0,0.06948265336737475,True,True
fine,22,0.125,3.2,0.5944048037351654,-0.5944048037351654,0.03754214647779837,1.2187509369315257,0.38101007597184855,29.9022236371106,15.406816128162246,0.14054195318004545,0.011908307615814826,30.52970206255473,5.184053426084886,0.06985190204533567,0.8002129870635782,-30.52970206255473,0,0.055487689450111885,True,True
fine,22,0.125,3.6,0.31923746948273835,-0.31923746948273835,0.04541833807844202,0.9492321970135847,0.3901830035542694,29.90165029559957,15.406725605871793,0.14054195318004545,0.011908307615814826,30.269599377961786,5.1792993163248955,0.06525141070952026,0.7906424413949958,-30.269599377961786,0,0.04160226557595653,True,True
fine,22,0.125,3.73333333,0.2417624722325012,-0.2417624722325012,0.04700427567960146,0.8869071352820288,0.39617053648571793,29.901472017624265,15.406701072525486,0.14054195318004545,0.011908307615814826,30.202960582927446,5.175903455936607,0.06435180438262508,0.7871362330401528,-30.202960582927446,0,0.037703460104720726,True,True
fine,22,0.125,4.0,0.11275904121688625,-0.11275904121688625,0.04959359567438224,0.7953540381553138,0.41302206015831,29.90113289773153,15.406660449130683,0.14054195318004545,0.011908307615814826,30.09718853270396,5.168597600682709,0.06344236556171373,0.780509125545473,-30.09718853270396,0,0.03141302777057582,True,True
fine,22,0.125,4.26666667,0.01618167958589693,-0.01618167958589693,0.052108784669281503,0.7533014336587024,0.4376258500460364,29.9008149730533,15.406630244705338,0.14054195318004545,0.011908307615814826,30.02039337386256,5.162388945546553,0.06335682003377605,0.7749652820474381,-30.02039337386256,0,0.02726454127752984,True,True
fine,22,0.125,4.4,0.021782930182989144,0.021782930182989144,0.05344929151758534,0.7534573467648727,0.45362357810939463,29.900663228604095,15.406618636604586,0.14054195318004545,0.011908307615814826,29.98993849817766,5.160090096128345,0.06347699643372604,0.7726691619120951,-29.98993849817766,0,0.028142430580694155,True,True
fine,22,0.125,4.8,0.1036637646406112,0.1036637646406112,0.05760710003531837,0.8400228252878484,0.5193145267774691,29.900233742846137,15.406595647198495,0.14054195318004545,0.011908307615814826,29.921068424591965,5.156939566400977,0.06397778208374486,0.7674638945094311,-29.921068424591965,0,0.0350706849348842,True,True
fine,22,0.125,5.33333333,0.14837604040201097,0.14837604040201097,0.06232780064249952,1.0263906406096652,0.6734601582571377,29.899713052447584,15.406586510800816,0.14054195318004545,0.011908307615814826,29.881185815930696,5.161370792046197,0.0643678890482364,0.7641623170231622,-29.881185815930696,0,0.042558258471053316,True,True
fine,22,0.125,5.86666667,0.0707521049205289,0.0707521049205289,0.07160629383707051,1.2947352714188234,1.0451423585782738,29.89924159190765,15.406594221594466,0.14054195318004545,0.011908307615814826,29.96555537527374,5.180549478355239,0.06551154013345883,0.7731870014694576,-29.96555537527374,0,0.04930612881970377,True,True
fine,22,0.125,6.4,0.5326317774522877,-0.5326317774522877,0.17524250564196253,2.1497418291729717,2.4795111167455124,29.898810977956305,15.40661274439967,0.14054195318004545,0.011908307615814826,30.585015721581037,5.2649754370383866,0.0872125781514679,0.9034287085314725,-30.585015721581037,0,0.12887161805473454,True,True
fine,22,0.15,2.4,1.382906934369372,-1.382906934369372,0.04916843176262779,2.466464379317221,0.4185648313375003,29.910248680005743,15.407256991468635,0.14054195318004545,0.011908307615814826,31.385093559958335,5.182426264004849,0.07745242254293935,0.8324340428893059,-31.385093559958335,0,0.10883061911646678,True,True
fine,22,0.15,2.8,1.1556956026099532,-1.1556956026099532,0.023859351723950782,1.9198784426965247,0.3868298640387417,29.909397386500356,15.407174213692256,0.14054195318004545,0.011908307615814826,31.100083540637335,5.186639761291745,0.0750913037149361,0.8009376181737382,-31.100083540637335,0,0.08606935449635414,True,True
fine,22,0.15,3.2,0.8550458272757601,-0.8550458272757601,0.023566484508869032,1.5384405342598702,0.3742331172615474,29.908626584416346,15.407078367965491,0.14054195318004545,0.011908307615814826,30.765258447456276,5.196086606488377,0.06957848419892868,0.7910948982702465,-30.765258447456276,0,0.06757917049319613,True,True
fine,22,0.15,3.6,0.5627211311249033,-0.5627211311249033,0.030786090186900227,1.2348172547433878,0.37890081909618234,29.907936479166874,15.406997379575992,0.14054195318004545,0.011908307615814826,30.487922776101858,5.19210694995502,0.06416614112014335,0.7826288512609927,-30.487922776101858,0,0.052313912747011235,True,True
fine,22,0.15,3.73333333,0.4795819016026995,-0.4795819016026995,0.03262996501442968,1.1456440293981038,0.38384492815288473,29.907723021958564,15.406975406956278,0.14054195318004545,0.011908307615814826,30.4165652390275,5.1886239325363706,0.0629598392208074,0.7795711112800005,-30.4165652390275,0,0.04795559586227045,True,True
fine,22,0.15,4.0,0.3407770250635468,-0.3407770250635468,0.03572365778750508,1.0069725398317233,0.3995009850977391,29.907318652576773,15.406939279855445,0.14054195318004545,0.011908307615814826,30.303626088255555,5.18082063821972,0.06158527701598694,0.7736279226985426,-30.303626088255555,0,0.0408889974061307,True,True
fine,22,0.15,4.26666667,0.23706230622264313,-0.23706230622264313,0.03862230262085544,0.9081319849013895,0.4242009360975361,29.90694170056716,15.406912955146556,0.14054195318004545,0.011908307615814826,30.222446569690323,5.174000050716338,0.06128415237131796,0.7684402202198768,-30.222446569690323,0,0.03600784535192191,True,True
fine,22,0.15,4.4,0.19657319005407844,-0.19657319005407844,0.04012205073640647,0.8781631707519313,0.4405427054252753,29.906762558703296,15.406903112071587,0.14054195318004545,0.011908307615814826,30.190640885239738,5.171446967171655,0.0613742708091579,0.7662250499108451,-30.190640885239738,0,0.03437560882910554,True,True
fine,22,0.15,4.8,0.11110347563723985,-0.11110347563723985,0.04473422818537457,0.8304965949848745,0.5082215611873094,29.906258372725382,15.406884877414326,0.14054195318004545,0.011908307615814826,30.120424971549763,5.167964384137621,0.06194327493726365,0.7610469221412022,-30.120424971549763,0,0.03196380966202256,True,True
fine,22,0.15,5.33333333,0.07288127036874127,-0.07288127036874127,0.05042385063956052,0.8935707876914739,0.6696095471649254,29.905652900685357,15.406881072164087,0.14054195318004545,0.011908307615814826,30.087629806319924,5.173174975105583,0.06244221234716814,0.7574966044255774,-30.087629806319924,0,0.034637781879104594,True,True
fine,22,0.15,5.86666667,0.18990716686842438,-0.18990716686842438,0.06497104572048833,1.1647415583557845,1.0629318724696426,29.90511012121457,15.40689315849837,0.14054195318004545,0.011908307615814826,30.210822796221965,5.195729835182491,0.06363470816529536,0.7659747987137734,-30.210822796221965,0,0.05281246727731933,True,True
fine,22,0.15,6.4,1.0142463219460638,-1.0142463219460638,0.19868628318509607,2.5089270204849026,2.577634078249298,29.904618724369442,15.444201720431122,0.14054195318004545,0.011908307615814826,31.051146333561313,5.298409945565479,0.08959549556417142,0.9082493197550774,-31.051146333561313,0,0.1634098159572471,True,True
fine,22,0.175,2.4,1.5326575794955777,-1.5326575794955777,0.06590739123427074,2.9527477766860772,0.4286504062279965,29.916669074522897,15.407480162068293,0.14054195318004545,0.011908307615814826,31.52124587615443,5.190989527370006,0.0774095197016269,0.8475040486733556,-31.52124587615443,0,0.12472004986076318,True,True
fine,22,0.175,2.8,1.3347942522009149,-1.3347942522009149,0.03551539453021096,2.312386588869898,0.3907003480386745,29.91567496509261,15.407417322231204,0.14054195318004545,0.011908307615814826,31.26020634243756,5.192506070435539,0.07508219331007032,0.8015440278855168,-31.26020634243756,0,0.10127244209819199,True,True
fine,22,0.175,3.2,1.0363736975637443,-1.0363736975637443,0.01997359053555829,1.851350585299609,0.3743855834881561,29.914776491514207,15.407334854680252,0.14054195318004545,0.011908307615814826,30.921154254553937,5.204047466692041,0.07000755693093808,0.7872980206198419,-30.921154254553937,0,0.0783574155511447,True,True
fine,22,0.175,3.6,0.7340782744551111,-0.7340782744551111,0.020911840638800132,1.5055443358058265,0.37470737069375537,29.913975148104782,15.407263028180566,0.14054195318004545,0.011908307615814826,30.633050548066755,5.201514946790064,0.06401436762453373,0.7788750748041983,-30.633050548066755,0,0.06060074613661779,True,True
fine,22,0.175,3.73333333,0.6472579101683867,-0.6472579101683867,0.02236415968301447,1.4252935543252803,0.3784623207307878,29.91372810916957,15.407243499714507,0.14054195318004545,0.011908307615814826,30.558931681354007,5.198107029151536,0.06251604862242101,0.7760606664649409,-30.558931681354007,0,0.05601540656375924,True,True
fine,22,0.175,4.0,0.5023411401286391,-0.5023411401286391,0.025297339467830908,1.2832399982536309,0.39225187909326636,29.91326142675549,15.40721163966403,0.14054195318004545,0.011908307615814826,30.44262090675198,5.190036929232381,0.0606261863672341,0.7705128353059181,-30.44262090675198,0,0.04854440295513181,True,True
fine,22,0.175,4.26666667,0.39495067628624164,-0.39495067628624164,0.028237846959979024,1.16376368819316,0.4157092683704187,29.9128281155142,15.407188969858602,0.14054195318004545,0.011908307615814826,30.36068087342785,5.1827461100196786,0.06001236661782261,0.7654735677326302,-30.36068087342785,0,0.043297661393341645,True,True
fine,22,0.175,4.4,0.35359501680206434,-0.35359501680206434,0.02976623394468807,1.111978712859301,0.43172197486057834,29.912622830098638,15.407180781704232,0.14054195318004545,0.011908307615814826,30.329243614278916,5.179992321217341,0.06002423164784393,0.7632459465367848,-30.329243614278916,0,0.04144207923507951,True,True
fine,22,0.175,4.8,0.269151876960523,-0.269151876960523,0.03449595093424929,1.012776297407521,0.5003520022556224,29.912047447767385,15.40716698542686,0.14054195318004545,0.011908307615814826,30.262309359390017,5.176325085395806,0.06055126092043015,0.757822016491584,-30.262309359390017,0,0.03869707037135086,True,True
fine,22,0.175,5.33333333,0.24245008603663223,-0.24245008603663223,0.04090184732127613,1.0438503929409,0.6691681325624089,29.911361381758706,15.407168132863458,0.14054195318004545,0.011908307615814826,30.241217318684356,5.182527805707433,0.06107401643072219,0.7536890166813548,-30.241217318684356,0,0.041980839219769396,True,True
fine,22,0.175,5.86666667,0.403009734380993,-0.403009734380993,0.061158162486834276,1.304219276429866,1.0854053079570107,29.910751024766594,15.407184270943944,0.14054195318004545,0.011908307615814826,30.406327430699452,5.208677364544142,0.06220651420360218,0.7613602045992363,-30.406327430699452,0,0.06404390215997786,True,True
fine,22,0.175,6.4,1.461546772238132,-1.461546772238132,0.22204654682310526,2.894604384330884,2.6764940391236833,29.910202208569345,15.513002422362787,0.14054195318004545,0.011908307615814826,31.480050080986764,5.331240031342429,0.09216864373460672,0.9160456871843914,-31.480050080986764,0,0.19644424125121943,True,True
fine,22,0.2,2.8,1.439491346233671,-1.439491346233671,0.047529051949347895,2.696174087126831,0.39918606130967194,29.92170158584011,15.407655260677142,0.14054195318004545,0.011908307615814826,31.34921307416309,5.194241957229218,0.07568501067233427,0.808532260211779,-31.34921307416309,0,0.11284759575235967,True,True
fine,22,0.2,3.6,0.8452303565385485,-0.8452303565385485,0.01706654823557409,1.8034696629619904,0.37543113778765125,29.9197750883321,15.407522674003213,0.14054195318004545,0.011908307615814826,30.717909768367903,5.208076915710567,0.06453010923979517,0.7785413351441135,-30.717909768367903,0,0.06769156445932203,True,True
fine,22,0.2,3.73333333,0.7561390048110865,-0.7561390048110865,0.016933199297274514,1.7075215384370572,0.37800523724589247,29.919496001867806,15.407505477176025,0.14054195318004545,0.011908307615814826,30.642388454827213,5.204887597361722,0.06277620472071355,0.7757963708313546,-30.642388454827213,0,0.06244615238266367,True,True
fine,22,0.2,4.0,0.6077945087841989,-0.6077945087841989,0.018376942972430556,1.5442387360195338,0.3897093692003034,29.918969828636207,15.407477663865146,0.14054195318004545,0.011908307615814826,30.525475283881462,5.1967449396660355,0.06037038634266086,0.7704126124660629,-30.525475283881462,0,0.054220417466145455,True,True
fine,22,0.2,4.26666667,0.49934676136586276,-0.49934676136586276,0.02076636364465973,1.4172348736595222,0.4117860816709504,29.9184827249803,15.407458433661189,0.14054195318004545,0.011908307615814826,30.445546217294666,5.189089750265962,0.05938106252062754,0.7653692328297219,-30.445546217294666,0,0.04869775033954478,True,True
fine,22,0.2,4.4,0.4584085730110014,-0.4584085730110014,0.02213412617654604,1.3643040961949964,0.4273406022041414,29.918252503181108,15.407451795109427,0.14054195318004545,0.011908307615814826,30.415815310099184,5.186171183851374,0.05927642165962131,0.763063370668652,-30.415815310099184,0,0.04680585057481059,True,True
fine,22,0.2,5.33333333,0.36716401494296314,-0.36716401494296314,0.03336642336218325,1.2470597055524955,0.671967260497369,29.916846682837818,15.40744787278849,0.14054195318004545,0.011908307615814826,30.349587616011373,5.189764871465777,0.060138578173341686,0.7522616932590358,-30.349587616011373,0,0.048071827998300856,True,True
fine,22,0.2,5.86666667,0.5736314652509885,-0.5736314652509885,0.059339683308527826,1.5233048654413768,1.1115924958299097,29.916172363374805,15.40746775289746,0.14054195318004545,0.011908307615814826,30.557833180731528,5.219651331862623,0.06111473575017405,0.7590087077187386,-30.557833180731528,0,0.07437397737734497,True,True
fine,22,0.25,3.2,1.238116832215526,-1.238116832215526,0.04012623782487877,2.7684504501948988,0.39529531323468525,29.931796652605616,15.408070911924748,0.14054195318004545,0.011908307615814826,31.055015252567838,5.209425364324761,0.0736847715232573,0.7992869746468185,-31.055015252567838,0,0.1014668952309516,True,True
fine,22,0.25,3.73333333,0.8381062731042584,-0.8381062731042584,0.019865947305891817,2.2204255775962336,0.3859159304693184,29.930353709610042,15.408011584096858,0.14054195318004545,0.011908307615814826,30.6759436290104,5.212277145575919,0.06470319337210713,0.7825144501752768,-30.6759436290104,0,0.0716811628189963,True,True
fine,22,0.25,4.26666667,0.581715300312967,-0.581715300312967,0.014638583673816319,1.8558476777683608,0.41377809712456565,29.92912921028858,15.407978276637774,0.14054195318004545,0.011908307615814826,30.49213982395939,5.196243130217504,0.059568327820892164,0.7715933487612189,-30.49213982395939,0,0.054971888267214025,True,True
fine,22,0.25,4.8,0.48106772093316286,-0.48106772093316286,0.0167549871090049,1.660190556113974,0.49550066087844735,29.92808335808403,15.407972196077374,0.14054195318004545,0.011908307615814826,30.42949521731698,5.189231738705246,0.059035175290755526,0.7619427597836873,-30.42949521731698,0,0.050173470152284766,True,True
fine,22,0.25,5.33333333,0.507033378229535,-0.507033378229535,0.022977526134074753,1.6507973110790395,0.6863078302835021,29.927179196443223,15.40798609219927,0.14054195318004545,0.011908307615814826,30.458370957053145,5.199132238550638,0.05922625670804098,0.7550503384502895,-30.458370957053145,0,0.05606687493737799,True,True
fine,22,0.25,5.86666667,0.8065094260421235,-0.8065094260421235,0.05901844360845075,1.9884083178280663,1.1708454258464305,29.926387307136526,15.408012581099042,0.14054195318004545,0.011908307615814826,30.75043539806861,5.236688839518254,0.059666788551916004,0.7601584569327127,-30.75043539806861,0,0.09078161272609378,True,True
fine,22,0.25,6.4,2.6009862839262077,-2.6009862839262077,0.28714356664950924,4.115474058632131,2.9822448039810654,29.92568530309344,15.721616249179213,0.14054195318004545,0.011908307615814826,32.53523379308148,5.424783288550798,0.09964662985731974,0.955523390602601,-32.53523379308148,0,0.28486031327508393,True,True
fine,22,0.3,3.2,1.2008246678587593,-1.2008246678587593,0.05161389252866615,3.228852403978742,0.4150916647430144,29.94203588715185,15.40853487448503,0.14054195318004545,0.011908307615814826,30.984644507685797,5.20268759222585,0.07780825805473099,0.8209980812099478,-30.984644507685797,0,0.10663435343314653,True,True
fine,22,0.3,3.73333333,0.7967891362363033,-0.7967891362363033,0.02813724875689238,2.6365894017562423,0.4013573898956319,29.9403604978708,15.40849470781305,0.14054195318004545,0.011908307615814826,30.591834444975966,5.214218526990322,0.06775315302154705,0.7957686262769439,-30.591834444975966,0,0.07540347463488328,True,True
fine,22,0.3,4.26666667,0.5441778372927749,-0.5441778372927749,0.017210704453364343,2.202387839540068,0.42370875597021557,29.938943937671706,15.408473597892394,0.14054195318004545,0.011908307615814826,30.42631332844694,5.1984128091263155,0.061116907136968934,0.7836677344925853,-30.42631332844694,0,0.056788145659934904,True,True
fine,22,0.3,4.8,0.4706786360411178,-0.4706786360411178,0.013993352364022252,1.973439851051682,0.5033452226868889,29.937742043521215,15.408476310528046,0.14054195318004545,0.011908307615814826,30.398212826548985,5.19095468155607,0.05951693155180747,0.7722811326544038,-30.398212826548985,0,0.05170219712710143,True,True
fine,22,0.3,5.33333333,0.5375660303961334,-0.5375660303961334,0.017263885396848276,1.963473896338116,0.7082961792775454,29.936710853400594,15.408497099438318,0.14054195318004545,0.011908307615814826,30.463287103266854,5.20350678625467,0.0592242543795917,0.763398476680947,-30.463287103266854,0,0.05913002232016228,True,True
fine,22,0.3,5.86666667,0.9238803455330835,-0.9238803455330835,0.06051453686574717,2.3890007196047685,1.2358931896176846,29.93581441459674,15.40852911527842,0.14054195318004545,0.011908307615814826,30.82834708917559,5.248741169919416,0.058949271484510034,0.7679967789683186,-30.82834708917559,0,0.10142532398681836,True,True
fine,22,0.3,6.4,3.1918173024072507,-3.1918173024072507,0.3262084000648251,4.9877487150231,3.183122233387459,29.93502511010658,15.862480386230631,0.14054195318004545,0.011908307615814826,33.02971915442929,5.479257254541596,0.1034404382144829,0.9966918835847945,-33.02971915442929,0,0.3347193389609028,True,True
fine,22,0.35,3.2,1.1093979098393807,-1.1093979098393807,0.059245821532780095,3.5668320034901306,0.43232674482150896,29.951462285933182,15.408978439335218,0.14054195318004545,0.011908307615814826,30.869362853913195,5.191530711451596,0.08368372084985734,0.8503973755845416,-30.869362853913195,0,0.10706911340133196,True,True
fine,22,0.35,3.73333333,0.6874532548366059,-0.6874532548366059,0.03577355138666861,2.948792509788814,0.41797277304708647,29.94957663430436,15.408955802732024,0.14054195318004545,0.011908307615814826,30.445364041748835,5.213416961045487,0.07145072511780828,0.8128866997789158,-30.445364041748835,0,0.07471894197802983,True,True
fine,22,0.35,4.26666667,0.4336841195887134,-0.4336841195887134,0.022085418744618644,2.477260187338229,0.43865517645957014,29.947985717351106,15.408945475462469,0.14054195318004545,0.011908307615814826,30.296551395302338,5.19791041558658,0.06353169727186883,0.799194494014789,-30.296551395302338,0,0.05501696380287901,True,True
fine,22,0.35,4.8,0.3890774515678417,-0.3890774515678417,0.015679836250352512,2.204582112156919,0.5169812429433801,29.946642969715455,15.40895568097255,0.14054195318004545,0.011908307615814826,30.305749491986155,5.1895901434138425,0.06077737842214563,0.7860657989834627,-30.305749491986155,0,0.05019275517273526,True,True
fine,22,0.35,5.33333333,0.4956952187953375,-0.4956952187953375,0.01507641026167198,2.2031506432552637,0.7335236424850708,29.94549823936662,15.40898220900266,0.14054195318004545,0.011908307615814826,30.403717524118793,5.204689480951353,0.059846275401904715,0.7754537485135213,-30.403717524118793,0,0.058899132631741326,True,True
fine,22,0.35,5.86666667,0.9561481295626475,-0.9561481295626475,0.0626999283538461,2.748535751334127,1.307362274934738,29.94450936923854,15.409018765937398,0.14054195318004545,0.011908307615814826,30.825210345800276,5.2574573298218255,0.058803604123677425,0.7815264338547462,-30.825210345800276,0,0.10774898183644917,True,True
fine,22,0.35,6.4,3.6435288872379865,-3.6435288872379865,0.3614802865302544,5.859769622387956,3.3781628965065145,29.943643674385303,16.004725185287725,0.14054195318004545,0.011908307615814826,33.35467969307289,5.52525859364331,0.10536984169815156,1.0534875464107334,-33.35467969307289,0,0.3765766696533579,True,True
fine,22,0.4,3.73333333,0.5497140901328542,-0.5497140901328542,0.0424941006740931,3.1797011511533073,0.43295751209850425,29.95805853458427,15.409395796878389,0.14054195318004545,0.011908307615814826,30.273799692168808,5.211895854012654,0.07566040612951942,0.8322379710804357,-30.273799692168808,0,0.07168120842004655,True,True
fine,22,0.4,4.26666667,0.2845761931108048,-0.2845761931108048,0.02727320729917252,2.692466491068397,0.45435195653172256,29.956309614299414,15.40939495174334,0.14054195318004545,0.011908307615814826,30.136842975453312,5.196439509691867,0.06648322253518237,0.8165765690513744,-30.136842975453312,0,0.05090838381655241,True,True
fine,22,0.4,5.33333333,0.41026348124065415,-0.41026348124065415,0.015804763418038815,2.4014084948611836,0.7616219682089118,29.95359433250023,15.409442682301336,0.14054195318004545,0.011908307615814826,30.309435420739966,5.20405999853823,0.060899883651721796,0.7898128736372548,-30.309435420739966,0,0.05692090577582534,True,True
fine,22,0.4,5.86666667,0.928437320557095,-0.928437320557095,0.06568249126448818,3.0913051587711577,1.3849161145498616,29.952524293356305,15.40948288377594,0.14054195318004728,0.011908307615836947,30.76826083251409,5.264208637106789,0.059136497005051136,0.8000132602579807,-30.76826083251409,0,0.1112327134440283,True,True
fine,33,0.0,3.46666667,1.9081014222087542,1.9081014222087542,0.18221556208936668,3.0307481667146225,0.572657676981719,30.477604999803063,15.271714702572314,0.4776391982327689,0.023921976911028438,28.169888738497928,5.016886608002799,0.11903570761917973,0.8480376332958178,-28.169888738497928,0,0.17557234794006982,True,True
fine,33,0.0,3.73333333,1.8214333537423886,1.8214333537423886,0.19009617791516337,2.9359995387715374,0.5704569988183192,30.477559190574148,15.271057965487778,0.47765163496337726,0.023957623493889583,28.243468705033553,5.021673897349226,0.10173643754869069,0.8125915867239406,-28.243468705033553,0,0.17238356778015543,True,True
fine,33,0.0,4.0,1.7528696135351012,1.7528696135351012,0.1966787810793495,2.8493526699189133,0.5737349743006332,30.47748701159372,15.270501366356598,0.4776646508171094,0.023993906074056322,28.294501575376938,5.033868541427644,0.08781149519005091,0.7843934340397268,-28.294501575376938,0,0.16993253601128652,True,True
fine,33,0.0,4.26666667,1.7035912282155414,1.7035912282155414,0.20148255923225095,2.7704912508332944,0.5846501411616366,30.477390840815957,15.270031037970423,0.4776764745424152,0.024030821768318306,28.324198574626024,5.050537734219568,0.07825346015617023,0.7624577463790485,-28.324198574626024,0,0.16819073519084335,True,True
fine,33,0.0,4.53333333,1.6727239931024265,1.6727239931024265,0.2043178627499383,2.6990423894041653,0.6037817537802753,30.47727307274819,15.269634857978229,0.47768751065462184,0.024068367661098874,28.33573451108083,5.068879172508246,0.0735381258397684,0.7456853033481667,-28.33573451108083,0,0.16707340018535755,True,True
fine,33,0.0,5.06666667,1.6555969906245402,1.6555969906245402,0.20428161441344664,2.576147121301802,0.674012208306275,30.476981978873802,15.26902410682473,0.47771349673931995,0.02414533823619941,28.322790596643678,5.10175272728123,0.0760004192770596,0.7227817535152992,-28.322790596643678,0,0.1663314171896572,True,True
fine,33,0.0,5.33333333,1.6618206605414436,1.6618206605414436,0.20182511252574337,2.523140613832699,0.7342756782791818,30.476812949473643,15.268792425259306,0.4777216352925218,0.024184756934113944,28.308502605374972,5.113501981005098,0.08041326321750648,0.7142651395154707,-28.308502605374972,0,0.16657145153978023,True,True
fine,33,0.0,5.6,1.672200283907739,1.672200283907739,0.1981380239049785,2.474362209517274,0.8252134839465116,30.47663085961242,15.268600358391557,0.47773704581398446,0.024224793872365383,28.29539944797719,5.121416006338595,0.08517733618697418,0.7062484697470977,-28.29539944797719,0,0.16724808570758454,True,True
fine,33,0.0,5.86666667,1.6822310414324335,1.6822310414324335,0.19352729994670864,2.4281845338940604,0.9709184792009747,30.4764374358803,15.268441982473385,0.47774373532988057,0.024265445988323642,28.287615372662394,5.125774644180529,0.08940949598039132,0.6976551357859597,-28.287615372662394,0,0.16859292920677835,True,True
fine,33,0.0,6.13333333,1.6867039201975351,1.6867039201975351,0.1881950840735968,2.462666254864197,1.2368417000624077,30.476234229436944,15.268312198719048,0.4777602380275569,0.02430671019275104,28.289222976830764,5.127543222429747,0.09252783173264831,0.6869870245361628,-28.289222976830764,0,0.17211601751917707,True,True
fine,33,0.00416667,0.0,11.79305653035756,11.79305653035756,13.80341510642126,20.41509487998855,14.473376017622991,30.455808271747607,15.27814812627302,0.45763133023436753,0.02355297406816466,19.485538787600163,1.415093796520695,11.886347046351583,51.37512626761727,-19.485538787600163,0,4.447125465973146,True,True
fine,33,0.00833333,0.0,4.759879638565694,-4.759879638565694,12.50436317211548,12.370171028738834,13.736534606545499,30.45401273371288,15.278089597875516,0.45763133023436753,0.023589674200368244,36.8101299102336,2.6702196468505326,10.862383175114422,49.11641968195605,-36.8101299102336,0,3.691622713375493,True,True
fine,33,0.0125,0.0,17.4933412190537,-17.4933412190537,11.36552386573418,12.835745833486806,13.062905840949302,30.452244182400545,15.278033738510754,0.45763133023436753,0.023627737961413795,49.73157794078586,3.7831688987107563,9.944318070931683,47.09862152552164,-49.73157794078586,0,4.036458749870341,True,True
fine,33,0.01666667,0.0,26.741608967119088,-26.741608967119088,10.373028758304413,15.855279512051402,12.44816055493084,30.450502107132095,15.277980485290751,0.45763133023436753,0.0236671115564008,58.871718432717344,4.769323297900454,9.121941993184322,45.292006489875504,-58.871718432717344,0,4.265866283456192,True,True
fine,33,0.02083333,0.0,33.44115152079684,-33.44115152079684,9.514275738104423,19.230186776408466,11.888325238590344,35.042334958249576,15.277929776577468,0.45763133023436753,0.023707742930469945,65.37202302432291,5.6423158227957435,8.386064712313246,43.670105532193794,-65.37202302432291,0,4.405131747405142,True,True
fine,33,0.02916667,0.0,42.14945205974533,-42.14945205974533,8.151809415362717,25.276795999337637,10.918766204364994,43.42974936963128,15.277835751269919,0.45763133023436753,0.0237925801469814,73.69044219433395,7.095818116507662,7.141375019295031,40.88932136310466,-73.69044219433395,0,4.534476135978716,True,True
fine,33,0.03333333,0.0,45.07311205141859,-45.07311205141859,7.626247827563387,27.815875762172688,10.502165196627253,46.22209084371573,15.277792317549622,0.45763133023436753,0.023836690192779116,76.45530159996045,7.696600343194125,6.61820512776621,39.6915485807839,-76.45530159996045,0,4.563620530627386,True,True
fine,33,0.0375,0.0,47.40140656885919,-47.40140656885919,7.19030871703954,30.067994986466477,10.126598670961192,48.43867791473607,15.277751193360578,0.45763133023436753,0.02388186693838241,78.64872455099668,8.225087492497495,6.152629470493687,38.60021004597196,-78.64872455099668,0,4.583681431135181,True,True
fine,33,0.04166667,0.0,49.29306770789036,-49.29306770789036,6.833551837799137,32.0600315853243,9.788830395981506,50.235397161921036,15.27771232307753,0.45763133023436753,0.023928066352848613,80.42587875237251,8.68885883160869,5.738936832830095,37.60144721096976,-80.42587875237251,0,4.6001564838066695,True,True
fine,33,0.04583333,0.0,50.856777330914746,-50.856777330914746,6.545724178861137,33.837111684685354,9.485671679139415,51.71804575000249,15.277675652191522,0.45763133023436753,0.02397524585977769,81.89189578478761,9.094682077098646,5.371884773762631,36.68322931987929,-81.89189578478761,0,4.616240477246789,True,True
fine,33,0.05,2.8,0.8811694739709732,0.8811694739709732,0.0877939363694488,1.7898933852846397,0.5355617384439955,30.43499245188247,15.276137152837844,0.46640499808421976,0.02385409997478234,29.224470228626508,5.149807742140916,0.1631975944044219,0.9954498664127589,-29.224470228626508,0,0.0896737447997207,True,True
fine,33,0.05,3.6,0.7151103348026513,0.7151103348026513,0.091914526699281,1.795323345886819,0.5073909203600889,30.43549684288813,15.273494309700158,0.4680649229233685,0.023957117725995222,29.382943187717306,5.085273938345495,0.10840024864405384,0.788529491742384,-29.382943187717306,0,0.08198587761041633,True,True
fine,33,0.05,3.73333333,0.6948770108986115,0.6948770108986115,0.09695257136862583,1.7876211534784037,0.5078826444192833,30.435559718969678,15.273166642458374,0.4682827136291954,0.023974847627365996,29.39210895397828,5.086049005381606,0.09985801080453947,0.7633339486525028,-29.39210895397828,0,0.08217757235266333,True,True
fine,33,0.05,4.0,0.6692178580810852,0.6692178580810852,0.10766767682181526,1.7691061156875687,0.5131623817640483,30.435664225739767,15.272590172936734,0.46877001424708886,0.024010784504772384,29.39171413620147,5.094443230444864,0.0842518379072755,0.7216161487805778,-29.39171413620147,0,0.08350536931154579,True,True
fine,33,0.05,4.26666667,0.6640009812555354,0.6640009812555354,0.11781904097586171,1.748221752492166,0.5261734196409741,30.43574030216786,15.27210679838371,0.4693095194964654,0.02404735509718759,29.36886242534257,5.109043256834374,0.07153919202126732,0.6911462109465001,-29.36886242534257,0,0.08582092880693792,True,True
fine,33,0.05,4.4,0.6685599482449585,0.6685599482449585,0.1223439600145489,1.7373155511892235,0.5358406241152555,30.435767896253353,15.271895834283963,0.46956285361610406,0.024065877134658215,29.35062487455831,5.117602475013081,0.0666108486296749,0.6797829325637086,-29.35062487455831,0,0.08724718276264593,True,True
fine,33,0.05,5.33333333,0.7776525327687144,0.7776525327687144,0.1391846644653142,1.6505975639962345,0.6885050311615878,30.435784525155153,15.270862023802001,0.47102979579859255,0.024199916387128546,29.181898903481834,5.171222154228791,0.06045148169601925,0.6479482904482754,-29.181898903481834,0,0.09868385466325558,True,True
fine,33,0.05,5.86666667,0.8165677789074332,0.8165677789074332,0.13752630038673747,1.6803940543971279,0.9437359495325357,30.43567688192394,15.270522300230807,0.47162737925149684,0.024279922776607857,29.14803531994148,5.184992761100596,0.06644205211734075,0.6416683556567413,-29.14803531994148,0,0.10463376987988397,True,True
fine,33,0.075,2.4,0.46923225278174197,0.46923225278174197,0.10817142442511576,1.3763765111646704,0.5462271226116551,30.414137375180246,15.279080885286323,0.4631937697165214,0.023814317900378412,29.584985507188744,5.277824279097567,0.18761133700007662,1.1651719818078419,-29.584985507188744,0,0.07089955278630783,True,True
fine,33,0.075,2.8,0.4566482139297777,0.4566482139297777,0.08481214970828124,1.3465334729993126,0.5147068176243573,30.414513571083262,15.277211273940921,0.464327438369641,0.023863389215098375,29.661357722629443,5.190163179789372,0.16334839197406784,1.0294788464144353,-29.661357722629443,0,0.06366680251659852,True,True
fine,33,0.075,3.2,0.3656439002696503,0.3656439002696503,0.06618056239962336,1.3376900015259792,0.4951250813686097,30.414926909465734,15.275701774549418,0.4653625002703894,0.023913915194456865,29.766758659684093,5.133136505764236,0.13767519720700833,0.9033541892895987,-29.766758659684093,0,0.05406503140010174,True,True
fine,33,0.075,3.6,0.28221608847719387,0.28221608847719387,0.06433487238847786,1.3299745809115069,0.48784410076770535,30.41531346064564,15.274511668548406,0.46629898485511684,0.023965886634596856,29.826824434499127,5.111162278534222,0.11154570343366735,0.7957157311197667,-29.826824434499127,0,0.049248952864648664,True,True
fine,33,0.075,3.73333333,0.2638587997761939,0.2638587997761939,0.06747559976603695,1.3271039496156214,0.4882127088106472,30.415430444774618,15.274177066972916,0.46658924515935196,0.023983530043852643,29.831803403377474,5.110648156656772,0.10310855406821393,0.7654414808580106,-29.831803403377474,0,0.04909837135376034,True,True
fine,33,0.075,4.0,0.24527138552578398,0.24527138552578398,0.0769329657851353,1.3213374520644683,0.49343017755512,30.41564276503543,15.273589387852551,0.4671369199322941,0.024019294149169864,29.819051835645418,5.117391120915784,0.08728787736678725,0.7146249884579099,-29.819051835645418,0,0.050570540757017446,True,True
fine,33,0.075,4.26666667,0.25095530073168903,0.25095530073168903,0.0879560601961957,1.3148292463125837,0.5066166799933987,30.415824333622737,15.273098139734426,0.4676408065926403,0.024055692263860423,29.77993557421578,5.131338144445215,0.07371703206221242,0.6772056970662369,-29.77993557421578,0,0.053771740798261095,True,True
fine,33,0.075,4.4,0.2620433691947929,0.2620433691947929,0.09335447423299793,1.3116201011428987,0.5164833688777599,30.41590333811113,15.272884360048309,0.4678763316832148,0.024074128177022494,29.75271557783547,5.139845182579532,0.068107836053079,0.6633306153742209,-29.75271557783547,0,0.05581022526081002,True,True
fine,33,0.075,4.8,0.31997669065861206,0.31997669065861206,0.10732011802396484,1.2993270161199524,0.5603352957744454,30.41609403899655,15.272351762863856,0.468517244663683,0.024130378989779655,29.654005686978646,5.1666430168356055,0.05721945873938487,0.6381381441309095,-29.654005686978646,0,0.06281239465976529,True,True
fine,33,0.075,5.33333333,0.41720978506788126,0.41720978506788126,0.11866734764703672,1.3015847488944772,0.6744357358718219,30.416247169877458,15.271845777730011,0.46921861439123663,0.024207566848217194,29.530217558761553,5.195161016364907,0.05572796635653132,0.6295598362367455,-29.530217558761553,0,0.07239405750188535,True,True
fine,33,0.075,5.86666667,0.45492891501210664,0.45492891501210664,0.12315174289899666,1.3949713990786203,0.9416194043306442,30.41629938721224,15.27150995597272,0.4701569185919659,0.024287231985768484,29.50113081301142,5.210641316934455,0.05958027405504042,0.6289434933601886,-29.50113081301142,0,0.0805450811136019,True,True
fine,33,0.075,6.4,0.21799656038097534,0.21799656038097534,0.1496965159465267,1.729703613280035,1.9070939990894282,30.4162678598535,15.271292757724508,0.47144639574945174,0.024369350095987143,29.773919434004714,5.230889343592694,0.05563821730593789,0.6307576869566958,-29.773919434004714,0,0.0938998204348021,True,True
fine,33,0.1,2.8,0.16748991381060777,0.16748991381060777,0.09501278109677297,1.1783453428469302,0.5007512185127954,30.394567446795726,15.278257164368373,0.4628600438000012,0.02387272506495945,29.96303875929652,5.225598063040959,0.16639573834942395,1.0753654855174233,-29.96303875929652,0,0.05012944494127151,True,True
fine,33,0.1,3.6,0.08018870121706403,-0.06599139423471549,0.054152361788315805,1.0674122261422672,0.4761982345645759,30.39568738565954,15.275500781207766,0.4647247284419783,0.023974702346528622,30.18680073872085,5.132255195240177,0.11634061954190016,0.8163440270963083,-30.18680073872085,0,0.03422364429710098,True,True
fine,33,0.1,3.73333333,0.09146814873141504,-0.08794392799452785,0.05266415431070506,1.0601306755500388,0.4762188120221883,30.39586432597064,15.275158916981828,0.46499717937041546,0.023992259292212926,30.19258751456909,5.13044836436236,0.10799694974600027,0.7807441220596039,-30.19258751456909,0,0.034355221448114794,True,True
fine,33,0.1,4.0,0.10830674444002737,-0.10830674444002737,0.056184876598059194,1.0465355566520074,0.4807521205315033,30.396196542673287,15.274559258914355,0.46550923607227274,0.02402785067982699,30.175190822622422,5.135612190381922,0.09208472449679017,0.7198832327884943,-30.175190822622422,0,0.03603811281635321,True,True
fine,33,0.1,4.26666667,0.09819218653468963,-0.09819218653468963,0.06538954060458563,1.0323494749565225,0.49348922860077093,30.396495708413934,15.274059305585924,0.46597750548355493,0.024064076367023807,30.125081716335234,5.149083930396947,0.07796838482534396,0.674169873528993,-30.125081716335234,0,0.03792345625612594,True,True
fine,33,0.1,4.4,0.08307474558389358,-0.08307474558389358,0.0708788831948938,1.0241896209609602,0.5032852918512297,30.396632048009646,15.273842296001582,0.46619522222614457,0.024082426179363056,30.090813990977413,5.157659839931047,0.07188757390172225,0.6570552157503303,-30.090813990977413,0,0.038631987465848186,True,True
fine,33,0.1,5.33333333,0.10907781241835235,0.10907781241835235,0.10317915797220678,1.0378800155343924,0.6660119269491535,30.397339592283572,15.27279651675168,0.46831122542641507,0.02421526440616426,29.821529357005673,5.215690418214701,0.05393466331166123,0.6176600999626259,-29.821529357005673,0,0.050780228069389144,True,True
fine,33,0.1,5.86666667,0.1425393812212225,0.1425393812212225,0.11465905736296475,1.156042075106452,0.9466657516018824,30.397567844327877,15.272463675498305,0.4696008859973086,0.024294588348190562,29.80052811446605,5.233279314643683,0.05535001153432979,0.6222484241267645,-29.80052811446605,0,0.06089381199504043,True,True
fine,33,0.125,2.4,0.13407627189788798,0.13407627189788798,0.11621640605410581,1.5006505391962388,0.520423596430139,30.374606892768387,15.28119257265047,0.46065908986668846,0.023852428214090622,29.90998818614461,5.357190849693049,0.19838033308436265,1.2751371647610141,-29.90998818614461,0,0.05676698980482969,True,True
fine,33,0.125,2.8,0.061923959275060315,0.00542542395783036,0.108537453234319,1.1981096751971498,0.4922089567699963,30.375143949103496,15.279275197448206,0.46162701735418754,0.02388210746979009,30.140102527124515,5.256703977429135,0.1728434974662135,1.1334579735622519,-30.140102527124515,0,0.04825743857822399,True,True
fine,33,0.125,3.2,0.1886734335637283,-0.1886734335637283,0.08544163921298284,1.0552686947039702,0.47694434252204837,30.375858327529762,15.277705581792675,0.4625948565127493,0.023932112853492206,30.357940662421576,5.183192964659193,0.14798147275450607,0.9866310788819321,-30.357940662421576,0,0.04738119548177646,True,True
fine,33,0.125,3.6,0.3377329370742859,-0.3377329370742859,0.06026009916188939,0.9931854782022965,0.47055142578989945,30.376606396119772,15.276462137887012,0.46356260735420357,0.023983564810153048,30.47316185134949,5.148988001370976,0.12259794044522335,0.8484851187713136,-30.47316185134949,0,0.0479169660832891,True,True
fine,33,0.125,3.73333333,0.36862341627566136,-0.36862341627566136,0.05388475318630204,0.980993009491878,0.4704266266391225,30.37684879742776,15.2761127125742,0.4638851713360421,0.024001035321539032,30.484452761341203,5.1458452231736045,0.1142248743521248,0.8073093848964362,-30.484452761341203,0,0.0477640104417308,True,True
fine,33,0.125,4.0,0.39918646507408484,-0.39918646507408484,0.04757034011001726,0.9617931630545193,0.4742346303247674,30.377312350614808,15.275500362929748,0.46453026989028584,0.024036454046662138,30.469324787783158,5.149428458320924,0.09811466811186752,0.7355733928659713,-30.469324787783158,0,0.04761578317471464,True,True
fine,33,0.125,4.26666667,0.3904920766903085,-0.3904920766903085,0.05069813468575564,0.9451280228172239,0.4861502393835832,30.377740635922788,15.27499092202928,0.4651753292030148,0.02407250735752375,30.4124956993499,5.162542090153961,0.0835367854010002,0.6803747799125749,-30.4124956993499,0,0.04801883572524139,True,True
fine,33,0.125,4.4,0.3734748862824093,-0.3734748862824093,0.0548498520931154,0.9367918743246764,0.4956659409279053,30.377939965078284,15.274770289596388,0.4654978441327223,0.024090771093236117,30.37256709562735,5.171282931407423,0.07709594567987103,0.6593538311530291,-30.37256709562735,0,0.048291922971933465,True,True
fine,33,0.125,4.8,0.28688410043808915,-0.28688410043808915,0.07113392842758752,0.954316917306558,0.5402816793474748,30.378475661807027,15.274224793390982,0.46646533009300056,0.0241465063108956,30.229526314279937,5.200312209083626,0.06236606852312805,0.6207979220833554,-30.229526314279937,0,0.04890846012183761,True,True
fine,33,0.125,5.33333333,0.15014479090792285,-0.15014479090792285,0.09126639143399745,0.9983750088306229,0.6624799381242067,30.379046118731544,15.273714988182771,0.4677551740579676,0.02422300901611026,30.059448464173993,5.232918521903618,0.05445963685919908,0.6106815916629633,-30.059448464173993,0,0.04946846473441551,True,True
fine,33,0.125,5.86666667,0.12139994357238701,-0.12139994357238701,0.10971573564961949,1.1682186255650868,0.9575479040639069,30.379465783407934,15.273384243124145,0.46904486114965216,0.02430199182111108,30.047165071189934,5.252873432873927,0.05335575950899067,0.6196617142357079,-30.047165071189934,0,0.058880293886810195,True,True
fine,33,0.125,6.4,0.5813153730124079,-0.5813153730124079,0.18346534663418873,2.0397093702366234,2.006685558507184,30.37975578541336,15.273175796486912,0.4703343913475114,0.02438343061396315,30.557473858306956,5.2881678135406744,0.04856981782986451,0.6605295006382017,-30.557473858306956,0,0.12471866310864244,True,True
fine,33,0.15,2.4,0.20050045933978944,0.20050045933978944,0.12046244197413451,1.8182466151513466,0.5221069281037604,30.35562178856805,15.28220408941309,0.46010290036467677,0.023883991652326856,29.836304199348014,5.38897618870743,0.2125803029380223,1.359275250099967,-29.836304199348014,0,0.06382384754272812,True,True
fine,33,0.15,2.8,0.07310977148010303,-0.038712898413633866,0.12187989945051456,1.3402894148800362,0.48927231045746566,30.356233030558972,15.280265753831603,0.46107084774740265,0.023891536374627872,30.204384266097545,5.284157502218612,0.18323684535351265,1.206050864471922,-30.204384266097545,0,0.05328918748967765,True,True
fine,33,0.15,3.2,0.32857214192789547,-0.32857214192789547,0.10235914385040716,1.1251747023036347,0.47405961574350536,30.357109100478226,15.278666961605012,0.46203870680058706,0.023941281616656433,30.524769060585534,5.2026062385763625,0.1567039672325067,1.0462592512471605,-30.524769060585534,0,0.05914092106419851,True,True
fine,33,0.15,3.6,0.5422267622591853,-0.5422267622591853,0.07438516405921217,1.0242558212407862,0.46857519014252114,30.358058489936454,15.277396225587536,0.4630064775357902,0.023992473973636075,30.69744051647045,5.1618896159857295,0.13044543374333795,0.891553361541086,-30.69744051647045,0,0.061899551660038805,True,True
fine,33,0.15,3.73333333,0.5872828014868716,-0.5872828014868716,0.06527570587992053,1.0039854902100471,0.46857204859133567,30.358371528194777,15.27703896897203,0.4633290481486489,0.0240098580804231,30.718634211650407,5.157327908379008,0.12183314726530865,0.8444011371813268,-30.718634211650407,0,0.06170601831880835,True,True
fine,33,0.15,4.0,0.6360695265956553,-0.6360695265956553,0.05064774075203439,0.9741462968476362,0.4721134989466916,30.358977238320872,15.276413269208106,0.46397415996499375,0.024045104199398974,30.711881560940764,5.1592547266321525,0.10523525665475722,0.7608232914994226,-30.711881560940764,0,0.06029757018346107,True,True
fine,33,0.15,4.26666667,0.6340362528465653,-0.6340362528465653,0.04479181793712795,0.9718404232782678,0.48324857978403807,30.359545600953595,15.275893605930813,0.4646192325392828,0.024080985186215806,30.651582233039075,5.172065942340419,0.09008132591743967,0.6949296819339598,-30.651582233039075,0,0.058894655944518,True,True
fine,33,0.15,4.4,0.6168792505825981,-0.6168792505825981,0.04575930016427453,0.9781998141862168,0.4923993449375317,30.359813311513854,15.275668978483045,0.4649417540997443,0.024099162869861523,30.606815906213008,5.181042524563825,0.0832907173943983,0.669338180418902,-30.606815906213008,0,0.05848119361876883,True,True
fine,33,0.15,4.8,0.5206513944278016,-0.5206513944278016,0.058794504750198116,0.9981589718218509,0.5367684322590953,30.360544948644417,15.275115417037716,0.4659092599516068,0.024154640390825755,30.443128720648982,5.21169660945448,0.0671513838001416,0.6212053472905943,-30.443128720648982,0,0.05781991335809385,True,True
fine,33,0.15,5.33333333,0.3649141127481316,-0.3649141127481316,0.08172124274763819,1.070898332273766,0.6626151824952822,30.361351404641233,15.274601928035281,0.46719913043762656,0.02423080063297825,30.248771626389193,5.247054408214247,0.056684754624405906,0.6076367244828151,-30.248771626389193,0,0.058427214558873355,True,True
fine,33,0.15,5.86666667,0.3389429731972543,-0.3389429731972543,0.10651668775251757,1.2851780962562789,0.972427881439533,30.361977090926143,15.274272431140815,0.46848884404906976,0.02430944236142381,30.24347679213936,5.269517468220566,0.05315595789254979,0.6199656539501622,-30.24347679213936,0,0.07017548253476065,True,True
fine,33,0.15,6.4,0.9112668749185524,-0.9112668749185524,0.19883004754203967,2.333044964661304,2.0606961665214887,30.36244539512334,15.274067459554946,0.4697784007655738,0.024390541562093637,30.872182216957818,5.31157969907039,0.04806008727667743,0.6792619839648842,-30.872182216957818,0,0.14838440299252828,True,True
fine,33,0.175,2.4,0.4087619748869849,0.4087619748869849,0.12739778367145388,2.24023570058064,0.5347469148575855,30.337143894275112,15.283186673809759,0.4595467186177352,0.02391606867314422,29.62280066931895,5.41642905693246,0.23267628541057914,1.4695987607128655,-29.62280066931895,0,0.07969387018760016,True,True
fine,33,0.175,2.8,0.08299379386267873,0.02481043267048353,0.13520960285381398,1.5994957403053616,0.49294994410212717,30.337824731455807,15.281229220564974,0.46051468589463046,0.023901011724479723,30.16904806259147,5.308680137817175,0.19796814827030845,1.2963718224703569,-30.16904806259147,0,0.05933595922452635,True,True
fine,33,0.175,3.2,0.39027769391019745,-0.39027769391019745,0.11941677516351926,1.2624971581191715,0.47501029922784765,30.338868777987706,15.279601874329368,0.4614825648414999,0.02395049693084818,30.62280199712429,5.219173743981074,0.16836974538387628,1.1195721004086223,-30.62280199712429,0,0.06765049433391625,True,True
fine,33,0.175,3.6,0.6895791207989705,-0.6895791207989705,0.09087283057296801,1.1132195119932125,0.46928128985385065,30.340031881167647,15.278303527967832,0.4624503554697004,0.02400142978505734,30.872171784447563,5.17154228881388,0.14019411698015555,0.9460454114478057,-30.872171784447563,0,0.0741419878820531,True,True
fine,33,0.175,3.73333333,0.7538977095877131,-0.7538977095877131,0.08044335255005144,1.0830921260921325,0.4693283626319952,30.340420417379136,15.277938196484925,0.46277293271319986,0.024018727517363267,30.907343349210045,5.165439245625802,0.13107325692958027,0.8922862574478916,-30.907343349210045,0,0.07450025542962699,True,True
fine,33,0.175,4.0,0.8285059142352159,-0.8285059142352159,0.060847150538457684,1.0649591310636135,0.47280671867344265,30.341178507942256,15.277298539631069,0.46341805779097417,0.024053801087583534,30.91421622247284,5.1655594400526255,0.11356352444824136,0.7955966826180502,-30.91421622247284,0,0.07323734275022956,True,True
fine,33,0.175,4.26666667,0.8377419089708151,-0.8377419089708151,0.04687498548757588,1.0678262626590924,0.48338185752336205,30.341897358543125,15.276767965043597,0.4640631436263826,0.02408950980362993,30.85262113836356,5.178062260319758,0.09756553796648411,0.717637056289375,-30.85262113836356,0,0.07040279037402132,True,True
fine,33,0.175,4.4,0.8218229576084488,-0.8218229576084488,0.04363001097085039,1.0716066804399103,0.4921702658935493,30.342238587248776,15.276538990623806,0.46438567181721996,0.024107601460277978,30.80324963450422,5.187320187969164,0.0903520632462344,0.6867564789549936,-30.80324963450422,0,0.06897070410218575,True,True
fine,33,0.175,4.8,0.7173257254730807,-0.7173257254730807,0.049606984902589114,1.087819331849416,0.5360682511256696,30.343180852078053,15.27597635354912,0.4653531975596965,0.024162821353885686,30.617501928076603,5.219863131551754,0.07282025066335462,0.6269738494851339,-30.617501928076603,0,0.06609247874715869,True,True
fine,33,0.175,5.33333333,0.5404572782945485,-0.5404572782945485,0.07362875338552896,1.1776528182723414,0.6651452217509224,30.344240427869302,15.275458061055117,0.4666430945656156,0.02423863921130401,30.3950856258524,5.258369771713676,0.06011046318016461,0.6079749485616879,-30.3950856258524,0,0.06611221172303478,True,True
fine,33,0.175,5.86666667,0.5131030186604182,-0.5131030186604182,0.1038890343001841,1.4318519821655524,0.9894315705545583,30.34508600196315,15.275128999858126,0.4679328346954827,0.024316939925900567,30.392994550155237,5.283390354012993,0.0543125842803178,0.622428119267799,-30.392994550155237,0,0.07972669188484782,True,True
fine,33,0.175,6.4,1.1915980846533107,-1.1915980846533107,0.2114022615753338,2.639364944875059,2.114707509740348,30.345743360311747,15.274926946731748,0.46922241792916025,0.024397699581420004,31.133880586875016,5.331250278612242,0.04856586263033633,0.6985560456099158,-31.133880586875016,0,0.16897922177726088,True,True
fine,33,0.2,2.8,0.184582161220984,0.184582161220984,0.1502075271917837,1.937415724932017,0.5039173649974826,30.319909184630085,15.282165990224843,0.4599585317960445,0.02392419192255942,30.04849277624779,5.331009144041731,0.21717404682537889,1.4076795430444775,-30.04849277624779,0,0.07116006477260314,True,True
fine,33,0.2,3.6,0.7906148379363159,-0.7906148379363159,0.10812082603729327,1.272523230459114,0.47280255740312926,30.322514996556087,15.279184525212061,0.4618942411557406,0.02401043219208475,31.010593735286932,5.178551182145307,0.15222182595580697,1.0132204489349559,-31.010593735286932,0,0.08489084064367633,True,True
fine,33,0.2,3.73333333,0.8791283853362037,-0.8791283853362037,0.09687529221683717,1.2442210928424786,0.47255773663144646,30.322983590144663,15.278810900463776,0.4622168250298335,0.024027643580709444,31.06345584423162,5.170745446722552,0.14229433236774827,0.9519807275848604,-31.06345584423162,0,0.08626528307234482,True,True
fine,33,0.2,4.0,0.986679205446894,-0.986679205446894,0.07419556560178658,1.207545173811857,0.47564754769622397,30.32390370963454,15.278156728715391,0.4628619633683385,0.024062544660511567,31.088282126137504,5.16883489371495,0.12336485156949525,0.8405381073662805,-31.088282126137504,0,0.08571774687442976,True,True
fine,33,0.2,4.26666667,1.0111196762851529,-1.0111196762851529,0.05438997714074496,1.1968644084489228,0.48568982727423676,30.324782928885593,15.277614598114535,0.4635070624640228,0.02409808116005306,31.026428885363558,5.180962006691217,0.10614459931326273,0.7488935681460591,-31.026428885363558,0,0.0820634564586463,True,True
fine,33,0.2,4.4,0.997415925851112,-0.997415925851112,0.04719255689530123,1.193647139939524,0.49412380607280343,30.32520256472609,15.277380944402719,0.46382959728502804,0.024116086815400152,30.972063928693416,5.190521952205227,0.098371732308102,0.7119094833354224,-30.972063928693416,0,0.07968991341575934,True,True
fine,33,0.2,5.33333333,0.6825139237968039,-0.6825139237968039,0.06635658971891731,1.3114289011756362,0.6691157211593641,30.327698482235512,15.276284100765675,0.4660870664417567,0.02424652470561997,30.50441824154573,5.2671696059330895,0.06440432956121618,0.6114752510162422,-30.50441824154573,0,0.07257668121366984,True,True
fine,33,0.2,5.86666667,0.6476034093612818,-0.6476034093612818,0.10118570802933233,1.6030802471582664,1.0074338631692543,30.32877709268377,15.27595469765543,0.4673768330890093,0.024324484471015387,30.500010536752157,5.294723870519871,0.05644031351852298,0.6266229857011355,-30.500010536752157,0,0.08749693716853393,True,True
fine,33,0.25,3.2,0.25199530147971777,-0.2206056495959535,0.17766623654062996,2.0209521553158867,0.507129815373336,30.287095513389158,15.282251952827677,0.45981418548274067,0.025601708601358925,30.646036368022315,5.258823078658764,0.22408219901831225,1.443890398682013,-30.646036368022315,0,0.08214402706183027,True,True
fine,33,0.25,3.73333333,1.050108596596066,-1.050108596596066,0.13293231121926669,1.6337016515296778,0.48823664350403906,30.289606394119776,15.280478734153707,0.46110463291830517,0.025008222001545736,31.33065298551972,5.1751920884451375,0.17205618042998064,1.1129836786119098,-31.33065298551972,0,0.10733041099710647,True,True
fine,33,0.25,4.26666667,1.3064438508878524,-1.3064438508878524,0.07776261920957003,1.5142947960277071,0.49624449188728176,30.29210488470669,15.279227036690385,0.4623949233911659,0.024574961418737145,31.336310440972017,5.179188455762356,0.12766337290976543,0.840919337563825,-31.336310440972017,0,0.10549054077589318,True,True
fine,33,0.25,4.8,1.1632654222439947,-1.1632654222439947,0.03923214261152784,1.5033109264324396,0.54432728758644,30.29435059853469,15.27838765971435,0.4636850568805174,0.02427115248714842,30.988304464363328,5.228578852651237,0.09471922462302365,0.6788816936665866,-30.988304464363328,0,0.08939313454395398,True,True
fine,33,0.25,5.33333333,0.8902825804052815,-0.8902825804052815,0.05286192148115813,1.5874439289755937,0.6794915865766127,30.296264401655396,15.277848698540858,0.46497503343844143,0.024262436258872408,30.63662414056175,5.278480990650833,0.07501668994393751,0.6283563297463493,-30.63662414056175,0,0.08206111250091577,True,True
fine,33,0.25,5.86666667,0.8148029020320979,-0.8148029020320979,0.09462847096655672,1.962521107189454,1.0446702780387587,30.297845779541703,15.27751641468907,0.46626485311654836,0.024339714328187503,30.605838682321526,5.3108219178189096,0.0624461524399287,0.6392889878905045,-30.605838682321526,0,0.09782138118810321,True,True
fine,33,0.25,6.4,1.7361814738642072,-1.7361814738642072,0.23377297372649103,3.4911111234321295,2.2769997168579352,30.299128223827374,15.2773200877327,0.46755451589450214,0.024419455651381105,31.621995257106512,5.3685194458072925,0.05248727572045518,0.7579412741398917,-31.621995257106512,0,0.21155078754653772,True,True
fine,33,0.3,3.2,0.2902777160223645,0.06590530004841832,0.23397738801281792,2.668818983056057,0.5529867443247352,30.25493348734063,15.283893944599358,0.45870197134194696,0.02790586667163548,30.580852493122634,5.283581716352749,0.27905091894106,1.7658351650614459,-30.580852493122634,0,0.10428412211287376,True,True
fine,33,0.3,3.73333333,1.1900069609565895,-1.1900069609565895,0.17716248058158932,2.0903048304038,0.51851970556925,30.258149317253935,15.282046411939664,0.4599924718137153,0.02735113679748391,31.623448363340465,5.174923624237628,0.2131850145662158,1.340654035465425,-31.623448363340465,0,0.12968271932190634,True,True
fine,33,0.3,4.26666667,1.5987784906591083,-1.5987784906591083,0.10854230023630644,1.853078526110194,0.5164781057866813,30.26141274707423,15.280735535246428,0.4612828153204287,0.026937844568487634,31.66630053580581,5.169958302220373,0.15691947022271424,0.9814315238277592,-31.66630053580581,0,0.1309560053780268,True,True
fine,33,0.3,4.8,1.4199678025663292,-1.4199678025663292,0.04660908652966469,1.7741710023786539,0.5580641284129102,30.26438271273935,15.279858714682712,0.4625730018408751,0.026643717943419472,31.188599076511846,5.224581835750956,0.1149460477936256,0.7508028965848822,-31.188599076511846,0,0.10655411502259576,True,True
fine,33,0.3,5.33333333,1.0358862883654383,-1.0358862883654383,0.03997914123187078,1.8309847505268924,0.6927104995665374,30.266937595826427,15.279301207090635,0.46386303142734886,0.02644130507480212,30.691549415638956,5.283377451733597,0.08841644574148497,0.661316274071474,-30.691549415638956,0,0.0883661049931555,True,True
fine,33,0.3,5.86666667,0.8770109425447232,-0.8770109425447232,0.08664436709656173,2.258623011630214,1.0836860137931794,30.269066309228833,15.278963332876462,0.4651529041315547,0.026305295171969497,30.600685384264864,5.319923456666372,0.06953061880114829,0.6567039858946393,-30.600685384264864,0,0.10204078513870649,True,True
fine,33,0.3,6.4,1.87447147426388,-1.87447147426388,0.24110389891925826,3.9641551394544976,2.3800974224203086,30.2708075858064,15.27876859160157,0.46644261993281205,0.026215208685587757,31.74329293390003,5.376602578139639,0.05615006259816861,0.8027831335188992,-31.74329293390003,0,0.22592465536363115,True,True
fine,33,0.35,3.2,0.5104474331882596,0.37834739378832627,0.31118657551162293,3.38485616265938,0.6138646439010159,30.22456112395816,15.285440033910843,0.45763133023436753,0.030089914942398353,30.576831346040038,5.312539852319714,0.3469314061410147,2.18042533220325,-30.576831346040038,0,0.14155661826374516,True,True
fine,33,0.35,3.73333333,1.3836089999859797,-1.3836089999859797,0.2346971693620684,2.6008429350166855,0.5630797584851212,30.228525114759034,15.28351779350757,0.4588803417155247,0.029568348968829962,32.03463293805651,5.173588776939459,0.26646076134105984,1.6460186046078804,-32.03463293805651,0,0.15872908311340483,True,True
fine,33,0.35,4.26666667,1.9615673129155908,-1.9615673129155908,0.14819933545980873,2.242193738008311,0.5481753075150179,30.23261173021034,15.282144569318278,0.4601707382510976,0.029169000744965742,32.091463632881315,5.155925253277113,0.1957186190756133,1.1821341482067749,-32.091463632881315,0,0.1627702601953601,True,True
fine,33,0.35,4.8,1.7127820724823752,-1.7127820724823752,0.06667037388346625,2.047253584374351,0.5806605328717572,30.23636448969297,15.281226399843398,0.46146097779776335,0.02887858997290228,31.41495323154037,5.215316323217939,0.1417841248480976,0.8649084890334796,-31.41495323154037,0,0.12885506083522513,True,True
fine,33,0.35,5.33333333,1.1623422093615,-1.1623422093615,0.028688073020337667,2.0296485364890775,0.7096035239243632,30.23961116271068,15.28064693622239,0.46275106040788594,0.02867464209486157,30.706568045622248,5.283841602813104,0.10558293395568782,0.7168815107805857,-30.706568045622248,0,0.09379769534952856,True,True
fine,33,0.35,5.86666667,0.8709950979786516,-0.8709950979786516,0.07813669811765127,2.496613090080774,1.1238145403882698,30.242326848161643,15.280301015961994,0.4640409861331418,0.028534392231176587,30.52231993509961,5.323925269492384,0.07688590377004109,0.6779313219866723,-30.52231993509961,0,0.1022520211984347,True,True
fine,33,0.35,6.4,1.8744789028983824,-1.8744789028983824,0.24851312755632243,4.437767422171298,2.485439593329852,30.244555317002593,15.32891493255054,0.4653307549529259,0.028438589189893455,31.761403074259512,5.372164155279603,0.0625108682996638,0.859692117799384,-31.761403074259512,0,0.23344538027970585,True,True
fine,33,0.4,3.73333333,1.7037628346549294,-1.7037628346549294,0.30898009598862697,3.172114730826976,0.6199529869999297,30.20064980862631,15.284896655001948,0.4577682426233258,0.031663944276931776,32.63943615171635,5.174046411841917,0.33172642268172525,2.035647319910898,-32.63943615171635,0,0.19899740592143406,True,True
fine,33,0.4,4.26666667,2.4575464346646294,-2.4575464346646294,0.19954189338149814,2.701234339035003,0.5912796428975217,30.205610839572056,15.283458479097767,0.45905869218263984,0.03127318878845348,32.671516977237495,5.139017466296307,0.2450533452983356,1.4526847895793,-32.671516977237495,0,0.20493451331071993,True,True
fine,33,0.4,5.33333333,1.3040614022806611,-1.3040614022806611,0.02432503432506484,2.2360598017573183,0.7329295352860605,30.21418268250353,15.281891022026409,0.46163912037967814,0.0307706250601475,30.706220028112128,5.281290971207893,0.12791762071591933,0.8044980843266509,-30.706220028112128,0,0.1018941331754021,True,True
fine,33,0.4,5.86666667,0.8306408703157635,-0.8306408703157635,0.0699144373836298,2.6927044947232135,1.165173749775453,30.217520363611513,15.281534843171436,0.4629290991210155,0.03062171877027807,30.40300558776151,5.324303462273564,0.08427156866520255,0.7023188914437901,-30.40300558776151,0,0.10048864374542589,True,True
fine,44,0.0,3.46666667,2.4851659256488574,2.4851659256488574,0.20185494472216395,3.951337190660907,0.4589365906916565,30.215022339850073,15.211922934641024,0.2160050798389662,0.039149056355302,27.5905475106995,4.832278996298676,0.1027192833668156,0.9215978616992448,-27.5905475106995,0,0.21514880628534855,True,True
fine,44,0.0,3.73333333,2.3992969677586116,2.3992969677586116,0.20670749313139586,3.8298439566404427,0.4669445635900026,30.215129792985376,15.212427118093458,0.2161024807970452,0.039149056355302,27.647139433058324,4.837226125525309,0.09834477873689425,0.9139078230076813,-27.647139433058324,0,0.21118690110667215,True,True
fine,44,0.0,4.0,2.3466249780968527,2.3466249780968527,0.20809045096630419,3.7206181366079063,0.4789923813199093,30.215237063475247,15.212945415395584,0.21629115706652913,0.039149056355302,27.67731009390994,4.841369650420287,0.09582909573622563,0.906592560591443,-27.67731009390994,0,0.20818568568220205,True,True
fine,44,0.0,4.26666667,2.3172382081806493,2.3172382081806493,0.2075961403465881,3.622471286006861,0.49547421390309887,30.215339773724182,15.213464726503394,0.2163965372281166,0.039149056355302,27.69212035512279,4.84562937672339,0.09375489656995648,0.8983451874184734,-27.69212035512279,0,0.20604419009970887,True,True
fine,44,0.0,4.53333333,2.302122857374262,2.302122857374262,0.20632109148148872,3.533818728306765,0.5244547994912088,30.215434871743586,15.213975674440459,0.21669264991137124,0.039149056355302,27.69891159835263,4.850608817989264,0.09166818652991172,0.8895681849271628,-27.69891159835263,0,0.20470442800914504,True,True
fine,44,0.0,5.06666667,2.292242074428702,2.292242074428702,0.20329472762960696,3.4085765870978655,0.614175984348024,30.21559482568373,15.214948498583036,0.21720540388959836,0.039149056355302,27.70078429718715,4.862840949265353,0.0878792376107638,0.8732536694912383,-27.70078429718715,0,0.20387614582112337,True,True
fine,44,0.0,5.33333333,2.292553520929302,2.292553520929302,0.20163462422230255,3.3814867233242984,0.6880904225760577,30.215657690492684,15.215403231308489,0.21764788152753475,0.039149056355302,27.69747474162583,4.869657276281004,0.08653729432559135,0.8663057137954479,-27.69747474162583,0,0.20445869568817554,True,True
fine,44,0.0,5.6,2.2956018547590635,2.2956018547590635,0.1997170897409452,3.355273756304743,0.797077986569791,30.215708617368097,15.215834361786163,0.2178320749565644,0.039149056355302,27.691605363620674,4.8769396065576345,0.08562903609438433,0.8600829597897336,-27.691605363620674,0,0.20569412991641184,True,True
fine,44,0.0,5.86666667,2.3016504636348394,2.3016504636348394,0.19742588190010052,3.3253426190370234,0.9704944715714567,30.21574761666602,15.21624120983492,0.22002218347959543,0.039149056355302,27.683324233722765,4.885407613684874,0.08507826749008926,0.8545697778222993,-27.683324233722765,0,0.20800793495219747,True,True
fine,44,0.0,6.13333333,2.311630301926015,2.311630301926015,0.19466763530446968,3.3272783012704386,1.2845741701379247,30.215774913569007,15.216623731819965,0.2227621489304775,0.039149056355302,27.672041475863345,4.8972028617692365,0.08480095086030603,0.8502870447816774,-27.672041475863345,0,0.21296551712153333,True,True
fine,44,0.00416667,0.0,14.516399565785798,14.516399565785798,13.699302840225048,21.73553265794945,14.367156569117224,30.163457450651553,15.168809918958246,0.16327230231541773,0.039149056355302,16.55745637754737,1.2913277605107365,11.875966733614982,51.28550149342002,-16.55745637754737,0,4.566532587441491,True,True
fine,44,0.00833333,0.0,0.869188594224893,0.3651840451668055,12.400861965318374,13.792031165860603,13.632193925879374,30.167148541632574,15.169440428364094,0.16678767559031596,0.039149056355302,31.438933948900203,2.411063094261395,10.855618016228657,48.731058629935504,-31.438933948900203,0,3.481356780852411,True,True
fine,44,0.0125,0.0,11.13827890973503,-11.13827890973503,11.255808977127106,11.720311799446621,12.958005034374972,30.170745806094732,15.170057020092845,0.1702183393551531,0.039149056355302,43.23525866430997,3.3998611186205654,9.941359729398807,46.438621853047025,-43.23525866430997,0,3.6802675631687367,True,True
fine,44,0.01666667,0.0,19.999447478055966,-19.999447478055966,10.24924259530451,13.326170857470345,12.339889891881825,30.174251308562983,15.17065999238456,0.173566054527302,0.039149056355302,52.105699648910935,4.272790039633222,9.12245098354773,44.37788510687339,-52.105699648910935,0,3.874966634317026,True,True
fine,44,0.02083333,0.0,26.731983248055826,-26.731983248055826,9.367992657791103,15.854415933388768,11.773623742877538,30.1776670709597,15.171249637570646,0.1768325478496242,0.039149056355302,58.71891171183299,5.043068815848098,8.389298318637385,42.521800517001864,-58.71891171183299,0,4.003096932551642,True,True
fine,44,0.02916667,0.0,35.891268930540846,-35.891268930540846,7.935388278135592,21.034143763595957,10.781628455961126,37.271041679772985,15.172390099094466,0.18312867519511491,0.039149056355302,67.55336222122327,6.320634089916968,7.146737539440238,39.32992223821598,-67.55336222122327,0,4.129865447031448,True,True
fine,44,0.03333333,0.0,39.0629455084665,-39.0629455084665,7.363476210711083,23.359710376453442,10.349141739643349,40.3172559844472,15.172941470975342,0.18616159426694406,0.039149056355302,70.5727394982477,6.847064306575147,6.622643072386374,37.953808933918424,-70.5727394982477,0,4.157784204434995,True,True
fine,44,0.0375,0.0,41.61785763881305,-41.61785763881305,6.8752853506817315,25.468293495871087,9.954863144220038,42.75940118982267,15.173480635270998,0.1891199082364623,0.039149056355302,72.99106215293268,7.309495780446464,6.154720916545996,36.701201916439246,-72.99106215293268,0,4.1746111612306,True,True
fine,44,0.04166667,0.0,43.70877406016325,-43.70877406016325,6.462033900058266,27.376569994214492,9.595906555962813,44.75032229884371,15.174007855850192,0.19200517930391633,0.039149056355302,74.96102679574088,7.714923911347683,5.737267484478766,35.55737432999992,-74.96102679574088,0,4.185881120065412,True,True
fine,44,0.04583333,0.0,45.44404928471889,-45.44404928471889,6.115313557142137,29.09742791398305,9.26951392378557,46.39716910756682,15.174523391312883,0.1948189392829763,0.039149056355302,76.58943551127702,8.069546287471525,5.365102235122887,34.509388117103114,-76.58943551127702,0,4.194972065284827,True,True
fine,44,0.05,2.8,1.119841680721248,1.119841680721248,0.06691260347368869,2.5297916780873533,0.3962211170622779,30.19287942363572,15.209906322590152,0.21138733618843905,0.039149056355302,29.013656002753738,4.898454186079385,0.12036323766138231,0.8647381476968622,-29.013656002753738,0,0.10027603348106673,True,True
fine,44,0.05,3.6,1.0319841328691155,1.0319841328691155,0.1187193643106339,2.507042466442487,0.40237281275762526,30.194591787329724,15.21097932566417,0.21323553147802116,0.039149056355302,29.036478052726224,4.904459597923662,0.08173602551434986,0.7862881456787446,-29.036478052726224,0,0.10874578743750793,True,True
fine,44,0.05,3.73333333,1.0368943280549452,1.0368943280549452,0.12294803541184499,2.4986981654977067,0.40826638879987254,30.194862024339308,15.21120113419299,0.21351747807811508,0.039149056355302,29.018101583568228,4.9060390725645195,0.07937391268674923,0.7850444836799895,-29.018101583568228,0,0.1100752293930239,True,True
fine,44,0.05,4.0,1.0629559477100812,1.0629559477100812,0.12873603576699652,2.4819447792639178,0.42281581174743854,30.19537811887273,15.211659437724286,0.21390510494857276,0.039149056355302,28.96962890201166,4.908467988253733,0.07648166999963028,0.7838903251186524,-28.96962890201166,0,0.11292343458169822,True,True
fine,44,0.05,4.26666667,1.1047048390609735,1.1047048390609735,0.13201102332664855,2.4661585903352887,0.4423015317979174,30.195858305666942,15.212126175316945,0.21439164619697684,0.039149056355302,28.91279637746224,4.910513735738726,0.07483189372116503,0.7821694286249987,-28.91279637746224,0,0.11601646858322248,True,True
fine,44,0.05,4.4,1.129155745865388,1.129155745865388,0.13305254500870073,2.458793939140569,0.4571871990340699,30.196084261414867,15.212359363610059,0.2148909988952332,0.039149056355302,28.883387816320706,4.911638285173109,0.07417812206784899,0.7808306783311071,-28.883387816320706,0,0.1176812521074668,True,True
fine,44,0.05,5.33333333,1.3134967552425239,1.3134967552425239,0.13624161922507408,2.5593606342216213,0.6517481585354348,30.197403682151663,15.213910246205673,0.21686066232983192,0.039149056355302,28.68933710618092,4.925445284116437,0.07032888597706513,0.7686846551772935,-28.68933710618092,0,0.13171272756820618,True,True
fine,44,0.05,5.86666667,1.418781652775967,1.418781652775967,0.1376794488099557,2.625974062768073,0.9626935867877009,30.19796768474939,15.214693749732483,0.22234104987414519,0.039149056355302,28.585558919767006,4.940774520767812,0.06925983314918092,0.7644177868302754,-28.585558919767006,0,0.14297234939683334,True,True
fine,44,0.075,2.4,0.44625862353614154,0.44625862353614154,0.04030458362976762,1.6007706290532149,0.41513137502971187,30.181330627721934,15.209299709360375,0.20922889125613486,0.039149056355302,29.655150282290656,4.96768598328233,0.13940490641558162,0.9517858434500216,-29.655150282290656,0,0.05251202472880538,True,True
fine,44,0.075,2.8,0.4815638494339929,0.4815638494339929,0.04790804201811581,1.7686989952314576,0.3836841652882153,30.182447621982007,15.209446973534249,0.21029026105186213,0.039149056355302,29.639285730210464,4.931559696712145,0.1121627561465826,0.8254554306458134,-29.639285730210464,0,0.05706371037584067,True,True
fine,44,0.075,3.2,0.4785659224893338,0.4785659224893338,0.06942828249969746,1.8609518428116385,0.374477804322404,30.183658122693856,15.209848738433404,0.2115433602023955,0.039149056355302,29.620977231742266,4.927327539754057,0.08946234736274139,0.7586093996354544,-29.620977231742266,0,0.06291221714410249,True,True
fine,44,0.075,3.6,0.5059214831332908,0.5059214831332908,0.08753436107026262,1.9140004234505916,0.38255435066025045,30.184837328956366,15.21040454840217,0.21249498715463672,0.039149056355302,29.554001092843272,4.931823260460868,0.0759014492157756,0.7396624340103182,-29.554001092843272,0,0.06938055603566895,True,True
fine,44,0.075,3.73333333,0.5254794169561291,0.5254794169561291,0.09195795848932671,1.9269762492078883,0.38804275289700474,30.18521223529433,15.210610471967149,0.2126853188434803,0.039149056355302,29.521555819247396,4.933203291874839,0.0732620910747023,0.7385605487660165,-29.521555819247396,0,0.07166216373799805,True,True
fine,44,0.075,4.0,0.5782481376220145,0.5782481376220145,0.0985732173217024,1.9489307287560684,0.40223749498249306,30.185927411854745,15.2110399157167,0.2133445374116812,0.039149056355302,29.447220006646372,4.935211780459443,0.06991770259923236,0.7387498628681236,-29.447220006646372,0,0.07636930870577613,True,True
fine,44,0.075,4.26666667,0.6438955483833065,0.6438955483833065,0.10285074343540306,1.9744415422033832,0.42223404586453733,30.186592455961076,15.211481379240551,0.2143953291789248,0.039149056355302,29.367118819253818,4.936636580848215,0.06810308927550199,0.7390306364321451,-29.367118819253818,0,0.08126039191181124,True,True
fine,44,0.075,4.4,0.6793976108067081,0.6793976108067081,0.10437421142279205,2.004464645393633,0.4375828323872913,30.18690549856476,15.211703144093583,0.21482386792887487,0.039149056355302,29.326993195273076,4.937372753097701,0.06746690779732642,0.7387136893050371,-29.326993195273076,0,0.08391735172181845,True,True
fine,44,0.075,4.8,0.7881184346405611,0.7881184346405611,0.10752828972691905,2.0916106627860667,0.4978276224360183,30.187766893106563,15.212360236481128,0.21572207803763843,0.039149056355302,29.21217249105422,4.940633903431733,0.06590971696182929,0.7360702710830969,-29.21217249105422,0,0.0918525212954067,True,True
fine,44,0.075,5.33333333,0.9236831545718077,0.9236831545718077,0.11040331780032941,2.200954599573845,0.6384320358533419,30.188742286263565,15.213191757452307,0.2180202355663032,0.039149056355302,29.07774484306927,4.948962049888552,0.0641782694197439,0.7314628867768656,-29.07774484306927,0,0.10255817151913031,True,True
fine,44,0.075,5.86666667,1.0413612342032885,1.0413612342032885,0.11615094008862936,2.3212663126775235,0.9669106318758566,30.18953970016393,15.213949653248731,0.22350042154749072,0.039149056355302,28.966435159194393,4.966037127054056,0.06327831195699621,0.7295583264769325,-28.966435159194393,0,0.11624887600260597,True,True
fine,44,0.075,6.4,1.1378793823954905,1.1378793823954905,0.18002326782584696,2.780166313746956,2.151617506733461,30.190183754505135,15.233136334174075,0.22897946146053777,0.039149056355302,28.889312738143282,5.026884211548284,0.07105820310310751,0.7731280135168579,-28.889312738143282,0,0.16022498749362854,True,True
fine,44,0.1,2.8,0.050427294356001705,-0.014476751328917774,0.05517714991070248,1.0948207600679425,0.38653541537968705,30.172356468123244,15.20899843370796,0.2098061117255416,0.039149056355302,30.11694688876515,4.960255613067787,0.10408637899425748,0.7958705565732799,-30.11694688876515,0,0.031755096689174034,True,True
fine,44,0.1,3.6,0.08465112776387798,0.08465112776387798,0.06556492844615465,1.3810303034329805,0.37429268638450947,30.175397413968444,15.209843976762716,0.21174541755708423,0.039149056355302,29.960733301928457,4.954546873601758,0.07149758634299769,0.7033223264120876,-29.960733301928457,0,0.0382482679300484,True,True
fine,44,0.1,3.73333333,0.11467934683563848,0.11467934683563848,0.06891241903905343,1.4128251444194242,0.3784657809911298,30.175874690359663,15.210034423520414,0.21230374185282538,0.039149056355302,29.918435362980045,4.955814255460323,0.06869975635022779,0.701868579342103,-29.918435362980045,0,0.04091969636045109,True,True
fine,44,0.1,4.0,0.1867061048152343,0.1867061048152343,0.0746607708827455,1.4689016016354617,0.3904563619758378,30.176785339617652,15.210435739201051,0.2134711756028943,0.039149056355302,29.825914993558577,4.9576535549504275,0.0649444441796347,0.7024634588601611,-29.825914993558577,0,0.046621350556381475,True,True
fine,44,0.1,4.26666667,0.26958230900075575,0.26958230900075575,0.07894344786042526,1.5601196899231211,0.40927246242396115,30.177632581341747,15.210852579788769,0.2143803232850959,0.039149056355302,29.72955944542052,4.958755742988089,0.06284002492366791,0.704001856874854,-29.72955944542052,0,0.05290343336750934,True,True
fine,44,0.1,4.4,0.3129787740494864,0.3129787740494864,0.0806051462576794,1.603723713312825,0.4242983907617746,30.178031629235015,15.211063226104526,0.21473804587177886,0.039149056355302,29.682055061098087,4.959253631521856,0.062135676145235595,0.7044096873182422,-29.682055061098087,0,0.0560975697857065,True,True
fine,44,0.1,5.33333333,0.5953385033451005,0.5953385033451005,0.08832352781413604,1.8753196720855598,0.6287574136225358,30.180380428235722,15.212491515144185,0.21917976778307544,0.039149056355302,29.40037383353525,4.969614676724048,0.058987068129008655,0.7004156727737131,-29.40037383353525,0,0.07774928500291602,True,True
fine,44,0.1,5.86666667,0.7069852608438683,0.7069852608438683,0.09978382069555033,2.0368344822588162,0.9768249859033201,30.181408748387756,15.213224837448738,0.22465975220652784,0.039149056355302,29.300176526593216,4.989463442882233,0.05818275435229394,0.6999198817068206,-29.300176526593216,0,0.09323003148169073,True,True
fine,44,0.125,2.4,0.4683446913392723,-0.4683446913392723,0.08824889094026993,1.0589920049448245,0.4492474479021068,30.160904455781793,15.208535279490906,0.20800303114277854,0.039149056355302,30.52356053454039,5.037921738239257,0.11219926959103155,0.8775101501657719,-30.52356053454039,0,0.061645035250135136,True,True
fine,44,0.125,2.8,0.37853573998737533,-0.37853573998737533,0.07242219271757423,0.7931131396087299,0.40158496382702846,30.16259772337182,15.208560636548384,0.20966636886522927,0.039149056355302,30.459082508358037,4.98496968662292,0.09621784829043564,0.7739575952505957,-30.459082508358037,0,0.05020345715633554,True,True
fine,44,0.125,3.2,0.32375483008990763,-0.32375483008990763,0.0587703039212488,0.8460548483601767,0.37761038396942576,30.164451350905463,15.208844641603338,0.21062096036224537,0.039149056355302,30.386488380572004,4.971121548426669,0.07997046160936302,0.7022002463497657,-30.386488380572004,0,0.044100878867701636,True,True
fine,44,0.125,3.6,0.24126549444129936,-0.24126549444129936,0.05494014886942859,0.9910606833756382,0.37458047258418836,30.16626434551285,15.209297416926645,0.21194361654012514,0.039149056355302,30.26803327646594,4.972932665539904,0.06799736626486966,0.6757421750919551,-30.26803327646594,0,0.040177746924810416,True,True
fine,44,0.125,3.73333333,0.2047044685584874,-0.2047044685584874,0.055471430087461124,1.02650749107708,0.377051850514561,30.16684168830599,15.2094727838446,0.2125533584296186,0.039149056355302,30.21973149439568,4.974153618264926,0.0652051056682161,0.6735926735563396,-30.21973149439568,0,0.03881828799168298,True,True
fine,44,0.125,4.0,0.12026959204613026,-0.12026959204613026,0.057744204588035475,1.1171227313489827,0.3860858820419515,30.167944167925604,15.209846683835293,0.2135791273296032,0.039149056355302,30.11586253704604,4.976043197915268,0.061211424446995066,0.6738524645819923,-30.11586253704604,0,0.036067479687712976,True,True
fine,44,0.125,4.26666667,0.026114265347603315,-0.026114265347603315,0.06042101168455847,1.2001885464925155,0.4030794701234707,30.168970900020653,15.210239535073159,0.2143466275968661,0.039149056355302,30.00934699352117,4.977100294253891,0.058805400231595084,0.6760041363597276,-30.00934699352117,0,0.032998803260981445,True,True
fine,44,0.125,4.4,0.02241098491701312,0.02241098491701312,0.06167349934743992,1.246552683355286,0.4174165196414575,30.169454846466174,15.210439359123193,0.2146335316203936,0.039149056355302,29.957329996458196,4.977501963457467,0.05798460625935015,0.6768707588413968,-29.957329996458196,0,0.03374739447736183,True,True
fine,44,0.125,4.8,0.16443339436872612,0.16443339436872612,0.0648994739040376,1.40096419665121,0.4759858206535707,30.170789629728585,15.211038865572569,0.21510686820781805,0.039149056355302,29.81335380819728,4.979485259890507,0.056271006891886556,0.6773770709517113,-29.81335380819728,0,0.04389878592231642,True,True
fine,44,0.125,5.33333333,0.32432403165157486,0.32432403165157486,0.06949561903606712,1.5807019687570012,0.6234636855446974,30.1723101504111,15.211809205356342,0.2203392589816895,0.039149056355302,29.662189801518032,4.987524317634872,0.054579537572323075,0.6746899759303799,-29.662189801518032,0,0.056949937871183236,True,True
fine,44,0.125,5.86666667,0.4151377503461634,0.4151377503461634,0.08832940925255144,1.771898049276421,0.9929743558776852,30.173566811206392,15.212518950733969,0.22581904185239907,0.039149056355302,29.587649209250888,5.010988597774622,0.053749798372221935,0.6746910389660241,-29.587649209250888,0,0.07383012808222153,True,True
fine,44,0.125,6.4,0.28599761232563237,0.28599761232563237,0.24238703790887076,2.3394885587049137,2.37482113802717,30.174598758576966,15.363172407400544,0.2312976787202543,0.039149056355302,29.750127292000396,5.110672077366925,0.075321735364489,0.7850057478319642,-29.750127292000396,0,0.1331966450439352,True,True
fine,44,0.15,2.4,0.6952234513711288,-0.6952234513711288,0.10329848843833962,1.4902200629594695,0.4734266775807795,30.151218621357838,15.20816590055046,0.2082063534483579,0.039149056355302,30.720159988485534,5.067335413810508,0.1028392958425191,0.8530281253334311,-30.720159988485534,0,0.08074002522863333,True,True
fine,44,0.15,2.8,0.6206250109260067,-0.6206250109260067,0.08878301805028212,1.0180155037199115,0.4208772738612712,30.153163263002295,15.208133509419728,0.20950828806540617,0.039149056355302,30.678062311886453,5.006155054088461,0.08907929599603386,0.7590915150623122,-30.678062311886453,0,0.0685875472281262,True,True
fine,44,0.15,3.2,0.5692543278359865,-0.5692543278359865,0.06998023516319471,0.7882734534837537,0.3924024298498513,30.15531509862087,15.208361334752537,0.21024124405727057,0.039149056355302,30.610571392111375,4.986990043843176,0.07552610187500304,0.6861158207045075,-30.610571392111375,0,0.058938525037607235,True,True
fine,44,0.15,3.6,0.481292426859713,-0.481292426859713,0.05558678959074494,0.745283017846542,0.3824767351463212,30.157430553692933,15.208764674608513,0.21224538828263564,0.039149056355302,30.487383263170006,4.987316838045668,0.06500754552100162,0.655587610966321,-30.487383263170006,0,0.050421630411391784,True,True
fine,44,0.15,3.73333333,0.44192266982878275,-0.44192266982878275,0.05256683117550307,0.8103382691715231,0.382625672613794,30.158105658689728,15.208925347700117,0.21278428967990043,0.039149056355302,30.436575899195677,4.988537229356456,0.06238245468125958,0.6525117463186476,-30.436575899195677,0,0.04824271366915919,True,True
fine,44,0.15,4.0,0.351373650892608,-0.351373650892608,0.049052476880021505,0.9244408868200568,0.3879347280555411,30.15939629991717,15.20927252540695,0.21366839199026444,0.039149056355302,30.32737405011117,4.9906645449676725,0.058393864443110025,0.6518796829368914,-30.32737405011117,0,0.04387427856747516,True,True
fine,44,0.15,4.26666667,0.2512005484910958,-0.2512005484910958,0.04798112041196554,1.0188045005852806,0.4025001256506641,30.160599772642783,15.209642003698477,0.21429424114363213,0.039149056355302,30.215885987343835,4.991932899943173,0.055775362013032584,0.6541144739086496,-30.215885987343835,0,0.03962214447115985,True,True
fine,44,0.15,4.4,0.19993388414316146,-0.19993388414316146,0.047990474398277465,1.0595443137976304,0.4157994516748783,30.161167487753502,15.209831293330515,0.21451032402020617,0.039149056355302,30.161756371333542,4.992372422364857,0.054832304067777046,0.655212452440517,-30.161756371333542,0,0.037617957442539034,True,True
fine,44,0.15,4.8,0.051830426354788794,-0.051830426354788794,0.04906996403239022,1.1618775125594654,0.4721403353661614,30.162734865876264,15.210403235889236,0.2160179818220953,0.039149056355302,30.014009429085505,4.994284916651347,0.05282067291020922,0.656426711598304,-30.014009429085505,0,0.03225603629269139,True,True
fine,44,0.15,5.33333333,0.10624043467578077,0.10624043467578077,0.05348599926654607,1.3153354927251546,0.6219806483392849,30.164523648430094,15.2111445167703,0.22149870916298262,0.039149056355302,29.868493642061843,5.002853611125994,0.050838355064276766,0.6536156659214528,-29.868493642061843,0,0.039807733145672514,True,True
fine,44,0.15,5.86666667,0.1648031625208337,0.1648031625208337,0.08141096942071677,1.528669545099639,1.01565724234518,30.166006027388985,15.211831645292657,0.22697829048637486,0.039149056355302,29.830404111817607,5.0306053739798235,0.04981622331691083,0.6532992983683457,-29.830404111817607,0,0.05792751993131885,True,True
fine,44,0.15,6.4,0.13240111556732898,-0.13240111556732898,0.28037712351328176,2.297243905495251,2.5009130242499285,30.167227985465665,15.428714982520036,0.23245672583962984,0.039149056355302,30.164505766046126,5.154678023131913,0.07966319430797983,0.8056342471096496,-30.164505766046126,0,0.13672262776865596,True,True
fine,44,0.175,2.4,0.7826520760696309,-0.7826520760696309,0.11248552876662113,1.9839266834944596,0.4976265931145688,30.141872006691745,15.207805128334293,0.20838666984270254,0.039149056355302,30.77549070873773,5.093563830786255,0.09909581011194699,0.8426797050356967,-30.77549070873773,0,0.09191786183985484,True,True
fine,44,0.175,2.8,0.7508651705534408,-0.7508651705534408,0.10134104586890536,1.3659680504501683,0.4404849832512722,30.144045079590562,15.207716974025065,0.20933227789958214,0.039149056355302,30.786521972033594,5.024273289340043,0.08367105532852936,0.7520121119454897,-30.786521972033594,0,0.08145905412857253,True,True
fine,44,0.175,3.2,0.7242256255403506,-0.7242256255403506,0.08247099234700772,0.9890284318624719,0.40909257933607535,30.146480151177528,15.20789032122575,0.21073688551215947,0.039149056355302,30.74533583940124,4.99939378441899,0.07140420397268668,0.6767221503899654,-30.74533583940124,0,0.0717554522328207,True,True
fine,44,0.175,3.6,0.6450346692959099,-0.6450346692959099,0.0630514025294417,0.8265490606351907,0.39585105363955353,30.148888595865387,15.208245555176312,0.21252847473352926,0.039149056355302,30.630460000221014,4.998053189562342,0.062298180457126304,0.6417444990218466,-30.630460000221014,0,0.061370647407017045,True,True
fine,44,0.175,3.73333333,0.606368565421918,-0.606368565421918,0.05752070247154041,0.7995157297243788,0.3944993564757772,30.14965916181233,15.208391909739689,0.2129965353191615,0.039149056355302,30.580285597835584,4.999299132530834,0.059953738179375715,0.6375581596161873,-30.580285597835584,0,0.05780730288628837,True,True
fine,44,0.175,4.0,0.5154458261247681,-0.5154458261247681,0.04855565866476134,0.8035142395352519,0.3958923436504317,30.151134275602455,15.208713039966387,0.21373896893155966,0.039149056355302,30.470927322264004,5.001820095441827,0.056212005899416516,0.6356060674446238,-30.470927322264004,0,0.05107598711317074,True,True
fine,44,0.175,4.26666667,0.4138284264729405,-0.4138284264729405,0.04245910586211256,0.9003029411872479,0.4071508392819935,30.152511701517938,15.209059744897441,0.2142231629036533,0.039149056355302,30.358729782051235,5.003535066059024,0.05353773768800104,0.6375054110988629,-30.358729782051235,0,0.04546151379060474,True,True
fine,44,0.175,4.4,0.36182952628735754,-0.36182952628735754,0.04036296105903055,0.947245710680043,0.4190809097420668,30.153162034198594,15.209238779741211,0.21436842186433497,0.039149056355302,30.304415100769546,5.004138742261894,0.05250590003525718,0.6386512007808394,-30.304415100769546,0,0.042923658118159645,True,True
fine,44,0.175,4.8,0.21305680809442182,-0.21305680809442182,0.03695557309590518,1.0668949992788277,0.47235153983971223,30.15495918889018,15.209783944268404,0.21717759256227243,0.039149056355302,30.158203736734503,5.006328593921678,0.050157874753154516,0.6401300714910688,-30.158203736734503,0,0.03650068775503586,True,True
fine,44,0.175,5.33333333,0.06352074865305236,-0.06352074865305236,0.03992862989002496,1.1933484845890276,0.624066318028518,30.157013270154593,15.210497140747648,0.22265811832837273,0.039149056355302,30.02483095503892,5.015792267198234,0.04769478874019556,0.6366564950429348,-30.02483095503892,0,0.03329992766935693,True,True
fine,44,0.175,5.86666667,0.045449772153722576,-0.045449772153722576,0.07840004561274846,1.4242173281655197,1.0435017913490587,30.158718691503587,15.21116257713695,0.22813749810972528,0.039149056355302,30.03055635161211,5.048348915574675,0.04627515943062429,0.6353609910263758,-30.03055635161211,0,0.050791660610766606,True,True
fine,44,0.175,6.4,0.5379417207633316,-0.5379417207633316,0.3204411235748471,2.6013220569620215,2.634745322833777,30.160127980492938,15.494599944541495,0.23361573195342972,0.039149056355302,30.561359538885146,5.199913461946936,0.08492994840801481,0.8356493923063322,-30.561359538885146,0,0.1717364449038458,True,True
fine,44,0.2,2.8,0.7797060759990866,-0.7797060759990866,0.10949196040082573,1.7373825630542945,0.4595402534666165,30.135235285908198,15.207310946797655,0.20913874694167037,0.039149056355302,30.79753364574624,5.039781692408565,0.08139707044258801,0.754622460633587,-30.79753364574624,0,0.08834530959663636,True,True
fine,44,0.2,3.6,0.7422744961019426,-0.7422744961019426,0.07264801704356481,1.025032681296995,0.4104545017481424,30.140631156802062,15.207739863770092,0.21279287574089029,0.039149056355302,30.709110339062324,5.005500499742956,0.05981905126495107,0.6333671783115394,-30.709110339062324,0,0.07052444098117805,True,True
fine,44,0.2,3.73333333,0.7075968033721821,-0.7075968033721821,0.06591696907422666,0.9772889173632141,0.4082844823178008,30.141494888574925,15.20787226462878,0.21319009501144534,0.039149056355302,30.662322325136245,5.006779240364505,0.05777784027993692,0.6278441864365254,-30.662322325136245,0,0.0666744718190782,True,True
fine,44,0.2,4.0,0.6214619789845343,-0.6214619789845343,0.053598896612118266,0.9069439157751414,0.4076978268450352,30.14315077127602,15.208168003954178,0.21379085744900223,0.039149056355302,30.55710198182521,5.009819254917227,0.05444913843288529,0.6241768434543781,-30.55710198182521,0,0.05869241826386343,True,True
fine,44,0.2,4.26666667,0.5222667734568488,-0.5222667734568488,0.04330107454564881,0.8657173399859002,0.41694379551113414,30.144699329779062,15.208492518659217,0.21413339180294869,0.039149056355302,30.447500492231793,5.012195806300636,0.05189639593287872,0.6254073740048065,-30.447500492231793,0,0.050965725591998814,True,True
fine,44,0.2,4.4,0.4711592091464033,-0.4711592091464033,0.03896804856572006,0.877461278161001,0.42740865838247577,30.145431109586134,15.208661570328704,0.21422616685893914,0.039149056355302,30.39444407632608,5.013082521926198,0.05083737062827661,0.6264608257253189,-30.39444407632608,0,0.04759595152431531,True,True
fine,44,0.2,5.33333333,0.18971729763049278,-0.18971729763049278,0.028524856107891385,1.167441773551029,0.6299959472445653,30.149771514515752,15.209866771398778,0.22381748647933178,0.039149056355302,30.13689520868024,5.02654578035404,0.04511631128084291,0.6233683727105033,-30.13689520868024,0,0.03663981178032085,True,True
fine,44,0.2,5.86666667,0.2174008379632398,-0.2174008379632398,0.07844563041527847,1.478599299168484,1.0753762547708798,30.151697252657623,15.21051140613582,0.22929666472373475,0.039149056355302,30.190687754592417,5.064284527001056,0.04307160366254822,0.6206384858591644,-30.190687754592417,0,0.06037461775928237,True,True
fine,44,0.25,3.2,0.7493913954204421,-0.7493913954204421,0.10633516982446092,1.8487295819919463,0.4567190955537853,30.121709332472005,15.206549504938854,0.21211168998891658,0.039149056355302,30.741447514421044,5.019958147896071,0.06731647582681782,0.6903415363386955,-30.741447514421044,0,0.08692217239657653,True,True
fine,44,0.25,3.73333333,0.759148036068457,-0.759148036068457,0.08284843037924629,1.407009223418629,0.4357918306302097,30.12598442797491,15.20687353238442,0.21352115495364343,0.039149056355302,30.687269242495457,5.013228543705921,0.05437839650792892,0.6217446646871162,-30.687269242495457,0,0.07751536780630158,True,True
fine,44,0.25,4.26666667,0.6098210549308287,-0.6098210549308287,0.054597442257383055,1.1611248510659895,0.44155611806478723,30.129872955553044,15.207402208339026,0.21517511135246406,0.039149056355302,30.500924589577703,5.021836769694665,0.04975283602826583,0.6118937854606953,-30.500924589577703,0,0.06103142298586174,True,True
fine,44,0.25,4.8,0.4330715226918742,-0.4330715226918742,0.027660905621214493,1.0508636406932368,0.4966548146517738,30.133233059875373,15.208021383813294,0.22065617866828674,0.039149056355302,30.328664182219118,5.028535785003763,0.046058481651830116,0.6132528002305941,-30.328664182219118,0,0.0454412742948863,True,True
fine,44,0.25,5.33333333,0.3307982265792046,-0.3307982265792046,0.011479440403590868,1.1869139605191357,0.6515571714530102,30.13606461480379,15.208655843286397,0.22613609974153293,0.039149056355302,30.251121410447972,5.042347469854281,0.04162037840640505,0.6062987234894059,-30.251121410447972,0,0.039947080111520844,True,True
fine,44,0.25,5.86666667,0.4549414572746521,-0.4549414572746521,0.08426885409456879,1.714295423836571,1.1482450666311934,30.13842262716313,15.209261414536593,0.23161487492804012,0.039149056355302,30.403079569495763,5.0910876933339475,0.037697889821553074,0.6004239979920173,-30.403079569495763,0,0.07686225587737226,True,True
fine,44,0.25,6.4,1.6325587273504514,-1.6325587273504514,0.44815772027866013,3.758920020896934,3.0839085649624445,30.14037747215593,15.694255609403598,0.2370925042749036,0.039149056355302,31.614916713053145,5.344091131009134,0.10444590377675111,0.9838540872519396,-31.614916713053145,0,0.27538236277084577,True,True
fine,44,0.3,3.2,0.5066039694411801,-0.5066039694411801,0.10713283617226096,2.2502138781043093,0.4840773163089457,30.10656877817223,15.205714255698366,0.21293479592135778,0.039149056355302,30.527521582530476,5.023651459852348,0.07973731971765448,0.745439567096111,-30.527521582530476,0,0.07877494990306777,True,True
fine,44,0.3,3.73333333,0.673755308950053,-0.673755308950053,0.09426937503530013,1.7754310951122374,0.4605643854567413,30.111518403821805,15.205927512924852,0.21377746578804083,0.039149056355302,30.601013409523986,5.010415284670288,0.05413052219571203,0.6323255487700661,-30.601013409523986,0,0.07957593018613131,True,True
fine,44,0.3,4.26666667,0.579321337614699,-0.579321337614699,0.0675144723764771,1.4515704098267441,0.4661046755083203,30.11606457509493,15.206369172275755,0.21749436684092877,0.039149056355302,30.449558016349478,5.023038607868157,0.04846596662716175,0.6085249098912352,-30.449558016349478,0,0.06555719452583396,True,True
fine,44,0.3,4.8,0.4255802234405812,-0.4255802234405812,0.03621591367892883,1.3059646022595233,0.5218873367730075,30.120011971131625,15.206923090663526,0.22297503098914806,0.039149056355302,30.297263397515763,5.034272147418288,0.04555347899258605,0.6081756449570704,-30.297263397515763,0,0.04974359880622801,True,True
fine,44,0.3,5.33333333,0.3555162132585063,-0.3555162132585063,0.005908566549611378,1.3354859195799378,0.6841485432401038,30.12334591394671,15.207509342617003,0.22845454895992787,0.039149056355302,30.25595605812973,5.0519305607487945,0.0402784361383466,0.5996467768148246,-30.25595605812973,0,0.04156089939552214,True,True
fine,44,0.3,5.86666667,0.5671884738688725,-0.5671884738688725,0.09376358571457995,2.004679298845794,1.2303484164957879,30.126124782398552,15.208079027653731,0.23393292110950237,0.039149056355302,30.494826227780592,5.111818313039921,0.0342111395921059,0.5926016259991991,-30.494826227780592,0,0.08860971324148638,True,True
fine,44,0.3,6.4,2.2209334019676077,-2.2209334019676077,0.539384028881628,4.626247858953019,3.4184697880916843,30.1284293333746,15.828974389794212,0.23941014748496556,0.039149056355302,32.16770123057797,5.447354777600454,0.1200634984601195,1.1327479754411311,-32.16770123057797,0,0.34030209228868485,True,True
fine,44,0.35,3.2,0.1556699412011968,-0.1556699412011968,0.09624440814150588,2.506601780402862,0.5082554949766436,30.092462243334417,15.20492443476785,0.2136831592483979,0.039149056355302,30.259266136560537,5.022458112805231,0.10629272956230093,0.8507374649001701,-30.259266136560537,0,0.061037775614751724,True,True
fine,44,0.35,3.73333333,0.5251832697825856,-0.5251832697825856,0.09862538106373156,2.0342613561439897,0.48197970522834244,30.098043006056464,15.205032575557789,0.21433205078458992,0.039149056355302,30.485613167725788,5.000557979626179,0.06059017314285782,0.6626481059707329,-30.485613167725788,0,0.07574317210247682,True,True
fine,44,0.35,4.26666667,0.4920777231217956,-0.4920777231217956,0.07754372241359403,1.6797437878242722,0.48841150385700444,30.103220301485244,15.205391529312037,0.21981345825300777,0.039149056355302,30.359079047482002,5.017736407985413,0.04805267439011415,0.6119316050360524,-30.359079047482002,0,0.06596826178640632,True,True
fine,44,0.35,4.8,0.35187192873748,-0.35187192873748,0.045330525595278115,1.5082465023118423,0.5467733948534304,30.107737588913704,15.205883729986477,0.2252937192544282,0.039149056355302,30.210963576487845,5.034893085049483,0.0457798031210752,0.6085712872995773,-30.210963576487845,0,0.05042915448655089,True,True
fine,44,0.35,5.33333333,0.3005563078886807,-0.3005563078886807,0.011666295723060643,1.5717064588735539,0.7212723914723032,30.111560708700406,15.206424927218881,0.2307728341440556,0.039149056355302,30.192647149702534,5.056831526357162,0.04080496725774943,0.6008481616536316,-30.192647149702534,0,0.04282743974183017,True,True
fine,44,0.35,5.86666667,0.5764959369546523,-0.5764959369546523,0.10480032395566674,2.3283853589885775,1.3204579338436062,30.114748730907973,15.206961665960636,0.23625080327770728,0.039149056355302,30.49670291105721,5.127317319625112,0.03384488152679576,0.5982237874947252,-30.49670291105721,0,0.0960041991916784,True,True
fine,44,0.35,6.4,2.6534620956324764,-2.6534620956324764,0.6374078331024973,5.531301334424865,3.770002822825964,30.117391565568038,15.964937642069444,0.24172762670278397,0.039149056355302,32.55601260468434,5.552881845782755,0.13886973032529648,1.3266186642463889,-32.55601260468434,0,0.3997205941582717,True,True
fine,44,0.4,3.73333333,0.3794894786817514,-0.3794894786817514,0.09613205060111431,2.202400057612039,0.500318095016804,30.0855064660619,15.204187100173522,0.21665138132121128,0.039149056355302,30.4104018200166,4.985490746573188,0.07603961843328419,0.7197545251892006,-30.4104018200166,0,0.06953595266931621,True,True
fine,44,0.4,4.26666667,0.4018799553368182,-0.4018799553368182,0.08382988277054068,1.8541310587013995,0.5081139715484003,30.091288397693347,15.204467420675815,0.22213238559858112,0.039149056355302,30.283583341899252,5.007552829528905,0.04961598218232331,0.621390506464354,-30.283583341899252,0,0.06480507649029493,True,True
fine,44,0.4,5.33333333,0.19905331574259372,-0.19905331574259372,0.015903793517090828,1.7616202871649715,0.7588026117924687,30.10065658017885,15.205400304031011,0.2330909553038299,0.039149056355302,30.096878324685832,5.058368978772919,0.042660229972179026,0.6074946378052919,-30.096878324685832,0,0.04100751871291553,True,True
fine,44,0.4,5.86666667,0.5075234108222043,-0.5075234108222043,0.11721399325603779,2.653816491027295,1.4197564106546523,30.10424181542718,15.20590681377367,0.23856852144266666,0.03914905635529083,30.44191196473516,5.138354000172108,0.03813933702830445,0.6197239748012747,-30.44191196473516,0,0.09999344044137086,True,True
fine,55,0.0,3.46666667,2.597865663931629,2.597865663931629,0.23787794926079528,4.250000170694844,0.4933797095818699,30.250663080093297,15.39258973882231,0.3404193843563558,0.010610722515678149,27.474317902739973,4.845899511366554,0.12605569423923618,1.0219990703658213,-27.474317902739973,0,0.23284119856139204,True,True
fine,55,0.0,3.73333333,2.5152642378183243,2.5152642378183243,0.24116871551594615,4.116684901569785,0.5021755484852464,30.248196214139398,15.39214850254205,0.3404193843563558,0.010610722515678149,27.547779529854274,4.8502872743581955,0.11870667228497833,1.0038380149928716,-27.547779529854274,0,0.22856658110137065,True,True
fine,55,0.0,4.0,2.44748139143037,2.44748139143037,0.2434798589757116,3.996333030714305,0.5162170686789275,30.245868560087963,15.391700625184903,0.3404193843563558,0.010610722515678149,27.605475195033385,4.857409882918307,0.11227572965724653,0.9870488839889747,-27.605475195033385,0,0.22498172899425722,True,True
fine,55,0.0,4.26666667,2.393306470430125,2.393306470430125,0.24460909803527167,3.8872799122874016,0.5368717889842489,30.243673170920605,15.39126004478926,0.3404193843563558,0.010610722515678149,27.64781111212964,4.866069012557758,0.10709145609490618,0.9715457905189531,-27.64781111212964,0,0.22198401215206964,True,True
fine,55,0.0,4.53333333,2.35235389013807,2.35235389013807,0.24444096530696569,3.78814584291327,0.5677995420463867,30.241602842274872,15.390835065472405,0.3404193843563558,0.010610722515678149,27.676576737264103,4.875422051199836,0.10310501638805877,0.9567599307351298,-27.676576737264103,0,0.21957358815279776,True,True
fine,55,0.0,5.06666667,2.3041528355011387,2.3041528355011387,0.2407827783948074,3.614533745290797,0.6655312626491829,30.237808648472242,15.390048058085181,0.3404193843563558,0.010610722515678149,27.705797865974567,4.894669706783758,0.09765771656026782,0.9276565153656684,-27.705797865974567,0,0.21639914475198574,True,True
fine,55,0.0,5.33333333,2.2923680311945724,2.2923680311945724,0.23784926832172731,3.5374043326708757,0.7441569852630432,30.2360708899524,15.389689081419524,0.3404193843563558,0.010610722515678149,27.71180629282911,4.904243599799947,0.09574569418771683,0.9133715971250791,-27.71180629282911,0,0.21571851594285962,True,True
fine,55,0.0,5.6,2.286466945656209,2.286466945656209,0.23455210421905873,3.492038417587753,0.8580451722782346,30.23443055812717,15.389353259747468,0.3404193843563558,0.010610722515678149,27.713826449537954,4.913676848117381,0.09424365539113744,0.899886740719609,-27.713826449537954,0,0.21608203943639845,True,True
fine,55,0.0,5.86666667,2.286618126862286,2.286618126862286,0.23114854209356017,3.46159012343009,1.0367764214917026,30.232881457569825,15.389039932858822,0.3404193843563558,0.010610722515678149,27.710929668492902,4.922989362422168,0.09317330551403687,0.8883772386441079,-27.710929668492902,0,0.21790541742926658,True,True
fine,55,0.0,6.13333333,2.2958752383237626,2.2958752383237626,0.22797262037668026,3.4611140992117924,1.3406558382272742,30.231417731335586,15.388748142194586,0.3404193843563558,0.010610722515678149,27.69911971258977,4.932437826371713,0.09269457828613023,0.8815609309016063,-27.69911971258977,0,0.22253567565129426,True,True
fine,55,0.00416667,0.0,12.464572040720295,12.464572040720295,13.906678995658709,20.733673390207485,14.578087655674375,30.338662657194487,15.381462682373273,0.3404193843563558,0.010610722515678149,18.766975391852252,1.3266782750158603,11.891756978885187,51.17302866292757,-18.766975391852252,0,4.5108830091971,True,True
fine,55,0.00833333,0.0,3.606642442583726,-3.606642442583726,12.590410004365093,12.581322002111708,13.835827936109478,30.336915166059512,15.381400637449099,0.3404193843563558,0.010610722515678149,35.61719833537769,2.520709030057221,10.872889346566655,48.72522106976919,-35.61719833537769,0,3.658854593109127,True,True
fine,55,0.0125,0.0,16.18638056042999,-16.18638056042999,11.419875414738081,12.541773245516845,13.150809320149051,30.335176832077376,15.381340423520108,0.3404193843563558,0.010610722515678149,48.416577023011996,3.5873130136880893,9.956862682596016,46.53131760466026,-48.416577023011996,0,3.9836851639831874,True,True
fine,55,0.01666667,0.0,25.446481438383536,-25.446481438383536,10.383559789039715,15.304590599064491,12.519448350282634,30.33344758985106,15.381281999989735,0.3404193843563558,0.010610722515678149,57.59013565451585,4.539339729378378,9.134112686915982,44.561928722171345,-57.59013565451585,0,4.200318423685732,True,True
fine,55,0.02083333,0.0,32.208070875502344,-32.208070875502344,9.471044876413448,18.542009725580705,11.938460422614373,33.827040184287625,15.381225327054507,0.3404193843563558,0.010610722515678149,64.16058422714201,5.388333092570855,8.39595808097932,42.790678929025646,-64.16058422714201,0,4.327754393314109,True,True
fine,55,0.02916667,0.0,41.03268043479939,-41.03268043479939,7.9798820572072415,24.45820300941288,10.915647630850321,42.327927873157805,15.381117076503445,0.3404193843563558,0.010610722515678149,72.59147618310355,6.817691359835775,7.142533671825691,39.7508169963102,-72.59147618310355,0,4.428783149859605,True,True
fine,55,0.03333333,0.0,43.99369635613218,-43.99369635613218,7.38388772944513,26.971311329674457,10.4682955901731,45.153286835161765,15.381065423190362,0.3404193843563558,0.010610722515678149,75.38834480644843,7.41577723890698,6.61348822152533,38.44257771068409,-75.38834480644843,0,4.441468259453955,True,True
fine,55,0.0375,0.0,46.346261864473846,-46.346261864473846,6.876574444228143,29.19670495957552,10.06015646001041,47.389435606910986,15.381015368269074,0.3404193843563558,0.010610722515678149,77.60028172443027,7.946487655904548,6.141333013119466,37.25278929162022,-77.60028172443027,0,4.444144220447296,True,True
fine,55,0.04166667,0.0,48.25145085748192,-48.25145085748192,6.44980325120126,31.184611423548517,9.688698664525436,49.19501806618221,15.380966875759361,0.3404193843563558,0.010610722515678149,79.38528308012914,8.416619604404774,5.720538320008515,36.16696437721726,-79.38528308012914,0,4.4432071872191035,True,True
fine,55,0.04583333,0.0,49.820134324889565,-49.820134324889565,6.0954268376217,32.953008517326104,9.351418218724088,50.67818473358691,15.380919910389624,0.3404193843563558,0.010610722515678149,80.85085803161964,8.832292733416141,5.346018945852404,35.17239317602598,-80.85085803161964,0,4.442272781247295,True,True
fine,55,0.05,2.8,0.6718226685389401,0.6718226685389401,0.10193165494015306,2.430887181201343,0.40631843234577536,30.247324108365248,15.393547316265138,0.3404193843563558,0.010610722515678149,29.448642203722994,4.963901855176193,0.11129122382342442,0.9179346891234017,-29.448642203722994,0,0.08597063040967252,True,True
fine,55,0.05,3.6,0.7134819005864907,0.7134819005864907,0.1353291917007026,2.4025331676194135,0.41976817141806755,30.236598967464506,15.392412615194376,0.3404193843563558,0.010610722515678149,29.35227352670738,4.9482365280813,0.09442096706211138,0.8778807160144145,-29.35227352670738,0,0.0963864597339768,True,True
fine,55,0.05,3.73333333,0.7290674475432545,0.7290674475432545,0.13888975150104751,2.394258958192219,0.42655974567726396,30.235070751898782,15.392180359228908,0.3404193843563558,0.010610722515678149,29.331440223334692,4.948678064491028,0.09225660811717935,0.8724417733670364,-29.331440223334692,0,0.09809789872228238,True,True
fine,55,0.05,4.0,0.762497473066468,0.762497473066468,0.14504837455627012,2.3768666642550516,0.44385350775960564,30.232202026054416,15.391711586674642,0.3404193843563558,0.010610722515678149,29.2878865486128,4.951637980639794,0.08817346261019823,0.8620425794201789,-29.2878865486128,0,0.10144669779124194,True,True
fine,55,0.05,4.26666667,0.798581288737725,0.798581288737725,0.14989043562016263,2.3590945524995233,0.46785923311664473,30.229561477925593,15.391249674264266,0.3404193843563558,0.010610722515678149,29.241255192070664,4.95649847609134,0.08463922722871413,0.8524468547592411,-29.241255192070664,0,0.10470555332381255,True,True
fine,55,0.05,4.4,0.8177390357854899,0.8177390357854899,0.1517863038016232,2.3502640619222186,0.4837757625648248,30.228319214101415,15.391024509972487,0.3404193843563558,0.010610722515678149,29.216784983678753,4.959363498470583,0.08312435538127401,0.8478718524921603,-29.216784983678753,0,0.1063238943106796,True,True
fine,55,0.05,5.33333333,0.9684382398348026,0.9684382398348026,0.15604550998014274,2.3625513100701787,0.6942214479107172,30.220846231446874,15.389609231990178,0.3404193843563558,0.010610722515678149,29.041296840297047,4.983164410932731,0.07625130243444955,0.8149793438057229,-29.041296840297047,0,0.1184647047816534,True,True
fine,55,0.05,5.86666667,1.0587676481708257,1.0587676481708257,0.15413033297650885,2.412341027221104,1.015208761554351,30.217361049483664,15.388938342798768,0.3404193843563558,0.010610722515678149,28.949292038074777,5.000242758292392,0.0740696476521074,0.7965328587821017,-28.949292038074777,0,0.12816218600294813,True,True
fine,55,0.075,2.4,0.1921742083899866,-0.1921742083899866,0.053824901912861975,1.3851288079026154,0.4103661001457466,30.249784227450732,15.393650790988806,0.3404193843563558,0.010610722515678149,30.31707042837598,5.0297512457202,0.11975971842299585,0.9432323625080361,-30.31707042837598,0,0.04131300439732398,True,True
fine,55,0.075,2.8,0.12944128142838976,-0.12944128142838976,0.06906512552476898,1.531445855215235,0.3853691699908368,30.242294484041228,15.393570686702951,0.3404193843563558,0.010610722515678149,30.230571688098344,5.0080812334834715,0.09919449824219587,0.8717295489848507,-30.230571688098344,0,0.042797276108667404,True,True
fine,55,0.075,3.2,0.05461888836237405,-0.05028760015671777,0.08589168153500851,1.6073070031007113,0.38127679981984547,30.235860983371364,15.393088494167525,0.3404193843563558,0.010610722515678149,30.119620999625933,4.994252290658039,0.08986708019089355,0.847788942107185,-30.119620999625933,0,0.043828102896661815,True,True
fine,55,0.075,3.6,0.04855784029804661,0.04855784029804661,0.0992027125619977,1.654108524724687,0.392948047170269,30.23032286329943,15.392426493006688,0.3404193843563558,0.010610722515678149,30.000068634189475,4.9877245322398105,0.0844640938479664,0.833958859505862,-30.000068634189475,0,0.04743352758644521,True,True
fine,55,0.075,3.73333333,0.08273251263194406,0.08273251263194406,0.10301505025760109,1.6692060066567138,0.399727014772658,30.228649407444333,15.39218971617878,0.3404193843563558,0.010610722515678149,29.96088287511954,4.98727077333215,0.08283314989882787,0.8295808857942337,-29.96088287511954,0,0.05033192542095797,True,True
fine,55,0.075,4.0,0.1505452150163913,0.1505452150163913,0.10981907487015037,1.6942580949481034,0.41727976472265016,30.225530943245957,15.391711059170632,0.3404193843563558,0.010610722515678149,29.883923815491805,4.988497358966486,0.07970644576469074,0.8211512040229219,-29.883923815491805,0,0.05591914373545165,True,True
fine,55,0.075,4.26666667,0.21719928343268755,0.21719928343268755,0.11544907657790726,1.7140334866476565,0.4419537151721328,30.222687170124598,15.39123897213347,0.3404193843563558,0.010610722515678149,29.8082268217114,4.9917931835986575,0.0768979991459682,0.813350286166945,-29.8082268217114,0,0.06122731163902684,True,True
fine,55,0.075,4.4,0.25019933146367,0.25019933146367,0.11777856277023604,1.7223851204845668,0.45834313570452434,30.221358154685245,15.391008843119474,0.3404193843563558,0.010610722515678149,29.770760207381283,4.993952310767904,0.075657769199191,0.809640945464842,-29.770760207381283,0,0.06379708352639045,True,True
fine,55,0.075,4.8,0.34807203979910945,0.34807203979910945,0.12273606365425416,1.7754479432215355,0.5242298800026722,30.217700319181798,15.390351600766177,0.3404193843563558,0.010610722515678149,29.661255142968262,5.001698863080586,0.0726076024460242,0.7985535022218369,-29.661255142968262,0,0.07144886514282711,True,True
fine,55,0.075,5.33333333,0.47165843175573735,0.47165843175573735,0.12512410658834078,1.8714714083764306,0.6758433438511127,30.21348138541836,15.389565216156981,0.3404193843563558,0.010610722515678149,29.53019305694399,5.01450993406229,0.06967652315142514,0.7821239607469053,-29.53019305694399,0,0.08150273519766768,True,True
fine,55,0.075,5.86666667,0.576728751327875,0.576728751327875,0.12554848077664643,1.979343159851073,1.0120455126122772,30.209875073091315,15.38888404351782,0.3404193843563558,0.010610722515678149,29.427331953301472,5.032635837414671,0.0675545122055302,0.7655287444688421,-29.427331953301472,0,0.09325477547520118,True,True
fine,55,0.075,6.4,0.6625006341084289,0.6625006341084289,0.14894564255764486,2.3657498311040297,1.9579965290684682,30.206764365403764,15.60018591719733,0.3404193843563558,0.010610722515678149,29.35117191021156,5.0704312132172005,0.06883804466467607,0.7760268624182067,-29.35117191021156,0,0.12206943160841965,True,True
fine,55,0.1,2.8,0.746092226490014,-0.746092226490014,0.06185962240922545,1.0970129455363529,0.3855265505253449,30.23730044177944,15.393588804449635,0.3404193843563558,0.010610722515678149,30.818508466514196,5.044684006439454,0.08951271902799683,0.8403010697851563,-30.818508466514196,0,0.06821074491289995,True,True
fine,55,0.1,3.6,0.4702436908808365,-0.4702436908808365,0.07405361950964365,1.2329969869508077,0.38008376838806257,30.224135357819467,15.392435963601264,0.3404193843563558,0.010610722515678149,30.49450496092143,5.020410453835451,0.07640504584128088,0.8018564854122022,-30.49450496092143,0,0.05851108340401767,True,True
fine,55,0.1,3.73333333,0.4224915247092535,-0.4224915247092535,0.07721971982233301,1.2447452444595273,0.3854807195732573,30.22232368639279,15.392194860723391,0.3404193843563558,0.010610722515678149,30.442274205057828,5.0191991398023985,0.07519089282168079,0.7981804356022004,-30.442274205057828,0,0.057101087796399136,True,True
fine,55,0.1,4.0,0.32948882222429393,-0.32948882222429393,0.0833367878226665,1.2581130250876214,0.4008816148816282,30.218968663251786,15.391706686365636,0.3404193843563558,0.010610722515678149,30.34157498349844,5.018941021884899,0.07286417812872567,0.7910971262396033,-30.34157498349844,0,0.054343266460285165,True,True
fine,55,0.1,4.26666667,0.24048662943030724,-0.24048662943030724,0.08878296565649382,1.2614072348364354,0.4243368988980604,30.21593390055878,15.391224748931586,0.3404193843563558,0.010610722515678149,30.245411925566867,5.0209011881406935,0.07070915877211728,0.7845112395445984,-30.245411925566867,0,0.05166540930172774,True,True
fine,55,0.1,4.4,0.19745079737644958,-0.19745079737644958,0.09114249016544948,1.2757732000242474,0.4404315600227576,30.21452394732981,15.390989800620222,0.3404193843563558,0.010610722515678149,30.19892870214101,5.022468846268667,0.06972634959300439,0.781379855046333,-30.19892870214101,0,0.05048619986173916,True,True
fine,55,0.1,5.33333333,0.07088066665438666,0.07088066665438666,0.09957594940814699,1.4344743241195073,0.6622554645341123,30.206279150130964,15.389518629386734,0.3404193843563558,0.010610722515678149,29.918122649829517,5.040745173521839,0.06454310325106735,0.7573551991972404,-29.918122649829517,0,0.05121314110689759,True,True
fine,55,0.1,5.86666667,0.17414386061372208,0.17414386061372208,0.10222512099351391,1.5919711511074222,1.0136612917551833,30.202568527948134,15.388827559838411,0.3404193843563558,0.010610722515678149,29.821076111681325,5.060871929469272,0.0623755303275188,0.7417618435319844,-29.821076111681325,0,0.06409299254082877,True,True
fine,55,0.125,2.4,1.3655544963599158,-1.3655544963599158,0.0981370922419727,1.6596127506898306,0.4463118422814542,30.24158615779046,15.393651311335734,0.3404193843563558,0.010610722515678149,31.41645412937885,5.1033373558250394,0.09703073649433741,0.8980125890282581,-31.41645412937885,0,0.11393478129569923,True,True
fine,55,0.125,2.8,1.1980569013745466,-1.1980569013745466,0.07393593239953736,1.3623298297440363,0.3998519515891067,30.232344767927533,15.393601836916416,0.3404193843563558,0.010610722515678149,31.236056517018426,5.074248066314103,0.08158115389894348,0.8205588948606406,-31.236056517018426,0,0.09627310537054902,True,True
fine,55,0.125,3.2,1.0327552416313792,-1.0327552416313792,0.061831043070173154,1.1677792605888047,0.3784770308261657,30.224572999101945,15.393121119051376,0.3404193843563558,0.010610722515678149,31.045356746248626,5.057003913057055,0.07355713454972021,0.7915379626538483,-31.045356746248626,0,0.08301128189693016,True,True
fine,55,0.125,3.6,0.8598783225051096,-0.8598783225051096,0.061156900084463325,1.0511947203233054,0.37842968154381096,30.218037559901266,15.392441155447415,0.3404193843563558,0.010610722515678149,30.855224253331322,5.046771929384311,0.06990193943469997,0.7794363113183377,-30.855224253331322,0,0.07322658867755917,True,True
fine,55,0.125,3.73333333,0.8030246344534856,-0.8030246344534856,0.062422602809320146,1.063411125439786,0.38206250448554935,30.216094447709974,15.39219591659244,0.3404193843563558,0.010610722515678149,30.794621740761993,5.0449429973020745,0.06899924317290584,0.7761566043757562,-30.794621740761993,0,0.07086149318415204,True,True
fine,55,0.125,4.0,0.6930012355315115,-0.6930012355315115,0.06595347265572617,1.0846462235414553,0.3944665289475641,30.212515553694793,15.3916985857616,0.3404193843563558,0.010610722515678149,30.678657061679836,5.043452150056825,0.06731100202397264,0.7698924788962994,-30.678657061679836,0,0.06662267998877029,True,True
fine,55,0.125,4.26666667,0.5889125546673135,-0.5889125546673135,0.06987579235570139,1.1331034931943371,0.4157992080396548,30.209301558520917,15.39120711938851,0.3404193843563558,0.010610722515678149,30.569512173817674,5.044302553629455,0.06572002325105784,0.7640389523828925,-30.569512173817674,0,0.06315120963877414,True,True
fine,55,0.125,4.4,0.5391821060659189,-0.5391821060659189,0.07173043162550728,1.154996427604626,0.43113466025698577,30.207816248228514,15.390967496676225,0.3404193843563558,0.010610722515678149,30.51744883441665,5.045388480563877,0.06497070790752285,0.7612465761892162,-30.51744883441665,0,0.06156136743083854,True,True
fine,55,0.125,4.8,0.39971607524571673,-0.39971607524571673,0.07614290352070051,1.2093570362635586,0.49587807159008823,30.203784435770945,15.390283949939832,0.3404193843563558,0.010610722515678149,30.372599740680606,5.050603779417312,0.06293437806554472,0.752798077529275,-30.372599740680606,0,0.057202087813776364,True,True
fine,55,0.125,5.33333333,0.24424956490704922,-0.24424956490704922,0.07870261810002474,1.266884695384979,0.6544822292699057,30.199237696227378,15.389469585062743,0.3404193843563558,0.010610722515678149,30.217061900349808,5.062242541635661,0.06050493060577008,0.7391293862364672,-30.217061900349808,0,0.05313965930493781,True,True
fine,55,0.125,5.86666667,0.1556569807466569,-0.1556569807466569,0.08332455591683305,1.4159622163019763,1.0197910916804598,30.19543885696034,15.388769001507091,0.3404193843563558,0.010610722515678149,30.13836611013356,5.085128845629534,0.05817929779979256,0.7238144395213171,-30.13836611013356,0,0.05707692628442457,True,True
fine,55,0.125,6.4,0.22916924164522037,-0.22916924164522037,0.15645254458829252,1.9742421313332479,2.0790759767059126,30.192225815081855,15.7578189268724,0.3404193843563558,0.010610722515678149,30.233160825589827,5.149156493707456,0.062425416625703535,0.7533491325570089,-30.233160825589827,0,0.10099544567518168,True,True
fine,55,0.15,2.4,1.6804368452304448,-1.6804368452304448,0.11840209375491399,2.139480514269775,0.4737473436312564,30.237489341927514,15.393644831044243,0.3404193843563558,0.010610722515678149,31.689862651256835,5.1303975453560255,0.08813393061171357,0.889079727085387,-31.689862651256835,0,0.1391923396530096,True,True
fine,55,0.15,2.8,1.5044291347245928,-1.5044291347245928,0.09104683209846443,1.6952476973480153,0.42216881619552193,30.227430070604083,15.393609946971532,0.3404193843563558,0.010610722515678149,31.506116079489413,5.097404684922392,0.07508873312224532,0.8102950302818451,-31.506116079489413,0,0.1190084121765812,True,True
fine,55,0.15,3.2,1.3251591335608663,-1.3251591335608663,0.070181899861185,1.428810854419207,0.39354795008669463,30.21903117673005,15.393130345546588,0.3404193843563558,0.010610722515678149,31.304643708709328,5.078801559232539,0.06786791578713476,0.7777462129895997,-31.304643708709328,0,0.10214071082373974,True,True
fine,55,0.15,3.6,1.1368700759874977,-1.1368700759874977,0.05997925255120704,1.2376607922999578,0.38543651375792526,30.212030444991807,15.392442194744557,0.3404193843563558,0.010610722515678149,31.10138722000169,5.067362624025201,0.06475045829443041,0.7649908060659337,-31.10138722000169,0,0.08845013912395612,True,True
fine,55,0.15,3.73333333,1.074877468002227,-1.074877468002227,0.058623645197624544,1.1843471866544302,0.38702158727952096,30.209962425505324,15.392193005372967,0.3404193843563558,0.010610722515678149,31.03645296832596,5.065055551654047,0.06406950922078707,0.7618452993636734,-31.03645296832596,0,0.08459322673339462,True,True
fine,55,0.15,4.0,0.9550079613198212,-0.9550079613198212,0.057979755879294256,1.126031832336319,0.3959237937873998,30.206171874774217,15.391686872736694,0.3404193843563558,0.010610722515678149,30.912507433858547,5.062583075524371,0.06285978354627214,0.7559481636203443,-30.912507433858547,0,0.07809827867435912,True,True
fine,55,0.15,4.26666667,0.8421552751286278,-0.8421552751286278,0.058957185488277865,1.1020146271222344,0.41456365330687317,30.202789942936683,15.391186195929436,0.3404193843563558,0.010610722515678149,30.7967591727233,5.062543292354352,0.061724572453216844,0.7504191151164739,-30.7967591727233,0,0.07280443125822655,True,True
fine,55,0.15,4.4,0.7886176941287142,-0.7886176941287142,0.05969216589591299,1.1215088754793907,0.4288268625263603,30.201234631395717,15.3909420430594,0.3404193843563558,0.010610722515678149,30.742019228840963,5.0632511669105495,0.06117412741057954,0.7477651980038842,-30.742019228840963,0,0.07070680835395726,True,True
fine,55,0.15,4.8,0.6407067489201196,-0.6407067489201196,0.06165893262032533,1.1831699128481687,0.49131784330470507,30.19703870037836,15.390245914242948,0.3404193843563558,0.010610722515678149,30.59198927241545,5.067681300167752,0.05957380071395987,0.7396852722518705,-30.59198927241545,0,0.06533788920986625,True,True
fine,55,0.15,5.33333333,0.48392214739433587,-0.48392214739433587,0.062028312189480336,1.2591635675128785,0.6516939761652284,30.192355161143915,15.38941819346692,0.3404193843563558,0.010610722515678149,30.43876045372585,5.079437797389058,0.05732473670622412,0.72623193826722,-30.43876045372585,0,0.060844809528145645,True,True
fine,55,0.15,5.86666667,0.41952032334866834,-0.41952032334866834,0.06813443250056506,1.4944717803641516,1.0311254708354483,30.18848349238001,15.38870847508607,0.3404193843563558,0.010610722515678149,30.387275620432302,5.1056708322031925,0.05472841773928868,0.7106257766424052,-30.387275620432302,0,0.06731201120141725,True,True
fine,55,0.15,6.4,0.6034549418816063,-0.6034549418816063,0.16777069954737683,2.216716071783457,2.149508312429338,30.18523925560366,15.837436253336723,0.3404193843563558,0.010610722515678149,30.595595829232966,5.1853265376182,0.060355844212946784,0.7517030672334456,-30.595595829232966,0,0.12571074075606997,True,True
fine,55,0.175,2.4,1.8398850443403822,-1.8398850443403822,0.13244921607439541,2.6978585857012867,0.49993784823995674,30.233399046517942,15.393634051595376,0.3404193843563558,0.010610722515678149,31.81060244343754,5.151943979604089,0.08219146801772508,0.8892054961522456,-31.81060244343754,0,0.15575763020535016,True,True
fine,55,0.175,2.8,1.6840338504226655,-1.6840338504226655,0.10660775519087022,2.0884950492830816,0.44481918065409437,30.22255878646175,15.393613293095463,0.3404193843563558,0.010610722515678149,31.65137034638563,5.114831986835148,0.07011864415533438,0.8081434620520316,-31.65137034638563,0,0.13552604399513296,True,True
fine,55,0.175,3.2,1.5087978407512155,-1.5087978407512155,0.08238899800599683,1.7110462480146154,0.41274038288425297,30.21355962121737,15.3931350387531,0.3404193843563558,0.010610722515678149,31.456131191423367,5.095018590028206,0.06355357349939997,0.7713491436391567,-31.456131191423367,0,0.11703998417585258,True,True
fine,55,0.175,3.6,1.317490906440709,-1.317490906440709,0.06620168396467674,1.4897498059376717,0.399927307927026,30.20611486128644,15.392439205421532,0.3404193843563558,0.010610722515678149,31.251760676770356,5.082772871503427,0.0608382311068071,0.7571140388366033,-31.251760676770356,0,0.10137430796280003,True,True
fine,55,0.175,3.73333333,1.2537930834804396,-1.2537930834804396,0.06270763316379874,1.442801907511955,0.3993453106780032,30.20392823489077,15.392186246502417,0.3404193843563558,0.010610722515678149,31.18586591543045,5.080124924037508,0.06030539197604949,0.753875696376637,-31.18586591543045,0,0.09691516186871513,True,True
fine,55,0.175,4.0,1.1302245204480768,-1.1302245204480768,0.058023762816983536,1.3626179595889696,0.40390921381778344,30.199937784443186,15.391671660543672,0.3404193843563558,0.010610722515678149,31.05997680582339,5.076918451404866,0.05942295416333312,0.747958331765276,-31.05997680582339,0,0.08897214014508367,True,True
fine,55,0.175,4.26666667,1.0139660628065847,-1.0139660628065847,0.05553106134006432,1.2984794527104062,0.41941314061759744,30.1963987668946,15.391162088689589,0.3404193843563558,0.010610722515678149,30.942866168554648,5.076200021879326,0.05862049004394837,0.7424108712333994,-30.942866168554648,0,0.08225488647370977,True,True
fine,55,0.175,4.4,0.9590481608707195,-0.9590481608707195,0.054769527520997764,1.2702817010163536,0.43246319273904144,30.194778592902036,15.39091354913706,0.3404193843563558,0.010610722515678149,30.887814741259355,5.076626790629204,0.058223168453167426,0.7397280979884563,-30.887814741259355,0,0.07929686280380799,True,True
fine,55,0.175,4.8,0.80912812208525,-0.80912812208525,0.053016280241852044,1.2108432652143308,0.4921579523080385,30.19043294928704,15.390205217311347,0.3404193843563558,0.010610722515678149,30.738844159149465,5.08055087981394,0.056975215560004955,0.7315206407518855,-30.738844159149465,0,0.07184263331451876,True,True
fine,55,0.175,5.33333333,0.6581050296169142,-0.6581050296169142,0.04931875429737022,1.305518564886053,0.653672273198916,30.185629651852462,15.389364561843838,0.3404193843563558,0.010610722515678149,30.59462250520706,5.092798420627563,0.05484936069276756,0.7176916719105071,-30.59462250520706,0,0.06679518092595302,True,True
fine,55,0.175,5.86666667,0.6243846807251574,-0.6243846807251574,0.056047600516590856,1.6123176612156267,1.04743892185672,30.18169985795907,15.388646084020014,0.3404193843563558,0.010610722515678149,30.575963440999438,5.122815385614061,0.05187893182755619,0.7013940997506813,-30.575963440999438,0,0.07578212973855411,True,True
fine,55,0.175,6.4,0.9295116649681734,-0.9295116649681734,0.18066813536340096,2.4980879471654474,2.224007613547087,30.17843692152909,15.917576618624121,0.3404193843563558,0.010610722515678149,30.906206144502697,5.2191760248339385,0.058703968028106304,0.7553822455202646,-30.906206144502697,0,0.1488000103343809,True,True
fine,55,0.2,2.8,1.7556879357332302,-1.7556879357332302,0.11873337821869626,2.520581163016417,0.4662356840643319,30.217733187284622,15.393612029527862,0.3404193843563558,0.010610722515678149,31.69440957040138,5.127221393970627,0.06714352522847301,0.8135040015471958,-31.69440957040138,0,0.14609081449824252,True,True
fine,55,0.2,3.6,1.4177674330801096,-1.4177674330801096,0.07519504013046888,1.7636634810540976,0.41665835542346075,30.20029153567595,15.39243230913861,0.3404193843563558,0.010610722515678149,31.32461315599508,5.093601406813865,0.058099744989786206,0.7546095364316066,-31.32461315599508,0,0.11119247042454837,True,True
fine,55,0.2,3.73333333,1.3552319308906893,-1.3552319308906893,0.07039596879620955,1.701275693532347,0.4150482295556478,30.197992377618636,15.392175757265452,0.3404193843563558,0.010610722515678149,31.26040842319708,5.090746529234739,0.05765282639898284,0.7510757978966046,-31.26040842319708,0,0.10631972000595849,True,True
fine,55,0.2,4.0,1.2330178000172256,-1.2330178000172256,0.06291578923375604,1.5989959463172334,0.4171804461750079,30.193813343399572,15.391653060310926,0.3404193843563558,0.010610722515678149,31.13728587876976,5.087048750974216,0.05696097119728869,0.7448097651033792,-31.13728587876976,0,0.09752147748571854,True,True
fine,55,0.2,4.26666667,1.1176998605090414,-1.1176998605090414,0.057597687102760885,1.5156978828207555,0.4296691661652633,30.190127662018767,15.391134905530935,0.3404193843563558,0.010610722515678149,31.022872384170434,5.085854466191424,0.05636287492615592,0.7389645688214113,-31.022872384170434,0,0.08993596850055158,True,True
fine,55,0.2,4.4,1.0633526325222649,-1.0633526325222649,0.05546368156359036,1.480362672414488,0.44120440308017506,30.18844755496343,15.390882121896809,0.3404193843563558,0.010610722515678149,30.969327583930845,5.0860901409283485,0.0560649065807833,0.7361178015583391,-30.969327583930845,0,0.08657912989301679,True,True
fine,55,0.2,5.33333333,0.7764483611632433,-0.7764483611632433,0.040555087529356264,1.4086073762456341,0.6600201486440268,30.179059247500238,15.389308794462655,0.3404193843563558,0.010610722515678149,30.695555888443458,5.102800567402236,0.052983342711190116,0.7127133796435682,-30.695555888443458,0,0.07148422769424796,True,True
fine,55,0.2,5.86666667,0.7771870110356508,-0.7771870110356508,0.04654478903074001,1.7557254408875533,1.0691346527354988,30.17508537101459,15.388581928700425,0.3404193843563558,0.010610722515678149,30.712525229153634,5.136908759872458,0.04955505309868776,0.6954976442496358,-30.712525229153634,0,0.08259611361973143,True,True
fine,55,0.25,3.2,1.5825064730671738,-1.5825064730671738,0.11262651844874431,2.711372168771052,0.46701019582620457,30.19758021569412,15.39312329468947,0.3404193843563558,0.010610722515678149,31.46649256591676,5.116389623278226,0.05917191563566128,0.7862250808682494,-31.46649256591676,0,0.13750760689135264,True,True
fine,55,0.25,3.73333333,1.3853064370529182,-1.3853064370529182,0.08706949006527143,2.2309623759951522,0.4466515176859138,30.18641713569146,15.392144046063585,0.3404193843563558,0.010610722515678149,31.250920732858596,5.100952598221294,0.0554412688387901,0.7569735658621791,-31.250920732858596,0,0.11692227491542524,True,True
fine,55,0.25,4.26666667,1.1715179117801144,-1.1715179117801144,0.06873255985774757,1.9450777020818524,0.4568860958956654,30.177943810110314,15.391071731647685,0.3404193843563558,0.010610722515678149,31.04008069941163,5.095405108706239,0.054247644602863895,0.7421848528295178,-31.04008069941163,0,0.09943347548738722,True,True
fine,55,0.25,4.8,0.991340338216391,-0.991340338216391,0.05402364078061398,1.8024431609916687,0.5196081973446456,30.17144354375162,15.390068204136863,0.3404193843563558,0.010610722515678149,30.869369897068317,5.099273124000452,0.05307572753550564,0.7281237083527016,-30.869369897068317,0,0.08658361680287495,True,True
fine,55,0.25,5.33333333,0.881934306746427,-0.881934306746427,0.03444147380012131,1.7818004178413873,0.6841231514672776,30.166375946241384,15.389191254995568,0.3404193843563558,0.010610722515678149,30.772845020573655,5.1145827025543795,0.0508475007678587,0.7108635325945319,-30.772845020573655,0,0.07873390346980896,True,True
fine,55,0.25,5.86666667,0.9537748335801005,-0.9537748335801005,0.0335568215485575,2.115124517240054,1.1253026266117099,30.16235348845018,15.388448711986719,0.3404193843563558,0.010610722515678149,30.860499083125607,5.157368511871886,0.04638022937320665,0.6917861047964668,-30.860499083125607,0,0.09209128253026429,True,True
fine,55,0.25,6.4,1.6274693157631073,-1.6274693157631073,0.21900243421289428,3.4464439020614117,2.45939513445339,30.15910361130496,16.16105661051894,0.3404193843563558,0.010610722515678149,31.547181775405093,5.30679946804256,0.05622423730368846,0.7945582720449039,-31.547181775405093,0,0.20503063519929904,True,True
fine,55,0.3,3.2,1.4022736325198437,-1.4022736325198437,0.12217092580822993,3.188760700077826,0.496555697945097,30.187301359184136,15.393095269331267,0.3404193843563558,0.010610722515678149,31.29124965540557,5.113698621817268,0.06495906887673586,0.819488674153296,-31.29124965540557,0,0.13534307410721286,True,True
fine,55,0.3,3.73333333,1.277110614138994,-1.277110614138994,0.10062182662596135,2.6655484983414723,0.47490813880606736,30.175238647893384,15.392098767018192,0.3404193843563558,0.010610722515678149,31.127943955553356,5.099972817444558,0.05669635201145292,0.7726618887347898,-31.127943955553356,0,0.11898382842488152,True,True
fine,55,0.3,4.26666667,1.0966704968781709,-1.0966704968781709,0.08094467312794273,2.288538354471444,0.48387529469823437,30.16623396761383,15.39099749242056,0.3404193843563558,0.010610722515678149,30.947029821325625,5.095384650451721,0.05482958664803802,0.75378683451564,-30.947029821325625,0,0.10204730514351956,True,True
fine,55,0.3,4.8,0.9438377057273529,-0.9438377057273529,0.06338436096749914,2.1074684705881443,0.5463768497616514,30.15946094638362,15.389965426095516,0.3404193843563558,0.010610722515678149,30.80540272814363,5.10014406214319,0.05322430609640024,0.7366907773215626,-30.80540272814363,0,0.0895279390864386,True,True
fine,55,0.3,5.33333333,0.8668679676422469,-0.8668679676422469,0.03845239384686325,2.081711806381417,0.716047658870445,30.154289428323665,15.389066352023487,0.3404193843563558,0.010610722515678149,30.74232295504099,5.118248788747045,0.05052864281993567,0.7163448564158941,-30.74232295504099,0,0.08200422037528188,True,True
fine,55,0.3,5.86666667,1.0012411714829919,-1.0012411714829919,0.02622692973586227,2.4849364281387145,1.1913496484385313,30.150267127742147,15.388309569435469,0.3404193843563558,0.010610722515678149,30.889678020714754,5.169832405627507,0.04512921646160987,0.6962864347847407,-30.889678020714754,0,0.0967930920994432,True,True
fine,55,0.3,6.4,1.8782611969254102,-1.8782611969254102,0.2417841222736742,4.082761548553345,2.6227753793293527,30.147078093379697,16.3258483186243,0.3404193843563558,0.010610722515678149,31.763050970552644,5.3542233802349255,0.05777145872031351,0.8419954281333617,-31.763050970552644,0,0.23123791017108708,True,True
fine,55,0.35,3.2,1.1796927061624793,-1.1796927061624793,0.12393489723967525,3.5111928546494497,0.5210199572954121,30.177330117994845,15.393052268657003,0.3404193843563558,0.010610722515678149,31.118879934542985,5.102117836600148,0.07871200117827123,0.8721211141474268,-31.118879934542985,0,0.12774169806847793,True,True
fine,55,0.35,3.73333333,1.1263899779530688,-1.1263899779530688,0.11039314621337273,2.9785197322672707,0.49910131908752425,30.16445737576236,15.392040781134764,0.3404193843563558,0.010610722515678149,30.986800176774114,5.091465477533321,0.06051706214720935,0.7933307612375649,-30.986800176774114,0,0.11689403353177819,True,True
fine,55,0.35,4.26666667,0.9697047846162736,-0.9697047846162736,0.0914920814291793,2.565732238045478,0.5082977317495496,30.154992666588456,15.390912970884354,0.3404193843563558,0.010610722515678149,30.818949539863347,5.089358897036016,0.057078150117840884,0.7686563264264057,-30.818949539863347,0,0.10104488006446054,True,True
fine,55,0.35,4.8,0.837508501837361,-0.837508501837361,0.07272409377444516,2.3357542119783545,0.572380675312292,30.14800718236117,15.389854384957555,0.3404193843563558,0.010610722515678149,30.69746423192165,5.095692593638235,0.05488350847536466,0.7489809602085222,-30.69746423192165,0,0.08887369238223183,True,True
fine,55,0.35,5.33333333,0.7859237812655748,-0.7859237812655748,0.04529486147705556,2.3275516285014284,0.7498839094003904,30.142783572579898,15.388934818723104,0.3404193843563558,0.010610722515678149,30.659809409760523,5.116754495944043,0.051589829435596216,0.7258283080787951,-30.659809409760523,0,0.08226917305894979,True,True
fine,55,0.35,5.86666667,0.9661698956578529,-0.9661698956578529,0.022412265584190575,2.826881522522912,1.263368229948967,30.138805587371564,15.388165200704638,0.3404193843563558,0.010610722515678149,30.850239788248118,5.176828640109807,0.04566815233066016,0.7064351305749129,-30.850239788248118,0,0.09811217893115681,True,True
fine,55,0.35,6.4,1.984079205703892,-1.984079205703892,0.2629665388012222,4.685302215586991,2.786275986010962,30.135714299473122,16.492547275163133,0.3404193843563558,0.010610722515678149,31.848020005625607,5.393760326078779,0.06292647336502744,0.9047032626952471,-31.848020005625607,0,0.24951716550772773,True,True
fine,55,0.4,3.73333333,1.0073918732678526,-1.0073918732678526,0.11727915042561854,3.1972663737585605,0.5196124743791122,30.15407244076826,15.391970915470296,0.3404193843563558,0.010610722515678149,30.893623588511176,5.078361196918532,0.0664279064752097,0.8168618561787552,-30.893623588511176,0,0.11482366762594069,True,True
fine,55,0.4,4.26666667,0.8471340558912155,-0.8471340558912155,0.10042663996622292,2.77926570166909,0.5299379325475279,30.144213505648082,15.390818915690538,0.3404193843563558,0.010610722515678149,30.705099360750243,5.080186616621092,0.05986387442197053,0.7829403756206494,-30.705099360750243,0,0.09928302684491984,True,True
fine,55,0.4,5.33333333,0.6803457098119599,-0.6803457098119599,0.05177181262940213,2.530254805148495,0.7840744644681401,30.13184203407692,15.388797346310303,0.3404193843563558,0.010610722515678149,30.56432283967095,5.112468817443597,0.05350877216586528,0.7367766832237661,-30.56432283967095,0,0.08085736961353468,True,True
fine,55,0.4,5.86666667,0.8882810679977358,-0.8882810679977358,0.02089330700733824,3.1186172954421423,1.3411918489310897,30.127948233381698,15.388016262545124,0.34041938435638824,0.010610722515677146,30.782442628052955,5.180529706085523,0.04765123958855871,0.7200651174666761,-30.782442628052955,0,0.09754075710607726,True,True
