stage,seed,eta_c,eta_cb,late_abs_early_deg,late_signed_early_deg,late_endpoint_mm,adapt_abs_early_deg,adapt_endpoint_mm,max_adapt_abs_early_deg,max_adapt_endpoint_mm,max_baseline_abs_early_deg,max_baseline_endpoint_mm,max_washout_abs_early_deg,max_washout_endpoint_mm,late_path_rmse_mm,late_velocity_rmse_mm_s,first_washout_deg,clip_events,objective,all_finite,stable
coarse,11,0.0,0.0,29.87621840024672,29.87621840024672,15.204904808387747,29.87621840024672,15.204904808387749,29.876218400246724,15.204904808387749,0.12378159975327327,0.01981116386445652,0.12378159975327327,0.01981116386445652,12.985084068981397,54.124655218350675,-0.12378159975327327,0,5.792451765777796,True,True
coarse,11,0.0,0.025,23.041207394880928,23.041207394880928,8.897129187836029,26.031393007926976,11.5750519510738,29.870444825381025,15.202145688946345,0.12927968455763567,0.01981116386445652,7.355964614050223,1.5066396268815128,7.7141083638994346,30.391155956464996,-7.355964614050223,0,3.7824057775709714,True,True
coarse,11,0.0,0.05,18.3478425863657,18.3478425863657,5.09393863140541,23.01989887103594,8.993378744932127,29.86508148330111,15.199703674676249,0.13440697741750168,0.01981116386445652,12.166354957289842,2.417588897475604,4.451962121412107,15.984436746437023,-12.166354957289842,0,2.5296599108487303,True,True
coarse,11,0.0,0.1,13.25583079213728,13.25583079213728,1.5304325533405838,18.934742493271315,5.7841569993627475,29.855482012834784,15.195678287049057,0.14363772398168695,0.01981116386445652,17.174243537627778,3.3211498820378145,1.394977643856,4.798071710796957,-17.174243537627778,0,1.297701567989904,True,True
coarse,11,0.0,0.2,9.420912859076847,9.420912859076847,0.5043272846009392,14.71530920412061,3.184482532120221,29.840144787703256,15.190487734235713,0.15856119406346433,0.01981116386445652,20.899180698558514,3.9448969149059065,0.9997994546279211,6.55025524411581,-20.899180698558514,0,0.7717890691077002,True,True
coarse,11,0.0,0.4,5.885063019910893,5.885063019910893,0.48786712020870526,10.841667491877265,1.8627938309810836,29.820731201594032,15.187898998532019,0.1779061556385813,0.01981116386445652,24.447693229981528,4.632927645064027,0.6688045493366398,4.645213957543518,-24.447693229981528,0,0.5370049678424675,True,True
coarse,11,0.0,0.8,3.553653906719499,3.553653906719499,0.46949831376940343,7.398179701612935,1.2108266667734189,29.8051821940627,15.195703911369247,0.19404909092292338,0.01981116386445652,26.455029878828167,5.159802029125866,0.4252964575062765,2.872064229010892,-26.455029878828167,0,0.37649352074884895,True,True
coarse,11,0.0,1.2,3.706579297928689,3.706579297928689,0.330415299795522,6.083248421402708,0.9526667348753376,29.799763938617406,15.20489647839329,0.19962453804175195,0.01981116386445652,26.25729876649039,4.855694852245013,0.3938888929312941,2.2319295262620145,-26.25729876649039,0,0.3341929766066012,True,True
coarse,11,0.0,1.6,3.537296272772538,3.537296272772538,0.3187995241841878,5.434182107128992,0.8091644234654934,29.79557619645538,15.210350918682233,0.20357158958103605,0.01981116386445652,26.594750847720814,4.609159515447099,0.28971873365072237,1.772017875312948,-26.594750847720814,0,0.3150711864837143,True,True
coarse,11,0.0,2.4,2.8627008511237766,2.8627008511237766,0.39216149565971603,4.59356460808811,0.699165094625882,29.786562323908036,15.213059310927937,0.21216301677742797,0.01981116386445652,27.110821384464067,4.791204041220843,0.14199921613599722,1.4396273503969297,-27.110821384464067,0,0.29087938779057565,True,True
coarse,11,0.0,3.2,3.011772753251823,3.011772753251823,0.3364861251742107,4.164779212079054,0.6613087350858737,29.7792057198624,15.212423442984106,0.21961576966333535,0.01981116386445652,26.999306332623448,4.787066762657359,0.14929515932488807,1.2762130397754199,-26.999306332623448,0,0.2802223606758528,True,True
coarse,11,0.025,0.0,32.51619417748329,-32.51619417748329,8.722431375467618,18.73074898972543,11.42533730390304,34.06970016936834,15.204601574683114,0.14273898722380673,0.01981116386445652,64.38870591334431,5.19110575021087,7.862915204861011,39.83332798456073,-64.38870591334431,0,4.149195645693079,True,True
coarse,11,0.025,0.025,26.427254053560652,-26.427254053560652,4.976900503876988,16.392910977550283,8.878262994329353,29.85297858086132,15.202012733066827,0.14606249815404646,0.01981116386445652,57.65822280983214,5.293197976753195,4.7736890795790705,24.27316656237758,-57.65822280983214,0,2.847265076896953,True,True
coarse,11,0.025,0.05,21.152501751937233,-21.152501751937233,2.6638338514226625,14.234138046891422,7.010595041872319,29.84987346381103,15.199718799496962,0.14913850704081652,0.01981116386445652,51.91886918314102,5.244635019300148,2.7870744102044736,14.220285444409711,-51.91886918314102,0,1.956753574076497,True,True
coarse,11,0.025,0.1,13.329394525644725,-13.329394525644725,0.4792945059546899,10.706763520393796,4.6021811700669515,29.84438922918545,15.195930632462412,0.15461196443390882,0.01981116386445652,43.61254259388327,5.011458428652539,0.8591262896679497,4.887038086386883,-43.61254259388327,0,0.9507154208341079,True,True
coarse,11,0.025,0.2,5.48305910610766,-5.48305910610766,0.5018961178694687,6.422176667774444,2.7089938795621995,29.835870049619547,15.191025158811955,0.16324533074096312,0.01981116386445652,35.6228495652095,4.700999381651517,0.8043850123100688,4.776166120248552,-35.6228495652095,0,0.4974097295460699,True,True
coarse,11,0.025,0.4,1.2973096310533263,-1.2973096310533263,0.30070930216644454,3.8964331347591505,1.6694953527523602,29.825719806247676,15.188531851698677,0.17385684330369838,0.01981116386445652,31.470088647263285,4.856984053657625,0.6363119114619387,3.8480991979784895,-31.470088647263285,0,0.1997924190465573,True,True
coarse,11,0.025,0.8,0.5240023210931765,0.5240023210931765,0.2927219212075821,3.757838252096677,1.0707274336735508,29.818259296175793,15.195914999649926,0.1822645206739223,0.01981116386445652,29.439229600315674,5.262494394266618,0.36036449334343057,2.4728786284524844,-29.439229600315674,0,0.14819146142588208,True,True
coarse,11,0.025,1.2,1.6252793822563352,1.6252793822563352,0.22549151488412295,3.7494107504910135,0.8523915907014701,29.814666756640136,15.204798708046956,0.18642832250612465,0.01981116386445652,28.36467196796338,4.989582369194036,0.3299352754534356,2.028862578306428,-28.36467196796338,0,0.18280990458959728,True,True
coarse,11,0.025,1.6,1.8420953992667939,1.8420953992667939,0.2230765004007198,3.689384364522067,0.7296586016654087,29.81027328136113,15.210198057478566,0.18946589106686998,0.01981116386445652,28.30751351296205,4.719319092141002,0.26035312681247075,1.6495404446745396,-28.30751351296205,0,0.19054129093887362,True,True
coarse,11,0.025,2.4,1.641335276169371,1.641335276169371,0.3197642977680111,3.4097537507828237,0.6398370810306668,29.799904075347335,15.21304930729431,0.19928329014099688,0.01981116386445652,28.342777067283265,4.854551868402262,0.12696308449785104,1.335229966319248,-28.342777067283265,0,0.20087730710553517,True,True
coarse,11,0.025,3.2,2.0431766519263,2.0431766519263,0.2824928560580703,3.2623790650064053,0.6155639543277738,29.791587923139712,15.21248879435034,0.20768868773629606,0.01981116386445652,27.97986772412374,4.843447170156626,0.13132133852750866,1.2061759341799791,-27.97986772412374,0,0.21002677336705872,True,True
coarse,11,0.05,0.0,47.58857046398215,-47.58857046398215,5.365984874030101,31.142574483398267,8.946853871090466,48.42605798768988,15.204346536303143,0.15914884072149948,0.01981116386445652,78.59317754317186,7.896935688048027,5.106436853581219,31.771455490714395,-78.59317754317186,0,4.126636618465188,True,True
coarse,11,0.05,0.025,40.80369511853774,-40.80369511853774,3.1566922415545444,27.826590387456413,7.126003549882438,41.30555544115491,15.201913629305253,0.16054861671165543,0.01981116386445652,71.4009743953185,7.348187696853592,3.237844199287445,21.070986950987837,-71.4009743953185,0,3.1776840360456733,True,True
coarse,11,0.05,0.05,34.847201518676286,-34.847201518676286,1.8405957136820077,24.7932480579683,5.770004695622501,35.11028965012931,15.199755288541322,0.16180812070469483,0.01981116386445652,65.15615338210122,6.84116492618739,1.9815674754285688,13.782882855613298,-65.15615338210122,0,2.503400527314877,True,True
coarse,11,0.05,0.1,25.505403905343798,-25.505403905343798,0.9408317472646669,19.685501936652862,4.04766814917585,29.83505055925475,15.196184269069295,0.16394919442212008,0.01981116386445652,55.52882541470351,6.047202462770784,0.7130887279300524,6.2712869773787085,-55.52882541470351,0,1.7406623500060496,True,True
coarse,11,0.05,0.2,14.740959221253632,-14.740959221253632,0.8445896378275022,12.83878056314598,2.612541382137647,29.832559770359705,15.191539351085268,0.16698592489856362,0.01981116386445652,44.72928011528017,5.233989423202246,0.7069787953608849,4.360314423530458,-44.72928011528017,0,1.0978737932212252,True,True
coarse,11,0.05,0.4,6.760513806832901,-6.760513806832901,0.4044924283547723,6.565437326362556,1.6378002725335215,29.830666195112972,15.189130975495432,0.17021651282553102,0.01981116386445652,36.77907194484363,5.031117396455166,0.6321830900395958,3.534165088551789,-36.77907194484363,0,0.520622217511685,True,True
coarse,11,0.05,0.8,1.8672684981603886,-1.8672684981603886,0.15399761514189755,2.9622159313400753,0.9794571211059495,29.83056126662661,15.196119691527112,0.17610387539506564,0.01981116386445652,31.735761876927416,5.340840455415595,0.3346283516678331,2.206166732072441,-31.735761876927416,0,0.17255216277992175,True,True
coarse,11,0.05,1.2,0.041292437649776435,0.041292437649776435,0.1402893599431015,1.9980974373046287,0.7710322934589066,29.82873199133608,15.20471353919938,0.18046139405867426,0.01981116386445652,29.93476337121932,5.10292876339225,0.2791846228013531,1.861050270028652,-29.93476337121932,0,0.06638634073238621,True,True
coarse,11,0.05,1.6,0.5320085275804253,0.5320085275804253,0.14724122313528237,2.1624677141378448,0.6623671498798507,29.824222284017303,15.210059516778601,0.1835713131791117,0.01981116386445652,29.615844200087945,4.8142401048877925,0.23327649408059475,1.5557481080334397,-29.615844200087945,0,0.09225428909241948,True,True
coarse,11,0.05,2.4,0.6585441747533396,0.6585441747533396,0.2600039313294284,2.3655700407651796,0.588090788249365,29.812644473247232,15.213043980687655,0.18776538810047932,0.01981116386445652,29.321017860754775,4.905637559913418,0.11753622605449424,1.255501519548907,-29.321017860754775,0,0.12725060184844902,True,True
coarse,11,0.05,3.2,1.2546727037315841,1.2546727037315841,0.23816941049203177,2.4614119572808866,0.575228103935171,29.8034281080522,15.212555538233854,0.19625855142685822,0.01981116386445652,28.768176192061144,4.890643343229962,0.11682418184555302,1.1533073233657458,-28.768176192061144,0,0.1521869061453457,True,True
coarse,11,0.1,0.0,54.55149478543624,-54.55149478543624,3.424623765203345,42.15429272005468,6.400890862901415,54.78624187513674,15.203959768561736,0.1854725102170268,0.01981116386445652,84.82720919249596,9.733072053909922,2.910050467472626,23.545501148531894,-84.82720919249596,0,4.039606173221819,True,True
coarse,11,0.1,0.025,48.652307357444144,-48.652307357444144,2.64594673613919,38.81631646878735,5.425986260293693,48.66830964779584,15.201800899942668,0.18367402043757755,0.01981116386445652,78.65314172546888,8.873456990578601,2.0830873474800873,17.695474532309483,-78.65314172546888,0,3.506231262027515,True,True
coarse,11,0.1,0.05,43.510289824531036,-43.510289824531036,2.188121113059884,35.7591903379642,4.684585506887599,43.66732396551087,15.19988083848099,0.18190847422776124,0.01981116386445652,73.3421444602557,8.14457511837551,1.4688216982936646,13.353996534583127,-73.3421444602557,0,3.0970835371263155,True,True
coarse,11,0.1,0.1,35.23936986739291,-35.23936986739291,1.7570462319845834,30.46063265406185,3.6883503119475014,36.04358029182162,15.196691314701456,0.17848592843846403,0.01981116386445652,64.94089111516969,7.050084625384353,0.7756341735354957,8.174192358117251,-64.94089111516969,0,2.5153358187762334,True,True
coarse,11,0.1,0.2,24.559899098013283,-24.559899098013283,1.3470808795176346,22.65373839460421,2.6616732287662033,29.828294122743614,15.192503367474206,0.1724303774012116,0.01981116386445652,54.30325985082256,5.871204572015047,0.6603185302014623,5.1773432342369325,-54.30325985082256,0,1.79703772069534,True,True
coarse,11,0.1,0.4,14.06789374175898,-14.06789374175898,0.7552279166277479,13.866512769658618,1.7519343378753818,29.840313191763904,15.190238761466295,0.16948697809388344,0.01981116386445652,43.799983881879434,5.265174043603076,0.6615194380768972,3.817455679432635,-43.799983881879434,0,1.0363823173952336,True,True
coarse,11,0.1,0.8,5.180669470803118,-5.180669470803118,0.1599957571356198,6.463401979804248,0.9876771790351594,29.8530092618417,15.19651354399912,0.1719736686828644,0.01981116386445652,34.763622872613425,5.438670173144837,0.3675387036578123,2.114741388858671,-34.763622872613425,0,0.3690326119864028,True,True
coarse,11,0.1,1.2,1.946416601019164,-1.946416601019164,0.019805683856632252,3.433164818608114,0.6767184547114211,29.854535570859447,15.20457880052399,0.17529035082896613,0.01981116386445652,31.80732302429279,5.275669979258309,0.22747373050731037,1.6587160987689316,-31.80732302429279,0,0.14193944892690644,True,True
coarse,11,0.1,1.6,1.1479459808943993,-1.1479459808943993,0.050968122137805584,2.1437711535035318,0.5647915996879842,29.850025682003366,15.209822277599505,0.17834471477405434,0.01981116386445652,31.253602100213964,4.96403991755646,0.1892795130231872,1.4363161718609858,-31.253602100213964,0,0.09723271010163519,True,True
coarse,11,0.1,2.4,0.719440821546953,-0.719440821546953,0.17384711159368507,1.257415750203051,0.5057864174176311,29.836423962720147,15.213046318117183,0.18344850507404808,0.01981116386445652,30.661371017280267,4.975629183174179,0.10845505671626339,1.1538199303712067,-30.661371017280267,0,0.09817676750552688,True,True
coarse,11,0.1,3.2,0.12680919287306455,0.12680919287306455,0.1735658814218463,1.1628534189745034,0.509093179465113,29.825572008099016,15.21269270682836,0.18733154501133095,0.01981116386445652,29.869524769685906,4.960865223016459,0.09670760425929263,1.086259047621109,-29.869524769685906,0,0.06774089116156758,True,True
coarse,11,0.2,0.0,53.59944143845022,-53.59944143845022,2.8934871025676445,48.66333594308439,4.753500702628996,55.62397101165563,15.203561790171182,0.2185461445958373,0.01981116386445652,82.74498124767513,9.445279996027326,1.8532602147066473,16.36119705255898,-82.74498124767513,0,3.886543227198442,True,True
coarse,11,0.2,0.025,48.978954080116196,-48.978954080116196,2.6175691069625886,45.772831568190234,4.3326588871739515,52.07863190014992,15.20182959872946,0.2123618132536469,0.01981116386445652,78.01771197510081,8.839700535955274,1.5042301790653412,13.814284760096527,-78.01771197510081,0,3.5555753236704923,True,True
coarse,11,0.2,0.05,45.055156734384546,-45.055156734384546,2.406262769358808,43.158790820618684,3.983778502001505,49.05756644619671,15.200280663473652,0.20643100415794374,0.01981116386445652,74.05486874021584,8.300455722969469,1.2168165880131412,11.739318962975613,-74.05486874021584,0,3.279074539198096,True,True
coarse,11,0.2,0.1,38.80262671883678,-38.80262671883678,2.1047333355396494,38.63050214718943,3.4471668205290564,44.02316666922123,15.197685458963376,0.19532533712321623,0.01981116386445652,67.82865169372609,7.420021096243936,0.8412121393472709,8.876714850782456,-67.82865169372609,0,2.8445617762907327,True,True
coarse,11,0.2,0.2,30.34029158360817,-30.34029158360817,1.7094428014963399,31.670703045694445,2.7566501815009046,36.36371576389163,15.194208491277081,0.18265411208535953,0.01981116386445652,59.509272093864524,6.296566641476257,0.6867351582872306,6.472493538586991,-59.509272093864524,0,2.2533411085545763,True,True
coarse,11,0.2,0.4,20.175957800735166,-20.175957800735166,1.1476209374516368,22.58808571192709,1.9895290076341918,29.858080059236485,15.192156177687426,0.1743522464125708,0.01981116386445652,49.31389397693273,5.455220077772773,0.7266515045817947,4.979999490501637,-49.31389397693273,0,1.5164458159146512,True,True
coarse,11,0.2,0.8,7.678813200319655,-7.678813200319655,0.44870844298132273,12.412478205043634,1.198334292888362,29.89035302801861,15.197258980264222,0.17212492543806393,0.01981116386445652,36.496054978884516,5.485029164519871,0.5113502537107159,2.9312071370667008,-36.496054978884516,0,0.6191357148374673,True,True
coarse,11,0.2,1.2,2.5853463131745684,-2.5853463131745684,0.14900139154169204,7.201790276855877,0.7928940074966617,29.897987677513026,15.20443697698394,0.17340981327007496,0.01981116386445652,32.04223391519344,5.462036321869287,0.29738211007638193,1.8787741649917316,-32.04223391519344,0,0.23948836695417036,True,True
coarse,11,0.2,1.6,1.8199577395668343,-1.8199577395668343,0.08580475176892381,4.66826376997305,0.5802289881865934,29.89419183213922,15.209487582187473,0.1757913394215713,0.01981116386445652,31.803866995941934,5.144086789621669,0.1797174440533888,1.4632978669849508,-31.803866995941934,0,0.1608321388237238,True,True
coarse,11,0.2,2.4,1.8268145657937223,-1.8268145657937223,0.11703410952071744,2.6193482765006078,0.4290746942060098,29.877836745466873,15.213096398751905,0.18045623820020693,0.01981116386445652,31.672302155333057,5.02050758574404,0.10233851642858618,1.0990984013582534,-31.672302155333057,0,0.1494381823891681,True,True
coarse,11,0.2,3.2,0.8501599499312341,-0.8501599499312341,0.11937174923603774,1.662717799469356,0.4289075003508291,29.86429175593565,15.21297862922966,0.18435210304506497,0.01981116386445652,30.746810128171962,5.029968040694229,0.08300896624253055,1.0479021113058542,-30.746810128171962,0,0.09321520895720842,True,True
coarse,11,0.4,0.0,33.217347569833365,-33.217347569833365,1.962946084829613,45.75975326132594,3.5658567949195246,56.009438905431,15.203654119932505,0.24033540943989778,0.01981116386445652,59.93600514009527,8.01668181415158,1.2276736826060437,10.280104729501357,-59.93600514009527,0,2.5912008107807014,True,True
coarse,11,0.4,0.025,31.871942863433702,-31.871942863433702,1.9004827272465867,43.96692517725112,3.408650545044104,54.14054219407867,15.20245768121478,0.23045799711755802,0.01981116386445652,58.97236878747139,7.737264762671514,1.068906540179872,9.32565424595295,-58.97236878747139,0,2.490805772457877,True,True
coarse,11,0.4,0.05,30.587174934993605,-30.587174934993605,1.844642047516062,42.31042167552049,3.2674870457968304,52.44008315923268,15.201375899458602,0.2225924217474962,0.01981116386445652,57.975791691025734,7.466813898790237,0.9348748400160627,8.521096232311645,-57.975791691025734,0,2.3964964171305305,True,True
coarse,11,0.4,0.1,28.246049276875873,-28.246049276875873,1.7454347026845618,39.35298867515087,3.0244954589420816,49.406625266234414,15.199531466068924,0.21120237231296132,0.01981116386445652,56.03535196235346,6.9718077745240805,0.7505678442099549,7.3560639818961135,-56.03535196235346,0,2.226022572248088,True,True
coarse,11,0.4,0.2,24.366553091974502,-24.366553091974502,1.5647284122978617,34.53667907785023,2.6481198408492954,44.37732496652334,15.196958464063112,0.19781900642979605,0.01981116386445652,52.56851044091939,6.210469971188844,0.6582071223106762,6.305826409595561,-52.56851044091939,0,1.9405853486952969,True,True
coarse,11,0.4,0.4,17.772153474807645,-17.772153474807645,1.2103145322771467,27.426167074048657,2.122592058603113,36.71413802245669,15.19517344562229,0.1857761623556327,0.01981116386445652,45.98133867448501,5.459349645331056,0.7204703808408082,5.617476308897352,-45.98133867448501,0,1.4544205758679682,True,True
coarse,11,0.4,0.8,4.3451683564205394,-4.3451683564205394,0.6412292036380725,16.96147917337751,1.44855802515024,29.94186640967835,15.198678162846257,0.17862537406231546,0.01981116386445652,34.254215287226174,5.397935850034996,0.6524220377108743,4.312447568415357,-32.081270699125355,0,0.5425806272856557,True,True
coarse,11,0.4,1.2,2.0525875810626717,2.0525875810626717,0.31073430370376975,10.634788005342083,1.0261677343956674,29.959664929264736,15.20455865125991,0.1773445196945041,0.01981116386445652,27.031365720884995,5.543390897143717,0.5091677762855417,3.2113335868634962,-27.031365720884995,0,0.2857036349973788,True,True
coarse,11,0.4,1.6,1.390562906621187,1.390562906621187,0.1407887716272525,7.2529347556835075,0.7553555957666729,29.958904927043505,15.209249220293703,0.17812104705072668,0.01981116386445652,28.857929314866528,5.272422225036913,0.36146674057736056,2.3494972690920006,-28.857929314866528,0,0.17750887289743558,True,True
coarse,11,0.4,2.4,1.503846028430215,-1.503846028430215,0.14175344029570985,4.278814402136887,0.5085502771738168,29.940566276137385,15.213334852993288,0.18181840251376954,0.01981116386445652,31.45312978162292,4.938668570508149,0.14045594196073247,1.2907544000043636,-31.45312978162292,0,0.15459709323177204,True,True
coarse,11,0.4,3.2,0.6493180920703536,-0.6493180920703536,0.1487571855736503,3.080437601976347,0.44071005467990415,29.923431112030375,15.213576199538126,0.18561219073036225,0.01981116386445652,30.38791646057551,5.044308543658134,0.09199088949896275,1.102540078708728,-30.38791646057551,0,0.10252665903104531,True,True
coarse,11,0.8,0.0,11.602410408694452,-11.602410408694452,1.2308616812436461,31.083154559138023,2.545729654143281,56.49583559258201,15.205199879831097,0.24301763426756506,0.01981116386445652,41.337857288352474,6.901729180180172,0.8315687449332829,6.657812729628991,-41.337857288352474,0,1.1884591185120341,True,True
coarse,11,0.8,0.025,12.10702022982684,-12.10702022982684,1.2023949172754467,30.784357783890812,2.492818372217591,55.52929687954473,15.204493728743204,0.23782628453976676,0.01981116386445652,41.82032206950448,6.756845466867138,0.7521229442543511,6.204633800282358,-41.82032206950448,0,1.2032183820193854,True,True
coarse,11,0.8,0.05,12.458359090680355,-12.458359090680355,1.1745484351022886,30.4395454080982,2.4424411557536763,54.61999171587346,15.203844164433844,0.23323816841310382,0.01981116386445652,42.15069916804697,6.6161634803984075,0.6835995505935117,5.815700380752924,-42.15069916804697,0,1.2101271109220697,True,True
coarse,11,0.8,0.1,12.80012971369321,-12.80012971369321,1.1199533335210643,29.656570796335757,2.3482419347817576,52.91919615728757,15.202706620992906,0.22580549691131127,0.01981116386445652,42.448872941618134,6.35367393633115,0.5808931243406544,5.222301941250583,-42.448872941618134,0,1.2055028752889951,True,True
coarse,11,0.8,0.2,12.495667139362245,-12.495667139362245,1.0111218301693838,27.9071662982936,2.1799449805352547,49.89369039654504,15.201021532889444,0.21520002132509977,0.01981116386445652,42.02950828119542,5.9266417113033025,0.49580147856004986,4.607807375102736,-42.02950828119542,0,1.1457435496847228,True,True
coarse,11,0.8,0.4,9.483370808094314,-9.483370808094314,0.787910222707197,24.19775005073139,1.8936532271883522,44.92576384228669,15.199582350853788,0.20279506340523476,0.01981116386445652,41.30826268896347,5.4585103853848205,0.5192932931695462,4.301274752514642,-38.63278726664019,0,0.9037360593668314,True,True
coarse,11,0.8,0.8,1.062320345180365,1.0311914109913383,0.4259183585298502,16.61729218454358,1.4484106130035612,37.39356038774535,15.201495337067014,0.19296665642043093,0.01981116386445652,40.729323617961015,5.410743014742532,0.5790710159913566,4.238241035132817,-27.73709337589941,0,0.3217398818444348,True,True
coarse,11,0.8,1.2,6.606848737563394,6.606848737563394,0.3175396961122635,13.41772342687986,1.1513636018736233,31.718090238904225,15.205789289283675,0.1888895656021261,0.01981116386445652,34.685904262089345,5.609208801681532,0.5977129201038499,4.241542512904114,-23.668772331354546,0,0.5403548535464701,True,True
coarse,11,0.8,1.6,3.970850866753293,3.970850866753293,0.25841738992605323,11.010410833906397,0.9420925830555655,30.02762951343918,15.209803411999182,0.18927885071784623,0.01981116386445652,27.825576447921357,5.383947475210827,0.5723793950805686,3.8883206117007867,-27.825576447921357,0,0.37029398409283526,True,True
coarse,11,0.8,2.4,3.03867685417421,-3.03867685417421,0.04528622623181812,6.960474007889931,0.6418498173092582,30.01193248256701,15.214124760086609,0.18827255795947,0.01981116386445652,33.36850548196143,4.7762103320934,0.3489855661012764,2.2486141014511922,-33.36850548196143,0,0.23174709144531086,True,True
coarse,11,0.8,3.2,0.45704415721325214,-0.17546327914887277,0.1941827754477591,4.487871700582652,0.5528363449098546,29.992108639875656,15.214765306828134,0.19697112685322532,0.01981116386445652,29.303673055689927,5.092070613279178,0.14410650180548104,1.3001690259070497,-29.303673055689927,0,0.11783010617042929,True,True
coarse,11,1.2,0.0,11.239318460791834,-11.239318460791834,1.070008299940387,24.2398668037994,2.0905917433996564,56.90007244182798,15.207256726631133,0.24532588003133363,0.01981116386445652,41.42598308852245,6.363786969861238,0.6947739923858264,5.777939609046927,-41.42598308852245,0,1.0656268838635339,True,True
coarse,11,1.2,0.025,11.474476659362841,-11.474476659362841,1.0188136877470872,24.213375698323347,2.0533527890394994,56.23808733312139,15.206766625196245,0.24205378682968995,0.01981116386445652,41.63702380681156,6.263593877882284,0.6366888616826671,5.411184022980249,-41.63702380681156,0,1.0637569018850512,True,True
coarse,11,1.2,0.05,11.636093937467297,-11.636093937467297,0.9708622443087128,24.146882508078914,2.017610771974962,55.63230638230905,15.206311481077012,0.23881891116414297,0.01981116386445652,41.77261305782096,6.16936892549211,0.5849666037029805,5.083952385810311,-41.77261305782096,0,1.0587117751253015,True,True
coarse,11,1.2,0.1,11.764582390421138,-11.764582390421138,0.8841402351200877,23.913510196258244,1.9502439634213005,54.438922362861476,15.205502532233522,0.23379829227269286,0.01981116386445652,41.84321507094213,6.000285271040676,0.5007151605735818,4.541702007513754,-41.84321507094213,0,1.040410161365017,True,True
coarse,11,1.2,0.2,11.38849606353136,-11.38849606353136,0.7409398072073542,23.149985197466663,1.8290503471510955,52.290222691256666,15.20426414857301,0.22551696234963559,0.01981116386445652,41.355625786431524,5.741489672383575,0.40212144007317085,3.830269154547799,-41.32870455981214,0,0.9774627418715289,True,True
coarse,11,1.2,0.4,8.82702453612782,-8.82702453612782,0.5211761900557407,20.905204545014833,1.620700311870555,48.594851694781255,15.203090434055907,0.2148652554293396,0.01981116386445652,42.67382163380722,5.491337298283764,0.36891144117715446,3.257195819044159,-38.430995527446235,0,0.7723373434351646,True,True
coarse,11,1.2,0.8,0.41835971982507647,-0.38310408587640477,0.16588815671993562,15.004930647473321,1.2736442448121739,42.804690776331874,15.204287376708702,0.20438720709824482,0.01981116386445652,42.65598824789722,5.54663239987152,0.4317165083332212,3.283473157871108,-29.764881670182845,0,0.20824229437096922,True,True
coarse,11,1.2,1.2,4.408761876364023,4.408761876364023,0.17494838709249874,12.612734187540019,1.0604031955057387,38.37171089691707,15.207595039009208,0.20178233912227928,0.01981116386445652,38.19710525166511,5.7099879675953265,0.49439602662632937,3.7057637173592157,-26.209624195382528,0,0.38660815842059304,True,True
coarse,11,1.2,1.6,1.790845447815629,1.790845447815629,0.27283249629184236,11.14744177365918,0.9489501727286399,35.105698819411785,15.210984010247486,0.1985826352432021,0.01981116386445652,32.40763390161511,5.460987452465097,0.5362842448089411,3.8776315952636837,-30.26127641496759,0,0.2661514663541803,True,True
coarse,11,1.2,2.4,5.298647122351769,-5.298647122351769,0.09471154776293862,8.8257924723152,0.747976105227402,35.18095497469569,15.215066185674841,0.20456167013141835,0.01981116386445652,34.54551350009006,4.769174672794983,0.43300631278633733,2.8017451010787475,-34.54551350009006,0,0.37438034544571125,True,True
coarse,11,1.2,3.2,1.4201195620274667,1.2748259235565,0.2595731860060764,6.376728041182997,0.6518227569975494,37.06021884953321,15.215844241509618,0.21421623723067787,0.01981116386445652,31.728088510608195,5.197820697838925,0.2584538797146339,1.8901148912128627,-27.11754095384332,0,0.19968937358983488,True,True
coarse,11,1.6,0.0,11.440795311878196,-11.440795311878196,1.0351675641782392,20.889457439037677,1.8472121560328916,57.264544401644756,15.20943028226773,0.24766104890489454,0.01981116386445652,41.91365856190214,5.875879227415367,0.606382838105963,5.263529172001984,-41.4691594426911,0,1.0350936737943863,True,True
coarse,11,1.6,0.025,11.557854484687427,-11.557854484687427,0.9627106789906656,20.91538646721778,1.8099810530888525,56.759362609744684,15.209060635336943,0.24558868012480728,0.01981116386445652,42.04820796850463,5.810448820320445,0.5601688573364424,4.944812249524174,-41.567837674391626,0,1.0224401350174939,True,True
coarse,11,1.6,0.05,11.62560921817879,-11.62560921817879,0.8949984741680362,20.911715940396626,1.774381867757852,56.307910741327184,15.208715455939892,0.2435291962451642,0.01981116386445652,42.188874429623915,5.751647890336562,0.5182803240365674,4.65491483542234,-41.614999044958836,0,1.008287546728075,True,True
coarse,11,1.6,0.1,11.625270305845705,-11.625270305845705,0.7738124903700231,20.825157614341087,1.7079497127639975,55.41233872116846,15.208096566317522,0.23944881628962167,0.01981116386445652,42.48478316230019,5.653237783679551,0.4472156558067198,4.156540785333321,-41.567323652769915,0,0.9761672930494635,True,True
coarse,11,1.6,0.2,11.1580570903278,-11.1580570903278,0.5848489026185245,20.392123740454615,1.5924042622581485,53.682436151462454,15.207129969712149,0.23318906474996237,0.01981116386445652,43.09854735527086,5.5247923145176365,0.35151954061935975,3.4385690701766443,-40.98547697918423,0,0.9000691221626878,True,True
coarse,11,1.6,0.4,8.841474611347138,-8.841474611347138,0.3624892347477793,18.801929119149587,1.4111311954909076,50.74800071147951,15.206152386522328,0.22403407419330035,0.01981116386445652,44.10863774986869,5.460590978860155,0.2885841109303935,2.736184023467627,-38.409819738452555,0,0.7124364811866088,True,True
coarse,11,1.6,0.8,1.8547800617596135,-1.8547800617596135,0.14009474292597157,14.106681920122838,1.1318325775077553,46.247852939105464,15.206937839548182,0.2165378142715251,0.01981116386445652,44.36292903164056,5.637193001223768,0.32592394898540383,2.6149742362281083,-31.307498242743794,0,0.26381236785166967,True,True
coarse,11,1.6,1.2,2.2736417866421417,2.2736417866421417,0.1690479062802938,11.06598816159623,0.9474398356863795,42.80321746011501,15.209532041123627,0.210345870775708,0.01981116386445652,41.17871657605244,5.765727572202799,0.3787087725818193,2.984588985768626,-28.152263830548915,0,0.2636416769822533,True,True
coarse,11,1.6,1.6,0.7439340067445974,0.23848917833345745,0.265673312061817,10.095786768413564,0.8802526235023773,42.8470725673936,15.212357943586477,0.21214963455013455,0.01981116386445652,37.018849706463584,5.490515757659342,0.423733972565629,3.238030334580298,-31.30925055998491,0,0.20212979755845692,True,True
coarse,11,1.6,2.4,4.87079327600726,-4.87079327600726,0.14341310036608598,9.140099076210475,0.7945349539474108,44.20170204364005,15.216008010255916,0.22180209470751544,0.01981116386445652,39.227056284287514,4.83094230971723,0.39143280436113165,2.644715499547613,-32.84073417959353,0,0.36854302848036086,True,True
coarse,11,1.6,3.2,3.4622253069070554,3.4622253069070554,0.3474170422636947,7.435685023741405,0.7471207701885844,45.47775394246684,15.216781389539861,0.23145287184029534,0.01981116386445652,37.548407481076424,5.276462360460804,0.3193578650337571,2.376135647289747,-25.63830000527927,0,0.3341374234978238,True,True
coarse,11,2.4,0.0,10.98999760188316,-10.98999760188316,1.0420068252881287,17.447372696059777,1.6068680066363534,57.88381938238848,15.213665716207622,0.253399873737022,0.01981116386445652,44.93915926228716,5.089600415913558,0.4672722022213506,4.477821656042337,-40.89974241911654,0,0.9816523720636876,True,True
coarse,11,2.4,0.025,10.975472888244983,-10.975472888244983,0.9460037380337459,17.471045990553197,1.5628034225838303,57.52959446406333,15.213421376558403,0.2520565289626433,0.01981116386445652,45.14126258673249,5.081825916430334,0.43469447641553083,4.208652843941243,-40.859179372483254,0,0.956402632478953,True,True
coarse,11,2.4,0.05,10.932616039972718,-10.932616039972718,0.8550624240309206,17.476621300196374,1.5205715991766005,57.22907578563621,15.213191436521257,0.2513110694436949,0.01981116386445652,45.33821151903332,5.080000379323203,0.4046003906033465,3.9596683473629417,-40.78956837497857,0,0.9308808600043522,True,True
coarse,11,2.4,0.1,10.767060016486749,-10.767060016486749,0.6883305896807567,17.436998625990338,1.4416073471277298,56.62752844394384,15.212773866182925,0.24981315597318898,0.01981116386445652,45.714670409135714,5.091542669486785,0.35162103634930114,3.519679862997922,-40.568891113611755,0,0.8792996457344417,True,True
coarse,11,2.4,0.2,10.154497221014068,-10.154497221014068,0.41411932026703163,17.178312074288133,1.3052090113668213,55.42396794226194,15.212101041868403,0.2467893482889835,0.01981116386445652,46.385040122761424,5.158412586909831,0.27247101648210204,2.8501696390008844,-39.843963421445736,0,0.7757342363667059,True,True
coarse,11,2.4,0.4,8.103127408401107,-8.103127408401107,0.12967147361957418,16.108006325424874,1.1170935387366643,53.557128724352005,15.21134137894313,0.24062978557467005,0.01981116386445652,47.32117565947753,5.3679464422502,0.20128783805630954,2.161061455510997,-37.59667938135372,0,0.5900607872678142,True,True
coarse,11,2.4,0.8,2.8800870034924655,-2.8800870034924655,0.30436974480360096,12.74730164073914,0.975224207109797,53.530474129070946,15.211599317070812,0.23696607894053096,0.01981116386445652,47.38072870688531,5.736554335313491,0.2144647813227915,2.0321726698909295,-32.350018527387434,0,0.34225933611223525,True,True
coarse,11,2.4,1.2,0.33507232704111783,0.33507232704111783,0.35286063247640187,9.344175388734357,0.8771404474739717,53.89613494505205,15.213174025920258,0.24178957191678954,0.01981116386445652,45.40622884327013,5.827843459337644,0.23651631958857341,2.191995050832966,-29.73778054069384,0,0.197169262963452,True,True
coarse,11,2.4,1.6,0.41837065746396274,-0.3555784660771713,0.3205139528770485,7.9907233248080844,0.8189829075909453,54.252398955268525,15.215063059977718,0.24661264420579274,0.01981116386445652,44.5776875232833,5.542089640414212,0.24546058087103367,2.2008363453087316,-30.97941064746612,0,0.18101845578597445,True,True
coarse,11,2.4,2.4,1.6749221347252585,-1.6749221347252585,0.10771606925726307,7.620198211475492,0.7815951584117906,54.93801418397001,15.217719219034112,0.25625752667987256,0.01981116386445652,48.44293400246792,5.0213282840941575,0.22421754635450958,1.7010019825640768,-29.84325319294806,0,0.18694793853202135,True,True
coarse,11,2.4,3.2,3.6739139245344257,3.6739139245344257,0.3979585253355207,7.158429621270713,0.9003965402447708,55.592007367827684,15.21830295591842,0.265900726277675,0.01981116386445652,46.53501780158704,5.346754114682277,0.27102755314700766,2.293901044340791,-27.38276833369238,0,0.3575512695065628,True,True
coarse,11,3.2,0.0,10.255119415244522,-10.255119415244522,1.0565225658796167,15.538092157860472,1.5075477114463733,59.59517675227911,15.217451146461785,0.26176211813881023,0.01981116386445652,48.7547198517386,5.02947773677988,0.3643943599139819,3.907169576686813,-40.02145294207688,0,0.9310038460876077,True,True
coarse,11,3.2,0.025,10.152648227439364,-10.152648227439364,0.955782141104741,15.534381685388258,1.4593767290962407,59.60885436696149,15.217264497973293,0.2620634146434507,0.01981116386445652,49.00562813143208,4.9142086059970005,0.33916370674732316,3.6637005886746588,-39.89151286890618,0,0.899877152344955,True,True
coarse,11,3.2,0.05,10.0333036292563,-10.0333036292563,0.8599114281755353,15.518583430373877,1.4130756836246392,59.62252869605385,15.217087474704277,0.2623647095052988,0.01981116386445652,49.24903566584926,4.803580764812101,0.31558809016825407,3.4367266787786948,-39.745172803142665,0,0.8690540390477988,True,True
coarse,11,3.2,0.1,9.747371913528344,-9.747371913528344,0.6824525140927745,15.452609991462248,1.3260295107669298,59.64986460803728,15.216761760185532,0.26296729429949633,0.01981116386445652,49.71241394448886,4.758637543237853,0.27328899432207293,3.0312131322543534,-39.407072149307915,0,0.8084206229972036,True,True
coarse,11,3.2,0.2,9.011758779885083,-9.011758779885083,0.38162391915221716,15.19656007155047,1.1734532012960337,59.70446636774071,15.216219452380967,0.2641724441713597,0.01981116386445652,50.54116591737207,4.951581247591238,0.20739268338491978,2.405317581928963,-38.577196298051156,0,0.6918059912951642,True,True
coarse,11,3.2,0.4,7.090831064349155,-7.090831064349155,0.05821197948606767,14.291145796828946,0.9579655648127282,59.81325415305983,15.215532928883043,0.26658266504815753,0.01981116386445652,51.79882763960321,5.321259625695815,0.1443197651920118,1.7943755258591196,-36.52753114723677,0,0.503840461833999,True,True
coarse,11,3.2,0.8,2.915307040350682,-2.915307040350682,0.4195849695524907,11.6056681851983,0.921417730858551,60.02834533294036,15.215403722732434,0.2714027913292206,0.01981116386445652,52.87861202197088,5.79320515525816,0.1589361149486622,1.8249408452062983,-32.418451784940586,0,0.3624313412244424,True,False
coarse,11,3.2,1.2,0.35204457971570513,-0.35204457971570513,0.47890750524630016,8.783901453398395,0.8971634868137409,60.23919880936462,15.216263295535498,0.2762224969718355,0.01981116386445652,52.679762670012224,5.869634020059043,0.16955721197312337,1.9336688689198744,-30.286965589310036,0,0.22518781817394398,True,False
coarse,11,3.2,1.6,0.281118348782495,-0.281118348782495,0.388842092231103,6.885096636551452,0.8513070205773505,60.44544361507348,15.21743830444309,0.28104178196506613,0.01981116386445652,52.465938656948985,5.607021719470174,0.15930590214638837,1.7877904076260758,-30.515469049473797,0,0.1825524912357664,True,False
coarse,11,3.2,2.4,0.4749447161767991,-0.316520671388992,0.056457314741645136,5.83427399791909,0.8258330677879944,60.84492102300555,15.219195790883003,0.2906790899622736,0.01981116386445652,54.322123010538284,5.628538460415719,0.12034740822607534,1.1680543776593268,-29.46004596103655,0,0.09997451885253114,True,False
coarse,11,3.2,3.2,1.7403281785675513,1.7403281785675513,0.45288685782930677,7.2225281641715995,1.6683967104319357,70.76188954056809,15.219534885333125,0.30031471523734515,0.019811163864460937,53.723976884433,5.9693860099598,0.15596643637244406,1.7587334040770108,-28.97401761837782,0,0.2876872422445188,True,False
coarse,22,0.0,0.0,29.859458046819945,29.859458046819945,15.393959199383684,29.859458046819945,15.393959199383684,29.85945804681995,15.393959199383685,0.14054195318004545,0.011908307615814826,0.14054195318004545,0.011908307615814826,13.019880677624835,53.99959379181918,-0.14054195318004545,0,5.841826800279432,True,True
coarse,22,0.0,0.025,22.40386752388032,22.40386752388032,9.078543007435194,25.678777520422393,11.758400454246383,29.859538724177785,15.394551194916822,0.14054195318004545,0.011908307615814826,8.03287664826011,1.6682988863015422,7.73688808497717,30.649181167079455,-8.03287664826011,0,3.795949667099576,True,True
coarse,22,0.0,0.05,17.2509799756971,17.2509799756971,5.27526794610438,22.37844963197248,9.177935518043364,29.859623309625913,15.39512019775552,0.14054195318004545,0.011908307615814826,13.310866136414013,2.663583419000927,4.490171750375268,16.48613799271414,-13.310866136414013,0,2.517819332212082,True,True
coarse,22,0.0,0.1,11.783247265829218,11.783247265829218,1.6406607354760425,17.929329561391537,5.951597131656164,29.859802633044755,15.39619181635743,0.14054195318004545,0.011908307615814826,18.661174096341647,3.6439844485475286,1.3749075545652971,4.283771014397164,-18.661174096341647,0,1.245986945983443,True,True
coarse,22,0.0,0.2,8.027641137016408,8.027641137016408,0.3794628046113579,13.481229335228747,3.231523619696334,29.86019205211273,15.398087319379828,0.14054195318004545,0.011908307615814826,22.259437314218363,4.248496732791686,0.8539542090204024,5.38413126681116,-22.259437314218363,0,0.6613940093216827,True,True
coarse,22,0.0,0.4,4.852411013168781,4.852411013168781,0.3634247230445911,9.648016061291958,1.8285347271014056,29.86103065753874,15.40102229934415,0.14054195318004545,0.011908307615814826,25.451908184230604,4.760308972388154,0.6145475376868152,3.90691062001378,-25.451908184230604,0,0.44375488368037613,True,True
coarse,22,0.0,0.8,2.6186675767994885,2.6186675767994885,0.3618363462514941,6.3407084535729625,1.1345516414721037,29.862630618662305,15.404390998921846,0.14054195318004545,0.011908307615814826,27.3963884868477,5.214466721923201,0.3205091954326577,2.2201294758564964,-27.3963884868477,0,0.292770128030206,True,True
coarse,22,0.0,1.2,2.8868391557533464,2.8868391557533464,0.2605062511895981,5.089274049120435,0.8760253108711378,29.86387398761669,15.40574210637215,0.14054195318004545,0.011908307615814826,27.00282287856122,5.142320480991653,0.2543112299345268,1.5829567355339655,-27.00282287856122,0,0.2661932767275923,True,True
coarse,22,0.0,1.6,3.124339986310235,3.124339986310235,0.18387091184687174,4.560304242923649,0.7238486225016134,29.86473560167896,15.406098449165329,0.14054195318004545,0.011908307615814826,26.89901132500944,4.9991318685558745,0.1965791017576147,1.227118097690474,-26.89901132500944,0,0.25201485450586814,True,True
coarse,22,0.0,2.4,2.6305893909553513,2.6305893909553513,0.21153641192608336,3.9549342632872304,0.5802983548831716,29.865674094374118,15.405821122640223,0.14054195318004545,0.011908307615814826,27.444631874149753,4.991971465838925,0.11244463743249607,1.0445841134335463,-27.444631874149753,0,0.22685335731947892,True,True
coarse,22,0.0,3.2,2.474480982539599,2.474480982539599,0.208378104192726,3.5760683776946065,0.5362178574599141,29.866076541671056,15.405414623742567,0.14054195318004545,0.011908307615814826,27.52093952071858,5.039467083562585,0.10092288924585795,0.9821616740006652,-27.52093952071858,0,0.21438087468634057,True,True
coarse,22,0.025,0.0,35.41146941058002,-35.41146941058002,8.780526136552401,20.351974708613227,11.529808803203718,36.93990430323459,15.395693497711427,0.14054195318004545,0.011908307615814826,67.25313163445024,4.972076174316896,7.855513089007938,40.173568251261585,-67.25313163445024,0,4.323700362585344,True,True
coarse,22,0.025,0.025,29.345850266637928,-29.345850266637928,5.080350973054818,18.02759763087382,9.006277989409417,30.354045419163672,15.396165764096512,0.14054195318004545,0.011908307615814826,60.55554556482681,5.120916804814464,4.80300162065579,24.765630250022795,-60.55554556482681,0,3.034771641908592,True,True
coarse,22,0.025,0.05,23.933711121578632,-23.933711121578632,2.7916208730443257,15.817164717798525,7.155736966304031,29.87104617844823,15.396622378403865,0.14054195318004545,0.011908307615814826,54.673021944551046,5.1451791348601565,2.839996685063693,14.807341908110596,-54.673021944551046,0,2.143324286960622,True,True
coarse,22,0.025,0.1,15.754195538172699,-15.754195538172699,0.5896986834987981,12.118490434743123,4.758306916208793,29.871087353966853,15.397489752170875,0.14054195318004545,0.011908307615814826,45.99592282730619,5.040209205735842,0.8664305221319566,5.074704124518744,-45.99592282730619,0,1.1138719810828082,True,True
coarse,22,0.025,0.2,7.341334934015164,-7.341334934015164,0.46047864737428623,7.465947218241847,2.7736498686761735,29.871215274376084,15.399049342528478,0.14054195318004545,0.011908307615814826,37.43095873662979,4.833973881745266,0.6942578657930331,4.01267419674395,-37.43095873662979,0,0.5897237116485702,True,True
coarse,22,0.025,0.4,2.63547491027001,-2.63547491027001,0.2794214296581317,3.907582796773512,1.6809506414473805,29.87158503590501,15.4015382291855,0.14054195318004545,0.011908307615814826,32.78997853230215,4.934614269823936,0.6039638704722353,3.3297018445367996,-32.78997853230215,0,0.26165880665028624,True,True
coarse,22,0.025,0.8,0.6523737004949324,-0.6523737004949324,0.18383280791295367,2.914126444415784,1.01293242898147,29.87242942130966,15.404552236209035,0.14054195318004545,0.011908307615814826,30.615540693479048,5.295941197474713,0.30314904104113877,1.9307739450910144,-30.615540693479048,0,0.11941245751987262,True,True
coarse,22,0.025,1.2,0.7161689642697662,0.7161689642697662,0.1606825750989343,2.6071073651169394,0.782834008927444,29.873105683353177,15.405860443827892,0.14054195318004545,0.011908307615814826,29.173763112141724,5.246929335246824,0.20550233521644254,1.4142753791581875,-29.173763112141724,0,0.11049639207216116,True,True
coarse,22,0.025,1.6,1.4414445913065577,1.4414445913065577,0.10740752680063044,2.723595330663342,0.651801145717142,29.87353666268101,15.40626047575667,0.14054195318004545,0.011908307615814826,28.579317304433854,5.092639691630879,0.16187020371463426,1.1270722283693009,-28.579317304433854,0,0.13227108453926728,True,True
coarse,22,0.025,2.4,1.466602713175108,1.466602713175108,0.14452881239116727,2.7374883441148965,0.5263403249466219,29.873878144751405,15.40607237325787,0.14054195318004545,0.011908307615814826,28.613091530185493,5.044496193721802,0.10096850911439273,0.958119174972509,-28.613091530185493,0,0.1408750737311423,True,True
coarse,22,0.025,3.2,1.5624137119184915,1.5624137119184915,0.15920894766342442,2.6592424782583306,0.49368042914076626,29.873890600133965,15.405707352817958,0.14054195318004545,0.011908307615814826,28.436591484086364,5.081857697051812,0.08828407645787731,0.9198145625805125,-28.436591484086364,0,0.14814995017603746,True,True
coarse,22,0.05,0.0,50.12244200482925,-50.12244200482925,5.349236079776538,33.269046592592055,9.007910886379197,50.94318608841284,15.39724346079745,0.14054195318004545,0.011908307615814826,81.10733532971831,7.405990750092145,5.07739128304532,32.153899022428384,-81.10733532971831,0,4.26786126150261,True,True
coarse,22,0.05,0.025,43.41495698464094,-43.41495698464094,3.1468142096945106,30.007563402158315,7.202407608796402,43.89173648938843,15.397611005587294,0.14054195318004545,0.011908307615814826,73.98204424815428,6.917955614023703,3.2660005142603494,21.560667556098586,-73.98204424815428,0,3.3252008288435366,True,True
coarse,22,0.05,0.05,37.42626599674086,-37.42626599674086,1.815665521124793,26.96633345339502,5.853818710208561,37.65764354418982,15.397969230974393,0.14054195318004545,0.011908307615814826,67.69684312781665,6.497395941138126,2.0387508622674337,14.308627524632143,-67.69684312781665,0,2.6455997580829473,True,True
coarse,22,0.05,0.1,27.891898141270737,-27.891898141270737,0.8522361235385508,21.755816236361028,4.122640478100429,29.881186711200908,15.39865756173952,0.14054195318004545,0.011908307615814826,57.86648468406078,5.864409308747464,0.7457666260695506,6.602046204845055,-57.86648468406078,0,1.8563158130894253,True,True
coarse,22,0.05,0.2,16.693312779234727,-16.693312779234727,0.8082351977443489,14.626006093344438,2.6625953308631614,29.881183004799336,15.399921891835339,0.14054195318004545,0.011908307615814826,46.63131565617416,5.225125662849147,0.6365444460780025,4.043794180753533,-46.63131565617416,0,1.2021142821636541,True,True
coarse,22,0.05,0.4,8.27767736607322,-8.27767736607322,0.44898319632958544,7.91878257374191,1.6744771116343309,29.881289239243195,15.402016530145199,0.14054195318004545,0.011908307615814826,38.29141443278924,5.0581822296798755,0.619644578119289,3.2620985792218073,-38.29141443278924,0,0.6194802592854479,True,True
coarse,22,0.05,0.8,3.2725963094261727,-3.2725963094261727,0.07363256326116471,3.679725189930319,0.9597922279152321,29.881635638907802,15.40471363211751,0.14054195318004545,0.011908307615814826,33.14271284799311,5.355750409030225,0.32540420206076937,1.8239788503223078,-33.14271284799311,0,0.22838521241045104,True,True
coarse,22,0.05,1.2,0.968733978771659,-0.968733978771659,0.08167061343245358,2.3417608482233563,0.7133286414742078,29.88188037071094,15.40598266205278,0.14054195318004545,0.011908307615814826,30.819857409323454,5.334911919135655,0.1834849502712486,1.3086313721192413,-30.819857409323454,0,0.10002472278800549,True,True
coarse,22,0.05,1.6,0.1399383215672146,0.1399383215672146,0.05546869882065427,1.6244431905562506,0.5946218354911047,29.881952300010045,15.406422779625661,0.14054195318004545,0.011908307615814826,29.857281075144375,5.174181713718487,0.1347871521576115,1.0620103073002531,-29.857281075144375,0,0.044117160435073195,True,True
coarse,22,0.05,2.4,0.5387469454754554,0.5387469454754554,0.08958283028789775,1.6617571712511292,0.48047494914223626,29.881757096674274,15.406318737489178,0.14054195318004545,0.011908307615814826,29.534048992132817,5.087595155736686,0.09298731823855344,0.8974822260439247,-29.534048992132817,0,0.07103192913464121,True,True
coarse,22,0.05,3.2,0.8203842215843844,0.8203842215843844,0.11864908887894032,1.8437669921358542,0.45667271790191827,29.881401915132034,15.405993750462788,0.14054195318004545,0.011908307615814826,29.17208928270537,5.116875311109558,0.07966756804903515,0.8733762157577971,-29.17208928270537,0,0.09350818074815696,True,True
coarse,22,0.1,0.0,57.09933138522562,-57.09933138522562,3.2835283471901335,44.45725839944332,6.381600834226028,57.36508414470075,15.39986873934055,0.14054195318004545,0.011908307615814826,87.41338512590275,8.889209802388915,2.8240668840372165,23.449187719481234,-87.41338512590275,0,4.150600332822575,True,True
coarse,22,0.1,0.025,51.10823924442996,-51.10823924442996,2.4876223775400765,41.13044251732335,5.402870914868581,51.12767015827529,15.400065396388552,0.14054195318004545,0.011908307615814826,81.11833506521617,8.12980831550682,2.07156759545611,17.81377611151757,-81.11833506521617,0,3.6083534487421947,True,True
coarse,22,0.1,0.05,45.88874456620031,-45.88874456620031,2.025707132328603,38.06542768262218,4.6586389582123084,46.06903962766445,15.400262818928296,0.14054195318004545,0.011908307615814826,75.71377161603928,7.50152523426188,1.494132839531378,13.563121605078484,-75.71377161603928,0,3.194197460352127,True,True
coarse,22,0.1,0.1,37.473110840766154,-37.473110840766154,1.6188063042269725,32.715457141834506,3.6632344508345396,38.44683165250142,15.400657850030086,0.14054195318004545,0.011908307615814826,67.15163247164605,6.584923377975656,0.8082928025631271,8.38907726206344,-67.15163247164605,0,2.6108426996827983,True,True
coarse,22,0.1,0.2,26.520466220358593,-26.520466220358593,1.283955836639628,24.73703436823056,2.653530681732645,29.898359285933974,15.401436246870775,0.14054195318004545,0.011908307615814826,56.235089399000636,5.638101033038538,0.6466220366960792,5.242385250133362,-56.235089399000636,0,1.8965125677191803,True,True
coarse,22,0.1,0.4,15.799466326090473,-15.799466326090473,0.792371046194401,15.647202534590496,1.7805557485742227,29.898434067996405,15.402875977351327,0.14054195318004545,0.011908307615814826,45.55998910626451,5.191793065853422,0.6775812000769676,3.869122805161355,-45.55998910626451,0,1.147553480487362,True,True
coarse,22,0.1,0.8,7.024690119472146,-7.024690119472146,0.23840067293681932,8.017575842716477,1.0407044512945904,29.89842066665536,15.405036822291029,0.14054195318004545,0.011908307615814826,36.62814627097227,5.42374454108479,0.4163396467100869,2.0663801802861124,-36.62814627097227,0,0.49465278092480547,True,True
coarse,22,0.1,1.2,3.182605547964956,-3.182605547964956,0.0571950805927838,4.7330782481651,0.6965369034136313,29.89814795749197,15.406236857952619,0.14054195318004545,0.011908307615814826,32.867839608887664,5.4679860526512805,0.21476959095450643,1.30900101739,-32.867839608887664,0,0.22425268823235603,True,True
coarse,22,0.1,1.6,1.525218189915908,-1.525218189915908,0.06270072948966746,2.989171372274309,0.5411519856790276,29.897689937772135,15.406747336237498,0.14054195318004545,0.011908307615814826,31.430627086559344,5.305613352767487,0.11498890518660194,1.0273084333539058,-31.430627086559344,0,0.12568820601100517,True,True
coarse,22,0.1,2.4,0.7301098836799771,-0.7301098836799771,0.017352258673319694,1.52773833591563,0.4204606123280358,29.896585785208767,15.406797140671594,0.14054195318004545,0.011908307615814826,30.76985153163206,5.148793596161784,0.08268218841492615,0.8358355563505888,-30.76985153163206,0,0.06044498309489425,True,True
coarse,22,0.1,3.2,0.23938450885180326,-0.23938450885180326,0.05849577646222218,0.9459973552264097,0.39887110950505517,29.895558339838036,15.406548021878322,0.14054195318004545,0.011908307615814826,30.197941528131643,5.167294737119009,0.07122052787316471,0.8158587514601144,-30.197941528131643,0,0.04099398264099741,True,True
coarse,22,0.2,0.0,56.66016368059727,-56.66016368059727,2.740302853628111,51.24086372145511,4.676655749130897,58.36411771704649,15.403662717236145,0.14054195318004545,0.011908307615814826,85.81791061779236,8.187690394173842,1.688590699870756,15.392217798976947,-85.81791061779236,0,4.0215070387289344,True,True
coarse,22,0.2,0.025,51.76898370985741,-51.76898370985741,2.4563894231763017,48.2599667180268,4.248120252744501,54.606226969011516,15.403635162470493,0.14054195318004545,0.011908307615814826,80.80848248097706,7.714672231361251,1.4051649207632977,13.213703959529202,-80.80848248097706,0,3.6741266602238443,True,True
coarse,22,0.2,0.05,47.666169898657145,-47.666169898657145,2.244290187500082,45.581192212739595,3.8952155004499907,51.48804603028668,15.403620741681046,0.14054195318004545,0.011908307615814826,76.66395911851599,7.288653377076078,1.1596143638805074,11.37688760054753,-76.66395911851599,0,3.3878716223462306,True,True
coarse,22,0.2,0.1,41.18988999798002,-41.18988999798002,1.955590478736602,40.96212552615627,3.3592311712459493,46.40155413352505,15.40362702439147,0.14054195318004545,0.011908307615814826,70.21450842285873,6.593439730613654,0.8270284764832644,8.776631448930257,-70.21450842285873,0,2.9446325638574264,True,True
coarse,22,0.2,0.2,32.48088917021734,-32.48088917021734,1.6071612986214692,33.87199655853842,2.688089103576676,38.76195214245167,15.403753553691482,0.14054195318004545,0.011908307615814826,61.65751926481089,5.735077228541696,0.7017622884566814,6.57827830898127,-61.65751926481089,0,2.352024445722301,True,True
coarse,22,0.2,0.4,22.277029629175473,-22.277029629175473,1.1309029609074193,24.628017967222398,1.9707341499265603,29.92533621400681,15.40429371727686,0.14054195318004545,0.011908307615814826,51.505169329181626,5.190512854564068,0.7678237816113385,5.17786775912539,-51.505169329181626,0,1.634012243143308,True,True
coarse,22,0.2,0.8,10.341718263779518,-10.341718263779518,0.5041703492970823,14.46353468052708,1.2414226711946377,29.926390359788215,15.405683269213839,0.14054195318004545,0.011908307615814826,39.224003993363176,5.429972962464199,0.581179378412475,3.1027042031090275,-39.224003993363176,0,0.7839426403541524,True,True
coarse,22,0.2,1.2,4.277265937274917,-4.277265937274917,0.18637130117712625,9.046890067086744,0.848481767876204,29.92611695033175,15.406773088779913,0.14054195318004545,0.011908307615814826,33.431868352505,5.610198434883975,0.36415600002529064,1.8992037617933808,-33.431868352505,0,0.3497109538915314,True,True
coarse,22,0.2,1.6,2.1139789545580356,-2.1139789545580356,0.10736480474266145,6.075542780447402,0.6301912448713105,29.92519514113049,15.407391154380015,0.14054195318004545,0.011908307615814826,31.772512565927162,5.472597923378923,0.19708768753373723,1.2984831830314196,-31.772512565927162,0,0.19346691464721885,True,True
coarse,22,0.2,2.4,1.590736160437319,-1.590736160437319,0.07836317466871173,3.3889671996724475,0.4427405101259648,29.922828689027963,15.407698935716116,0.14054195318004545,0.011908307615814826,31.572169445852015,5.195064854157878,0.07976679720919166,0.8721795789079237,-31.572169445852015,0,0.1346033170805294,True,True
coarse,22,0.2,3.2,1.152317598934892,-1.152317598934892,0.02524001135792738,2.1658950786886395,0.378424756782631,29.92068237035555,15.407585700491538,0.14054195318004545,0.011908307615814826,31.012519430455225,5.208551608751827,0.0709006606215225,0.7878736872981876,-31.012519430455225,0,0.08815841950050482,True,True
coarse,22,0.4,0.0,33.57825942191831,-33.57825942191831,1.7482676562500674,47.925088626106685,3.4392586596256556,58.74275958016806,15.407799876525994,0.14054195318004545,0.011908307615814826,59.84955978119312,6.258498838651027,1.0300790514787492,8.993401887485948,-59.84955978119312,0,2.5715526606313093,True,True
coarse,22,0.4,0.025,32.740699621640125,-32.740699621640125,1.689041442140217,46.173600632777806,3.2793048823271285,56.73404681058027,15.407595899973147,0.14054195318004545,0.011908307615814826,59.50688141234362,6.103760224489865,0.9128567762907555,8.339414215449224,-59.50688141234362,0,2.497658760000129,True,True
coarse,22,0.4,0.05,31.79149196906949,-31.79149196906949,1.6383273897276525,44.53836457185025,3.1370422008343883,54.93774914303922,15.407412246042027,0.14054195318004545,0.011908307615814826,58.919075994242405,5.943505674739787,0.8131739179591179,7.782825600714934,-58.919075994242405,0,2.4215683434748976,True,True
coarse,22,0.4,0.1,29.835516105409596,-29.835516105409596,1.552297611661176,41.59155828870147,2.895535325607268,51.807614846721336,15.407101053167077,0.14054195318004545,0.011908307615814826,57.44834578824259,5.636026458865299,0.6837097134758442,6.994007218095385,-57.44834578824259,0,2.273759195977359,True,True
coarse,22,0.4,0.2,26.280003706971335,-26.280003706971335,1.4004987399706992,36.75425889787289,2.5308325848103754,46.73261905465133,15.40667230321807,0.14054195318004545,0.011908307615814826,54.39019354717663,5.171746394258571,0.6630339782806776,6.364037904276013,-54.39019354717663,0,2.0117638347648614,True,True
coarse,22,0.4,0.4,20.16641798016365,-20.16641798016365,1.1014438746802306,29.64733179995485,2.040777036182297,39.13608632831365,15.406384164916975,0.14054195318004545,0.011908307615814826,48.418298622121526,4.867943822533509,0.7654717955114917,5.834673644179693,-48.418298622121526,0,1.5640889960141757,True,True
coarse,22,0.4,0.8,7.8200413826313575,-7.8200413826313575,0.6027666766386051,19.497871473108233,1.4300653162122667,29.965535207673895,15.40695812975411,0.14054195318004545,0.011908307615814826,35.99034073774049,5.292583503811947,0.7033344681708135,4.385299851463666,-35.494686527771776,0,0.727543080897387,True,True
coarse,22,0.4,1.2,0.773253560192013,0.121257791911984,0.27146143616964447,12.59007979915576,1.0375474453763265,29.96748895499531,15.407891072358376,0.14054195318004545,0.011908307615814826,29.435554756719213,5.678612832417125,0.5664407056723655,3.2929570302830884,-28.331406081223392,0,0.22839875834197523,True,True
coarse,22,0.4,1.6,1.7266059477590794,1.7266059477590794,0.06773038682257701,8.940338101566258,0.770690777286915,29.967112884512854,15.408629489307865,0.14054195318004545,0.011908307615814826,27.94960106912938,5.615282697590341,0.40709815241919634,2.4226599166221776,-27.94960106912938,0,0.19035869816362613,True,True
coarse,22,0.4,2.4,0.6252663909186607,-0.6252663909186607,0.07824997043994293,5.12613371745576,0.5222795859331674,29.963798026247062,15.409300096646373,0.14054195318004545,0.011908307615814826,30.885283164573814,5.134471130568363,0.17729372905826143,1.3327056072693098,-30.885283164573814,0,0.10207757329702341,True,True
coarse,22,0.4,3.2,1.0133712821824319,-1.0133712821824319,0.06385910247935589,3.8123517771930127,0.4465752790861828,29.960134059487327,15.40940243591002,0.14054195318004545,0.011908307615814826,30.754280040780944,5.178409466230207,0.09174020320122031,0.8861357218271262,-30.754280040780944,0,0.10569991955665042,True,True
coarse,22,0.8,0.0,12.72682892851085,-12.72682892851085,1.2341045966053197,32.186609657415275,2.4495811483659886,59.221401408938966,15.411058035101604,0.14054195318004545,0.011908307615814826,42.75272750884739,4.799828536755333,0.6508447427214458,5.6797580839806425,-42.75272750884739,0,1.253115178479614,True,True
coarse,22,0.8,0.025,13.25488159119104,-13.25488159119104,1.176232446544469,32.01326462766584,2.3868368900121646,58.17354336945436,15.410854934424576,0.14054195318004545,0.011908307615814826,43.21758454091844,4.72866566966827,0.5997532519357384,5.399276949836201,-43.21758454091844,0,1.2625799992041944,True,True
coarse,22,0.8,0.05,13.62232857588651,-13.62232857588651,1.1222998535185753,31.770129558987115,2.3281194790732904,57.17415547905803,15.410666424808031,0.14054195318004545,0.011908307615814826,43.52652535207689,4.660588724794472,0.557309222569103,5.16941096015797,-43.52652535207689,0,1.264483639790909,True,True
coarse,22,0.8,0.1,13.982256041961765,-13.982256041961765,1.0246718693140784,31.137270239012047,2.221125466596844,55.367322433284684,15.410330735898894,0.14054195318004545,0.011908307615814826,43.77927412193904,4.541753067814763,0.5012531416127103,4.8544149922972775,-43.77927412193904,0,1.251050921199369,True,True
coarse,22,0.8,0.2,13.715842162577214,-13.715842162577214,0.8604347391548336,29.566410183046322,2.039140614363552,52.25459759505391,15.409808498214606,0.14054195318004545,0.011908307615814826,43.31329098498437,4.403952586973672,0.48514249707155976,4.627685358381028,-43.31329098498437,0,1.180606835527327,True,True
coarse,22,0.8,0.4,10.993902191283102,-10.993902191283102,0.6135849855939772,26.086695038119444,1.7549126498130616,47.25039731074741,15.409244552800535,0.14054195318004545,0.011908307615814826,43.01113233287244,4.503427652103029,0.5526975976190226,4.5413897584807295,-40.13704726737994,0,0.9491555245779106,True,True
coarse,22,0.8,0.8,1.1948507948298697,-1.184376138273112,0.33586678538179265,18.738735840487713,1.3570362800501872,39.8290399519698,15.409307882680107,0.14054195318004545,0.011908307615814826,42.68026662711771,5.233141019322163,0.6039884265785264,4.268217945945098,-29.709704957251425,0,0.3220391635166626,True,True
coarse,22,0.8,1.2,5.845935755214504,5.845935755214504,0.26841987669414713,14.647594965237886,1.095033992494395,34.392337546293895,15.410028615462895,0.14054195318004545,0.011908307615814826,37.58912390354088,5.7689690924979145,0.6136698682254257,4.17484924997139,-23.750923899960174,0,0.4993577606069044,True,True
coarse,22,0.8,1.6,5.657878902478362,5.657878902478362,0.2684495778305561,12.350542243785766,0.9122788912619366,30.127381788119795,15.410808260414532,0.14054195318004545,0.011908307615814826,30.626819978985424,5.750061438644651,0.5715013605824448,3.844950586562444,-25.56032530682678,0,0.4678340427775159,True,True
coarse,22,0.8,2.4,1.4204528899236222,-1.4204528899236222,0.15734029202337982,8.067059164866876,0.6639601236421205,30.01306603221196,15.411822238793382,0.14054195318004545,0.011908307615814826,32.68577907829053,4.9315599909843515,0.41701022812821276,2.621595206559447,-32.68577907829053,0,0.18843223217072258,True,True
coarse,22,0.8,3.2,1.486765654585309,-1.486765654585309,0.07348598639784056,5.624821812783548,0.5322587341136403,30.00817905744906,15.412181993439217,0.14054195318004545,0.011908307615814826,30.569131098586748,5.128715589570791,0.21714968083403763,1.3838007356973834,-30.569131098586748,0,0.1482803325743669,True,True
coarse,22,1.2,0.0,12.938463880313495,-12.938463880313495,1.3331532663873338,25.49494391671346,2.099058724741358,59.62159045139408,15.412792590974881,0.14054195318004545,0.011908307615814826,43.81956645001028,4.070264826733689,0.5185934720258795,5.042958923231504,-42.99502363883503,0,1.2269677217606327,True,True
coarse,22,1.2,0.025,13.128091855606556,-13.128091855606556,1.2485541384471972,25.514381132875375,2.0469622046469063,58.91752653669252,15.41264552202462,0.14054195318004545,0.011908307615814826,43.75965492504768,4.037536166651124,0.485640951546943,4.803589150218499,-43.16539510079195,0,1.2146100650132603,True,True
coarse,22,1.2,0.05,13.237044399077075,-13.237044399077075,1.1684508734972776,25.484625182931577,1.9973266410830306,58.22369935783782,15.412507153961194,0.14054195318004545,0.011908307615814826,43.727716906284016,4.012243717880604,0.4574468901406793,4.5944280285719685,-43.25120521650439,0,1.1989728710794498,True,True
coarse,22,1.2,0.1,13.250398529204883,-13.250398529204883,1.0214252104426627,25.303751464962023,1.904969322019479,56.935541854067125,15.412255621529722,0.14054195318004545,0.011908307615814826,43.73920542998317,3.986075981582017,0.4159302865314583,4.261660551968514,-43.20870654696825,0,1.1598677743184607,True,True
coarse,22,1.2,0.2,12.662010687198125,-12.662010687198125,0.77607792195027,24.597928507457546,1.7443963616001192,54.64834868118268,15.411846962612689,0.14054195318004545,0.011908307615814826,43.97641237019126,4.031360874488831,0.38412896536195196,3.862486702431414,-42.48069996030326,0,1.0606059609324978,True,True
coarse,22,1.2,0.4,9.918302498380068,-9.918302498380068,0.44449331775846934,22.443134661389543,1.496211128692916,50.88538352441823,15.41135570949045,0.14054195318004545,0.011908307615814826,44.837281076281144,4.390852260680219,0.4039607813523748,3.532672788198526,-39.39720377399317,0,0.8185124707965551,True,True
coarse,22,1.2,0.8,1.5381067343015253,-1.5381067343015253,0.22070725595022553,16.848403753182698,1.1855516260132852,45.212118582583244,15.411291098834457,0.14054195318004545,0.011908307615814826,44.59166316854615,5.295741168082056,0.45673719930931866,3.4133772894255068,-30.68675440683579,0,0.29185727390747673,True,True
coarse,22,1.2,1.2,4.317209646652794,4.317209646652794,0.28924752427445893,13.66545252069336,1.0209787699696655,40.99634276463977,15.411852892189543,0.14054195318004545,0.011908307615814826,40.66068365209593,5.842436008553417,0.4999288391270353,3.657722739077852,-25.81184065726256,0,0.4187337940470597,True,True
coarse,22,1.2,1.6,3.707053912634572,3.707053912634572,0.3657405832378699,12.319153630496572,0.9222268047483759,37.802413526330994,15.412566381469073,0.14054195318004545,0.011908307615814826,34.93046097234375,5.783730120053876,0.5134568614196655,3.742998376427191,-27.954949429014345,0,0.3945165204657325,True,True
coarse,22,1.2,2.4,4.254623424487104,-4.254623424487104,0.2686593116066851,9.566651813338622,0.779046300687136,38.424114603026844,15.413651131515033,0.14054195318004545,0.011908307615814826,35.03472591979036,4.818014943598828,0.4884471231130643,3.142692988175083,-35.03472591979036,0,0.3723476122876251,True,True
coarse,22,1.2,3.2,1.5200049423429816,-1.3138346612252894,0.13725647744394004,7.3545414301014915,0.6707962767138451,40.468073521058535,15.41411349937054,0.14054195318004545,0.011908307615814826,33.85274354497034,5.199027757133262,0.32970081785563865,2.0109598760149074,-28.81611469830928,0,0.18256293520469627,True,True
coarse,22,1.6,0.0,12.415068795460673,-12.415068795460673,1.482840087570387,22.099460910777054,1.9642392302703002,60.01560680523194,15.4141879247988,0.14054195318004545,0.011908307615814826,45.76713732542914,4.190936561369434,0.44126918021948364,4.776707918874506,-42.23540349454649,0,1.2077210481814245,True,False
coarse,22,1.6,0.025,12.512098083763012,-12.512098083763012,1.388346896828948,22.14657300950966,1.9125960271899067,59.471669281249696,15.414077592555294,0.14054195318004545,0.011908307615814826,45.77869447170473,4.057912738339301,0.41754946620046784,4.561430671564727,-42.315799318086086,0,1.1884979725463654,True,True
coarse,22,1.6,0.05,12.551827050753161,-12.551827050753161,1.298535919514954,22.158110178336717,1.8630468102891355,58.933324012458705,15.413972890288505,0.14054195318004545,0.011908307615814826,45.80302759919063,3.9297305176132933,0.3968637003355907,4.366927194404551,-42.33649997340035,0,1.1673181919137963,True,True
coarse,22,1.6,0.1,12.480338453207583,-12.480338453207583,1.1329186973960426,22.088301216989127,1.7700698427338692,57.87357179057375,15.413780055954415,0.14054195318004545,0.011908307615814826,45.88455616137693,3.6882401011523824,0.36457676974356784,4.036343358430475,-42.22088183466888,0,1.1202384836662251,True,True
coarse,22,1.6,0.2,11.85734022154004,-11.85734022154004,0.8554136948727018,21.658296493687516,1.6069609047944122,56.08337489281649,15.413458104691506,0.14054195318004545,0.011908307615814826,46.131492019215166,3.7755771915559113,0.3313016551774108,3.5665928470347295,-41.49224837025222,0,1.013463770033332,True,True
coarse,22,1.6,0.4,9.347894326987346,-9.347894326987346,0.48639296699240236,20.066386653297485,1.3574132641214174,53.02679479655414,15.413045052538282,0.14054195318004545,0.011908307615814826,46.5979460279433,4.329369556907517,0.3270219906404902,3.0646988399892345,-38.74831497025925,0,0.7783928021710486,True,True
coarse,22,1.6,0.8,2.3030041401389454,-2.3030041401389454,0.27336092169012033,15.519861832056964,1.0744166713907901,48.55343949845909,15.412926071304764,0.14054195318004545,0.011908307615814826,46.25863098994887,5.328267550211856,0.35769543459111885,2.8112391160225028,-31.572740291283946,0,0.3303784473271872,True,True
coarse,22,1.6,1.2,2.5090125128197838,2.5090125128197838,0.3308957513172569,12.177314219549594,0.9510746581122334,45.22764932601162,15.413355324293953,0.14054195318004545,0.011908307615814826,43.19156157295302,5.839590794092505,0.38701852605035514,2.9869450519213556,-27.609184787634195,0,0.3251926175566192,True,True
coarse,22,1.6,1.6,1.9057876337873914,1.9057876337873914,0.3882547198853632,11.11309288260102,0.8856949502164984,45.38412177277767,15.413967407113544,0.14054195318004545,0.011908307615814826,38.892357998843785,5.733113738064974,0.40241739102845847,3.115621089505555,-29.466052706665707,0,0.29943430872513876,True,True
coarse,22,1.6,2.4,4.8234497600283905,-4.8234497600283905,0.27037332054910657,9.702815485451982,0.8263586635720672,46.886849628112664,15.414992154264178,0.14054195318004545,0.011908307615814826,38.45956874760022,4.802875677401896,0.43331402194406354,2.876609366193225,-34.372564798556134,0,0.4031252063928233,True,True
coarse,22,1.6,3.2,1.6289789826008367,0.8621831625650239,0.20029635516428593,8.117679744020112,0.7666641128223677,48.298652626814686,15.415467081298237,0.14054195318004545,0.011908307615814826,39.70301736106504,5.302257252080727,0.361977924673827,2.3378468183071215,-26.304964336937633,0,0.2116975605072673,True,True
coarse,22,2.4,0.0,10.61350531030573,-10.61350531030573,1.6139239755331793,18.240625620515523,1.8808594701058272,60.73308817053314,15.41643747326428,0.14054195318004545,0.011908307615814826,49.21621296646465,4.7455644682448535,0.34692090557944266,4.414317772956808,-40.25379632544151,0,1.1168944707804234,True,False
coarse,22,2.4,0.025,10.60689508611809,-10.60689508611809,1.5215546108608007,18.273737381544997,1.8293431793388089,60.34676018754733,15.41636307605032,0.14054195318004545,0.011908307615814826,49.191840879667716,4.6207216605185515,0.3315570317749182,4.224131843675272,-40.23216742238927,0,1.0929057802878819,True,False
coarse,22,2.4,0.05,10.567953683904314,-10.567953683904314,1.433658176202796,18.285469786483354,1.779688649505721,59.9628253626128,15.41629173941296,0.14054195318004545,0.011908307615814826,49.20436365838167,4.499470525210369,0.3177542384812088,4.047042134240044,-40.177421821774416,0,1.0682710230271604,True,True
coarse,22,2.4,0.1,10.402125795178556,-10.402125795178556,1.2711806027649182,18.25046361840839,1.6859243124893528,59.20237192555182,15.416158197269988,0.14054195318004545,0.011908307615814826,49.31912974939773,4.267910948954157,0.29469929769696296,3.7301828785617026,-39.97815870294048,0,1.0175364201540402,True,True
coarse,22,2.4,0.2,9.777406946169751,-9.777406946169751,0.9974837167376951,17.982744075682195,1.519861165172683,57.75605998708916,15.415927054521857,0.14054195318004545,0.011908307615814826,49.53651022131156,3.848318369268386,0.264645487517012,3.2280250646233695,-39.28302918498219,0,0.9129318098878558,True,True
coarse,22,2.4,0.4,7.736684715631954,-7.736684715631954,0.6299476347539352,16.8850649064758,1.2647522470664232,55.64655886049098,15.415601046209593,0.14054195318004545,0.011908307615814826,49.79850124733517,4.392593057485386,0.2447415358967834,2.605857504916319,-37.11718042093761,0,0.7056959050806875,True,True
coarse,22,2.4,0.8,2.6494493409237867,-2.6494493409237867,0.3858742620395982,13.570916063383658,0.9863160660581022,55.08390175449485,15.415405042920554,0.14054195318004545,0.011908307615814826,49.14545783336635,5.37664729733514,0.24910370239244717,2.181857354357597,-32.06586927388679,0,0.3581482753401374,True,True
coarse,22,2.4,1.2,0.7146633716436197,0.7146633716436197,0.3854860860992082,10.362857015230224,0.8887818799401102,55.51327094403037,15.41561626636862,0.14054195318004545,0.011908307615814826,46.96048049078578,5.769422529093009,0.24736687101597804,2.1420898309946304,-29.288881430322473,0,0.23298441163815173,True,True
coarse,22,2.4,1.6,0.5642172775387452,0.5642172775387452,0.37983174584252677,8.955775347822403,0.8629949169936634,55.931390048407955,15.416010815549885,0.14054195318004545,0.011908307615814826,44.65525564596723,5.609296074020235,0.2376080129291099,2.087290778317303,-30.110981273483986,0,0.21190148570330572,True,True
coarse,22,2.4,2.4,2.371177133107198,-2.371177133107198,0.1524995226604948,8.16152710776404,0.8337212639925273,56.73637218422915,15.416772146853086,0.14054195318004545,0.011908307615814826,47.727679000392214,4.942566997437535,0.2542751229947109,1.769215973189312,-31.146761495981906,0,0.2383193596889834,True,True
coarse,22,2.4,3.2,2.994483709939907,2.994483709939907,0.24914326542345755,7.683370850953031,0.9138390502276506,57.50269359688304,15.417151288792713,0.14054195318004545,0.011908307615814826,48.21333242923722,5.446898270862673,0.27780872067756057,2.0769897269463495,-26.208461626249253,0,0.2909701029021031,True,True
coarse,22,3.2,0.0,8.713964255354227,-8.713964255354227,1.5504091212691438,15.797069716025021,1.8491893191226971,61.41504210311831,15.4181453701971,0.14054195318004545,0.011908307615814826,52.19626921593345,5.128704660411102,0.2871522371054262,3.999126181704825,-38.21858363666109,0,0.98515825246891,True,False
coarse,22,3.2,0.025,8.671013607453007,-8.671013607453007,1.4686977977149014,15.809492309295155,1.8004631418046486,61.10951754832839,15.418086369026001,0.14054195318004545,0.011908307615814826,52.14339414292349,5.015838032431907,0.27515462217931336,3.829593212070018,-38.16912194963204,0,0.961890231427931,True,False
coarse,22,3.2,0.05,8.607832014610128,-8.607832014610128,1.390791606215236,15.80762641824299,1.7534337533237028,60.81023898365565,15.418029366658764,0.14054195318004545,0.011908307615814826,52.08855744039315,4.905530823368814,0.264135748146724,3.6696428921801556,-38.09914771837829,0,0.938470600758623,True,False
coarse,22,3.2,0.1,8.425689609090927,-8.425689609090927,1.2462436111062174,15.764055740789843,1.6644319819479456,60.59516505167104,15.417921349725813,0.14054195318004545,0.011908307615814826,52.149199122339155,4.692733402992831,0.24495608533966787,3.3774832866853863,-37.902837166196846,0,0.8914091154165708,True,False
coarse,22,3.2,0.2,7.872055752303957,-7.872055752303957,1.000420566674794,15.537770808035564,1.5061368484553928,60.66398181245647,15.417729072295513,0.14054195318004545,0.011908307615814826,52.541163193819756,4.29866723909315,0.21703477958415446,2.89530249278407,-37.32072443890665,0,0.79779943190732,True,False
coarse,22,3.2,0.4,6.252115911064551,-6.252115911064551,0.66200475140538,14.669036019432493,1.2617593786046974,60.80054807905878,15.417436240240152,0.14054195318004545,0.011908307615814826,53.14514450621383,4.562763265476133,0.19131077041094788,2.2613832864399206,-35.662754983584506,0,0.620965933543711,True,False
coarse,22,3.2,0.8,2.4946915425383933,-2.4946915425383933,0.41583242667416487,12.075489918759544,0.9972321884230866,61.06935536146767,15.4171709152996,0.14054195318004545,0.011908307615814826,53.445777229676274,5.399669965935451,0.18259855572449754,1.7879729822028274,-32.03033745152517,0,0.3456164100534748,True,False
coarse,22,3.2,1.2,0.04666243654316436,-0.04666243654316436,0.39433070266198456,9.352865355276041,0.9063947059275289,61.332452252531084,15.417215051038683,0.14054195318004545,0.011908307615814826,52.883868558520696,5.6762247889143005,0.1694069379107122,1.6771413512794475,-30.00165381584761,0,0.19366671313184244,True,False
coarse,22,3.2,1.6,0.19125697411903575,0.1653157339127942,0.3560373015847652,7.7393064480129805,0.8810524587022975,61.59005067640058,15.417423215521065,0.14054195318004545,0.011908307615814826,52.43412497125331,5.516776251934986,0.151238986778357,1.5425032240748997,-30.137318435365835,0,0.17746267650719075,True,False
coarse,22,3.2,2.4,0.7529906774288306,-0.7529906774288306,0.08057361101732138,6.512927699488086,0.9065021618429914,62.089751757118336,15.417902783015688,0.14054195318004545,0.011908307615814826,54.231613252697144,5.118339936413749,0.14186287967006078,1.0831761487287104,-30.002331973601322,0,0.1268794609490058,True,False
coarse,22,3.2,3.2,1.6442051429900755,1.6442051429900755,0.34693370220671715,7.2129806957553395,1.5945509993963358,73.51684208356805,15.418146867078564,0.14054195318004728,0.011908307615836947,54.46567815046402,5.513947690096536,0.15555658565630842,1.539871324747955,-28.117800971928645,0,0.25510661005790786,True,False
coarse,33,0.0,0.0,30.457631330234356,30.457631330234356,15.278209388314732,30.457631330234356,15.278209388314732,30.457631330234364,15.278209388314732,0.45763133023436753,0.02351769289989731,0.45763133023436753,0.02351769289989731,13.027595762840596,53.90800195406467,0.45763133023436753,0,5.84589145226253,True,True
coarse,33,0.0,0.025,23.62355176744058,23.62355176744058,9.189595453567112,26.649031528165676,11.789854127705896,30.458794901279465,15.279147403882423,0.4587390103729889,0.023559383397289364,6.787303431297732,1.6892748216444682,7.8162399331938275,30.867239938382248,-6.787303431297732,0,3.893296389787833,True,True
coarse,33,0.0,0.05,18.679110143115373,18.679110143115373,5.39345453921554,23.55164098962576,9.25769454441166,30.459890161630813,15.28000892609632,0.4597849725417345,0.02359008535613295,11.876030922195607,2.742378382583602,4.514665441470043,16.48945396820137,-11.876030922195607,0,2.629852335572738,True,True
coarse,33,0.0,0.1,13.114196495187723,13.114196495187723,1.6136320126810872,19.217642218178337,6.009625918407514,30.461891038261385,15.281520424142588,0.46170482061874,0.02362007471547803,17.36007820022274,3.807128200892739,1.2203111725450073,4.061902824844741,-17.36007820022274,0,1.3174613483492408,True,True
coarse,33,0.0,0.2,9.02015600922338,9.02015600922338,0.5316658403901882,14.686535948800952,3.2912015338952223,30.465230159865214,15.283809781741159,0.46493880567568957,0.02362612244660024,21.30336287377711,4.424508031309495,0.9769332519204875,6.544589647522157,-21.30336287377711,0,0.7600898629734825,True,True
coarse,33,0.0,0.4,5.377333913855301,5.377333913855301,0.4482682053055503,10.60715501614414,1.9448610142973124,30.46988431861057,15.286188454762215,0.46952948391434096,0.02363670376495458,24.995620670389187,4.814780731483708,0.78199164401513,4.95050715692552,-24.995620670389187,0,0.5011054802304405,True,True
coarse,33,0.0,0.8,2.102110856889848,2.102110856889848,0.39273211792190227,6.772271401904613,1.2265552232169707,30.474451484748673,15.286070495021075,0.4741891607008107,0.023661776113548267,28.054287605479377,5.216224392444087,0.43278190943976574,2.81227113961729,-28.054287605479377,0,0.27976591935418893,True,True
coarse,33,0.0,1.2,1.6655080154442927,1.6655080154442927,0.33769857852338764,5.024419798135952,0.9672456005111837,30.476183328904977,15.28349991194968,0.4760296711032847,0.0236890308731134,28.259956202529914,5.310805779064297,0.335627068137947,1.9968076370564436,-28.259956202529914,0,0.22537487706254716,True,True
coarse,33,0.0,1.6,2.010049979747214,2.010049979747214,0.26166062351958175,4.204438845845975,0.8195011278366879,30.476909507286038,15.280551794242985,0.4768164930972928,0.023712291471637625,27.87741779552499,5.270834227676203,0.2859104731557752,1.558063213265776,-27.87741779552499,0,0.21434518655382698,True,True
coarse,33,0.0,2.4,2.283272518890546,2.283272518890546,0.16900835928771754,3.5121013653806075,0.6505526949558569,30.47747882590143,15.275684887657196,0.4774363051930337,0.023785806978767993,27.74943092570544,5.1110780561145,0.206046202900509,1.0973514346981557,-27.74943092570544,0,0.19631317314063915,True,True
coarse,33,0.0,3.2,2.0088737277729383,2.0088737277729383,0.17396486389659208,3.1340412137134828,0.5806819489573403,30.477622152264793,15.272487337651084,0.47762624906750106,0.023886969171050258,28.07527033748001,5.022154246567103,0.1387010280055099,0.8917986698553863,-28.07527033748001,0,0.17954017961689978,True,True
coarse,33,0.025,0.0,38.392869115297444,-38.392869115297444,8.777567760432527,22.41251878394504,11.379695169961778,39.82543232966791,15.27788155162176,0.45763133023436753,0.02374958202578808,70.11844876678175,6.414237543415415,7.7283822000330415,42.209444664912596,-70.11844876678175,0,4.4867491172745355,True,True
coarse,33,0.025,0.025,32.17429507367499,-32.17429507367499,5.296438361637909,19.87407800440696,9.001470107307533,33.14407049031882,15.278822039738177,0.45763133023436753,0.023807704266042173,63.33769152666956,6.3468764461571086,4.88619623289315,27.365018966064035,-63.33769152666956,0,3.245524505687264,True,True
coarse,33,0.025,0.05,26.50389986838552,-26.50389986838552,3.0532438376875524,17.44688484581973,7.212901232077966,30.44818918046551,15.27969064156621,0.45763133023436753,0.023855045553748854,57.229049971943454,6.186809949413466,2.9804994506498526,17.219612934854954,-57.229049971943454,0,2.3517545231589096,True,True
coarse,33,0.025,0.1,17.571054762984623,-17.571054762984623,0.8583079089377866,13.296197621502667,4.838250554438709,30.449140409357156,15.281228316400119,0.45763133023436753,0.02391898097126173,47.79038189308053,5.823883503238287,0.8677764348680007,6.054514000812223,-47.79038189308053,0,1.282987743838009,True,True
coarse,33,0.025,0.2,7.8021690462571325,-7.8021690462571325,0.7440004530621469,7.906720390859311,2.8716666847611,30.450682997685377,15.283607132158883,0.45763133023436753,0.023935449969649945,37.83371964670709,5.326519105432359,0.5949820837247947,3.6599719914755995,-37.83371964670709,0,0.6889205604166179,True,True
coarse,33,0.025,0.4,2.128298994173471,-2.128298994173471,0.5067077473751616,3.7623546857708705,1.8320016462094042,30.45270485331809,15.286246117397562,0.45875127893590684,0.023756700792750666,32.261011196766894,5.113010626493824,0.6740914016915739,3.8435266458221014,-32.261011196766894,0,0.2943795096889435,True,True
coarse,33,0.025,0.8,0.5014287984833254,-0.5014287984833254,0.2301894419631906,3.193717261223619,1.131759942724366,30.45444585675499,15.286669726044105,0.4620716611731797,0.02370792417334436,30.53724240949182,5.2863351394233264,0.4066340754432932,2.441219056550265,-30.53724240949182,0,0.1277259204468007,True,True
coarse,33,0.025,1.2,0.23436624334869993,0.23436624334869993,0.2226826571547032,2.80189563882536,0.878231967961377,30.455023216867783,15.284457686299326,0.4645090564381655,0.023714556513409302,29.665531785056764,5.37439909800051,0.30354117481451115,1.8266516410320215,-29.665531785056764,0,0.10508830233457993,True,True
coarse,33,0.025,1.6,0.9389478306138338,0.9389478306138338,0.20005578362519866,2.674193166948624,0.7497332993988064,30.455322514806344,15.281678368815102,0.4663188483353714,0.023738930020667785,28.95349540389927,5.344427329572405,0.259682387987562,1.5041088380293695,-28.95349540389927,0,0.1314968246027202,True,True
coarse,33,0.025,2.4,1.490980178087292,1.490980178087292,0.12730474857517815,2.564777427107772,0.6058324384717453,30.455812707121673,15.276847946137604,0.4687770627409018,0.023795264027450223,28.555214778773273,5.173496342531302,0.19620565889206568,1.1061289403586063,-28.555214778773273,0,0.13764756412490275,True,True
coarse,33,0.025,3.2,1.3430741917103883,1.3430741917103883,0.11945072484827164,2.4336928945379457,0.542970330296131,30.45616296906706,15.273587184251378,0.4704141171893159,0.02389590437965606,28.75871259526597,5.0643780451884535,0.13567483614285417,0.8749309397059234,-28.75871259526597,0,0.1261692291392619,True,True
coarse,33,0.05,0.0,52.16882657463945,-52.16882657463945,6.316903943012509,35.43155542175471,9.213993345151081,52.96041206549313,15.277641127048614,0.45763133023436753,0.024023364642451247,83.12000943425485,9.44860890533921,5.046649867378507,35.83513986055135,-83.12000943425485,0,4.633485723149251,True,True
coarse,33,0.05,0.025,45.75348554879805,-45.75348554879805,4.25725144340204,32.21113337844495,7.529679257703217,46.22278535911181,15.278580420375446,0.45763133023436753,0.024096762077674517,76.31278637087098,8.742763440209526,3.4812795821084785,25.88073206551463,-76.31278637087098,0,3.7434472245765256,True,True
coarse,33,0.05,0.05,39.95426745301644,-39.95426745301644,2.922671192792642,29.174164550320107,6.234419618578937,40.19272642475346,15.279452278674338,0.45763133023436753,0.024159594178184137,70.23435932902778,8.09545420660256,2.3537008568842883,18.46155075637065,-70.23435932902778,0,3.0733688103790837,True,True
coarse,33,0.05,0.1,30.360125732315147,-30.360125732315147,1.68810393040342,23.809450429392694,4.4984371435382355,30.437380978384514,15.281008140385083,0.45763133023436753,0.02425518064430992,60.336904735807074,7.08697131476062,0.9647193961809772,9.170999555084617,-60.336904735807074,0,2.211948231022634,True,True
coarse,33,0.05,0.2,18.11545266981002,-18.11545266981002,1.2407512184851825,16.01012454336149,2.9213128950798835,30.43717550925269,15.283459782483563,0.45763133023436753,0.024337441043674413,48.00079875484425,5.988606292045621,0.4284162301311499,3.6120233871763263,-48.00079875484425,0,1.3971120134744477,True,True
coarse,33,0.05,0.4,8.135367086215476,-8.135367086215476,0.7665717868198437,8.181553394409969,1.8773614005730628,30.436577384556813,15.286327241395487,0.45763133023436753,0.024152903133515802,38.0965142091691,5.357339868395928,0.6156495398233583,3.4254237691920535,-38.0965142091691,0,0.6972667525144627,True,True
coarse,33,0.05,0.8,2.7895369202844944,-2.7895369202844944,0.24011433372308683,3.3382763361919183,1.136860928228022,30.435362332394366,15.287248346437913,0.45895250084394823,0.023779342331118343,32.6875353408635,5.3344708913405885,0.4121075284334704,2.2888045001547845,-32.6875353408635,0,0.24590055787123663,True,True
coarse,33,0.05,1.2,0.9194707264818447,-0.9194707264818447,0.13177537838303358,2.2849933386274075,0.8302997181398049,30.434625984964946,15.28537768855583,0.4608816766461597,0.02375395790667867,30.752371282189962,5.416798270169059,0.29452571541470357,1.7210547352381524,-30.752371282189962,0,0.11152598093357256,True,True
coarse,33,0.05,1.6,0.14353971792669137,0.14353971792669137,0.1478821232760311,1.8000886583529838,0.6979230046047166,30.434382789275713,15.282765675329388,0.46257618776374504,0.023766059899815336,29.724260431552533,5.402087066899494,0.24537964763899786,1.465818975268655,-29.724260431552533,0,0.0705522261984263,True,True
coarse,33,0.05,2.4,0.8897068168455338,0.8897068168455338,0.10985844525231722,1.7409728988382802,0.5715257846758097,30.434702101832418,15.277979797820162,0.4653225389106627,0.023804767686600004,29.16342891595035,5.229011367806622,0.1898890149014359,1.1300834584467823,-29.16342891595035,0,0.09579671625802483,True,True
coarse,33,0.05,3.2,0.7976287598654204,0.7976287598654204,0.08211144921329286,1.8072686463357406,0.5144360481882155,30.435268375402448,15.27465852976151,0.4673140344177161,0.023904886405007812,29.319740220347917,5.101312754413045,0.13556999142068119,0.8807515969981452,-29.319740220347917,0,0.08387569013024528,True,True
coarse,33,0.1,0.0,59.42058039802913,-59.42058039802913,5.599947701498968,46.54810396373739,7.4741981371191715,59.79349448661859,15.277376169271392,0.45763133023436753,0.024660855052361253,89.86735294322405,11.156022843309012,3.1116713891989978,28.83133881090952,-89.86735294322405,0,4.881044232181839,True,True
coarse,33,0.1,0.025,53.6364804564239,-53.6364804564239,4.615832396148833,43.33433428249036,6.49983586302813,53.75697476897552,15.27830445250308,0.45763133023436753,0.02476143420108252,83.77657220416934,10.35000090978467,2.5493884165543923,23.832846072558368,-83.77657220416934,0,4.303108042562623,True,True
coarse,33,0.1,0.05,48.613434677315276,-48.613434677315276,3.8704804144012783,40.37474915488603,5.702978518267758,48.6314040479946,15.279173702305512,0.45763133023436753,0.02485194369335084,78.56484584797239,9.595243087282016,2.0501105328996774,19.494529223658745,-78.56484584797239,0,3.8279340039245744,True,True
coarse,33,0.1,0.1,40.41786352678016,-40.41786352678016,2.903266809625257,35.15096784397555,4.52828962817088,41.01180174389342,15.28074653970856,0.45763133023436753,0.025004342316570206,70.20583462630714,8.34720178468701,1.258456828040635,12.857212725195671,-70.20583462630714,0,3.113626271369479,True,True
coarse,33,0.1,0.2,29.112375324127413,-29.112375324127413,2.025923510902155,27.004931173052313,3.220523524653528,30.688832047466114,15.283302457666068,0.45763133023436753,0.02520539305088529,58.88607950584909,6.829517851057341,0.5414571016019449,6.328243086395714,-58.88607950584909,0,2.23976367045005,True,True
coarse,33,0.1,0.4,16.823876939745762,-16.823876939745762,1.2806857381020227,16.901667373986278,2.1406968492670533,30.407171285505633,15.286545325464493,0.45763133023436753,0.02527073340225241,46.58814588553645,5.710019904277662,0.6054473825558474,4.074090592936409,-46.58814588553645,0,1.3371912163167163,True,True
coarse,33,0.1,0.8,6.60775614380263,-6.60775614380263,0.5279919757199946,7.966871026210785,1.294293798602411,30.399769680247463,15.288344874562146,0.45763133023436753,0.024546887525276038,36.201603509345986,5.3767220978232855,0.48290607860969714,2.656189193974803,-36.201603509345986,0,0.5499249844856516,True,True
coarse,33,0.1,1.2,2.555709089202968,-2.555709089202968,0.17068674291895253,4.348079270094838,0.8896094299849866,30.396012246350537,15.287109730395873,0.45831103426367403,0.023871993342971107,32.150041458778496,5.447210002996542,0.33718304129342674,1.8268423186377194,-32.150041458778496,0,0.2212272359044838,True,True
coarse,33,0.1,1.6,0.7327781789759455,-0.7327781789759455,0.0720144184019436,2.5668454966417267,0.6714974008500755,30.39438320821025,15.284827114543702,0.4593234070875634,0.02382177334579679,30.465771575713383,5.4732772219528485,0.258493639866914,1.5033355916004847,-30.465771575713383,0,0.08700507244041644,True,True
coarse,33,0.1,2.4,0.22039446088015718,0.22039446088015718,0.11202378479766772,1.3375451566310577,0.5289900530684204,30.39410886397476,15.280151658276681,0.4617798102446548,0.023823914612806973,29.830225924356732,5.320360536322824,0.19018750901940729,1.212204048563914,-29.830225924356732,0,0.05881550720012839,True,True
coarse,33,0.1,3.2,0.07449730020004329,0.03964514129129619,0.07081162396541184,1.1010538003239283,0.48351924488078096,30.395127272337493,15.276717322774006,0.4638416735039053,0.023922990695007314,30.1092537678567,5.160248276211403,0.141762770370804,0.9391173305703742,-30.1092537678567,0,0.03850386059360977,True,True
coarse,33,0.2,0.0,61.99989224637302,-61.99989224637302,4.865213482473735,54.21871839374014,6.388902965336527,62.086503871875934,15.277455489923716,0.45763133023436753,0.026126131152106002,91.8280578914439,10.053945529580908,2.159714626094806,21.029174668394703,-91.8280578914439,0,4.872514475521137,True,False
coarse,33,0.2,0.025,57.16932377384792,-57.16932377384792,4.512759166934326,51.30469388755491,5.910440599364844,57.65803888672087,15.278339943247751,0.45763133023436753,0.02626854103239215,86.85964712247741,9.784757957543095,1.9925110761645979,19.494280280055513,-86.85964712247741,0,4.510770922942609,True,True
coarse,33,0.2,0.05,53.09102774845945,-53.09102774845945,4.185430155783057,48.68750207218208,5.48042319555284,54.1812615266679,15.279180061458675,0.45763133023436753,0.026402259893280666,82.70792754893446,9.453375160775199,1.800894262009231,17.815078464183994,-82.70792754893446,0,4.196187508923732,True,True
coarse,33,0.2,0.1,46.6079229528144,-46.6079229528144,3.6134845970292284,44.170161647490296,4.751714802966395,48.87747900903687,15.28073393405066,0.45763133023436753,0.026644869239754086,76.18706737589551,8.718633142885647,1.40021416975294,14.426410707832867,-76.18706737589551,0,3.679494376035061,True,True
coarse,33,0.2,0.2,37.72663697808527,-37.72663697808527,2.8115455966428913,37.14475428980827,3.725489987419217,41.25130927367356,15.283379490482199,0.45763133023436753,0.027038950363595753,67.37392879884642,7.422158660636878,0.8304667195874723,9.423780213648637,-67.37392879884642,0,2.959631886548997,True,True
coarse,33,0.2,0.4,26.49052205369195,-26.49052205369195,1.9601771748786452,27.43752929268271,2.6440196693959,30.93556411632634,15.287124935508961,0.45763133023436753,0.027520633817566982,56.05628914152995,6.019010358091828,0.738047432421428,6.341830766829413,-56.05628914152995,0,2.0864194096177244,True,True
coarse,33,0.2,0.8,11.820566878182635,-11.820566878182635,1.0460307426700857,15.694141071486523,1.6813359364542204,30.337704398215696,15.290304573365518,0.45763133023436753,0.027625184487799406,40.697296618810995,5.311234353990118,0.6830947531333316,4.44094874270211,-40.697296618810995,0,1.010793347924894,True,True
coarse,33,0.2,1.2,3.6810609461335573,-3.6810609461335573,0.5300013694890033,9.172869646219082,1.1752702379304814,30.326812340601872,15.290176233502317,0.45763133023436753,0.02707811025701539,32.459421818432865,5.354569804534825,0.5219515741610311,3.0643889782688545,-32.459421818432865,0,0.41219773212177535,True,True
coarse,33,0.2,1.6,0.3978523838584362,-0.11368766019372964,0.24219237778571193,5.569089125153987,0.8615079586537927,30.321482594700655,15.28852739265215,0.45763133023436753,0.0262535987685955,29.28621577433132,5.475956723270961,0.39980370597069764,2.277938711985723,-29.28621577433132,0,0.1409267171112832,True,True
coarse,33,0.2,2.4,0.7465620049847739,0.7465620049847739,0.14075152277443276,2.6908442999427162,0.5570649224149482,30.319163580955838,15.284140794479795,0.4589905446254934,0.02452576841521645,29.284841025648998,5.44028569064067,0.2581461911308132,1.6095371248723236,-29.284841025648998,0,0.10404205145568568,True,True
coarse,33,0.2,3.2,0.38489680043173513,-0.38489680043173513,0.1368856930380161,1.470994458667975,0.48053156375456896,30.32112670762667,15.280510733711717,0.46092643063552946,0.02395975874241394,30.66598535948844,5.233600789874596,0.18335581323484826,1.2087730097314278,-30.66598535948844,0,0.07357637337382339,True,True
coarse,33,0.4,0.0,48.88065944598264,-48.88065944598264,3.061366969632065,55.240050495412085,5.114370588060931,62.42818644834767,15.278756341677123,0.45763133023436753,0.029132351729672993,75.25484737578049,7.244386712955395,1.3547286071924642,12.641864752491752,-75.25484737578049,0,3.7532766156993227,True,False
coarse,33,0.4,0.025,47.97759133893893,-47.97759133893893,3.1011514731795655,53.45280504175828,4.967095259486413,60.003381326243606,15.279525965772379,0.45763133023436753,0.029319509114589117,75.0927843566513,7.379070679760759,1.321195016679168,12.559364011872193,-75.0927843566513,0,3.7007691645030003,True,False
coarse,33,0.4,0.05,46.81503350347067,-46.81503350347067,3.1192510837762057,51.75009261152262,4.821139962506002,57.8870395829161,15.280272639552036,0.45763133023436753,0.029501932767407698,74.43204701152911,7.444170683926512,1.273525619042978,12.345397507311635,-74.43204701152911,0,3.630592014653247,True,True
coarse,33,0.4,0.1,44.25384751632298,-44.25384751632298,3.094977797726577,48.63051378459066,4.533367306894795,54.37020470495247,15.281697915509948,0.45763133023436753,0.02985256056231313,72.47307574065,7.399298456250038,1.14933201678333,11.61671751856914,-72.47307574065,0,3.465765735983676,True,True
coarse,33,0.4,0.2,39.521279213995015,-39.521279213995015,2.8944419093183233,43.46562035742228,3.9965017587049503,49.06720221140258,15.284282594479063,0.45763133023436753,0.03049729888054309,68.2424208906175,6.901716069588913,0.9242805831587455,9.91110299490086,-68.2424208906175,0,3.1271902573265593,True,True
coarse,33,0.4,0.4,31.575233936740396,-31.575233936740396,2.379816582072827,35.821046373613456,3.1773903921331614,41.48771067759557,15.28845079958173,0.45763133023436753,0.031568780563781616,60.165630200149785,5.78691854189858,0.9294556327259327,8.581574995864026,-60.165630200149785,0,2.524142705797645,True,True
coarse,33,0.4,0.8,13.844738727559804,-13.844738727559804,1.5626367745123557,23.858109315514024,2.225020919013198,31.25369003103185,15.293378752527193,0.45763133023436753,0.0329467826564263,42.391478034152584,4.9124369677751,0.9560734328044596,7.225771040834333,-40.698087679178315,0,1.3180702585996307,True,True
coarse,33,0.4,1.2,1.6067842439541686,0.6921668072017271,1.0631782524996143,14.75944881919558,1.6710919261478232,30.21572110383827,15.294952739956265,0.45763133023436753,0.03354223724105286,37.14311342052068,4.950043457988053,0.8446104210871981,5.892033322287893,-26.029241234608374,0,0.49643460577910825,True,True
coarse,33,0.4,1.6,7.30829670817307,7.30829670817307,0.775927895425827,10.721788356696923,1.3048928172903598,30.200912637740206,15.294449170507807,0.45763133023436753,0.03362049373274999,30.44738671165118,5.235049601517523,0.7419871528237573,4.950373846762771,-20.65322505746024,0,0.670066823631218,True,True
coarse,33,0.4,2.4,6.249456440389419,6.249456440389419,0.535747855847731,6.949175510910592,0.8821420961559541,30.192095797488975,15.290805846797742,0.45763133023436753,0.033011938232763154,24.290094792735204,5.585113269193273,0.5697147290128919,3.6738088657833714,-24.290094792735204,0,0.5187336684441546,True,True
coarse,33,0.4,3.2,0.7683026515337911,0.6318487436470945,0.4102482747824364,4.143884833454048,0.6859129390300398,30.195901414410702,15.28689353370851,0.45763133023436753,0.032157229131028704,30.720600771909087,5.349528892843148,0.4259000098254996,2.6862131584525946,-30.720600771909087,0,0.18671730264634445,True,True
coarse,33,0.8,0.0,11.732171143665719,-11.732171143665719,1.484137547962269,38.918274582269206,3.59692040796684,62.79108920532603,15.28171055151806,0.45763133023436753,0.03384497058589702,46.47287354286332,5.12614126792899,0.7713931571725139,6.487039132709667,-40.584657275406705,0,1.3407351083066006,True,False
coarse,33,0.8,0.025,13.462120812061343,-13.462120812061343,1.555368596212127,39.308677185173934,3.5894333251927035,61.485054343855865,15.282298464148369,0.45763133023436753,0.034049181110027034,46.431616261429,5.18818286023589,0.763586064614791,6.576096652853771,-42.074492271528854,0,1.4481713708592265,True,False
coarse,33,0.8,0.05,14.966561988612593,-14.966561988612593,1.620276129395989,39.54348400381916,3.5792824276927093,60.27774078123939,15.282883742898193,0.45763133023436753,0.03425566828761989,46.391263986566514,5.2353821528107884,0.7543107971173169,6.649464634151963,-43.37804389615854,0,1.5414111721332295,True,False
coarse,33,0.8,0.1,17.23640492767462,-17.23640492767462,1.7285250912570838,39.61328192693516,3.5497043894827107,58.11118994719888,15.284043490342286,0.45763133023436753,0.03467377427049835,46.36334862989402,5.280339966064717,0.735120708594333,6.7635401545359315,-45.33856035033113,0,1.6820639076329635,True,True
coarse,33,0.8,0.2,19.06181312917834,-19.06181312917834,1.8530654544928058,38.635300426657224,3.4519927393336944,54.56186622702683,15.286301791454065,0.45763133023436753,0.03552014897337454,46.72818052933766,5.185058162440229,0.7255166550731862,7.003162969868669,-46.72818052933766,0,1.7947229670907603,True,True
coarse,33,0.8,0.4,15.88186460145523,-15.88186460145523,1.809365093161342,34.71750289857031,3.1527049554905884,49.31824576486706,15.290461778988973,0.45763133023436753,0.03718968477132808,48.11646014535919,4.693175140927894,0.856934763606333,7.774499048912335,-42.806093491071195,0,1.587261814372271,True,True
coarse,33,0.8,0.8,1.661216906533049,-0.6990029974634292,1.375348896471253,24.97746838834821,2.5230036968017275,41.96173679148696,15.296856938674233,0.45763133023436753,0.04013823358301657,48.29560867306158,4.36640836166605,0.979569628772461,7.895147569161033,-27.475543838706205,0,0.6762691899487029,True,True
coarse,33,0.8,1.2,12.039931799525899,12.039931799525899,1.1581297878036936,19.753615174429683,2.076099482703653,36.44841386422473,15.30048234627973,0.45763133023436753,0.04234779687400173,45.1482691839689,4.690293363525181,1.0044416840298953,7.711437221860358,-15.973817925672648,0,1.0900656908759567,True,True
coarse,33,0.8,1.6,17.931205972532428,17.931205972532428,1.192894550724943,17.84787066224855,1.7949339834343507,32.205854774144406,15.301724199910938,0.45763133023436753,0.04381776956248147,39.626919410726586,5.1857499804369,1.040402864217341,7.854809083816605,-11.618347895352391,0,1.3728451784840192,True,True
coarse,33,0.8,2.4,13.156091522011456,13.156091522011456,1.5734593624429012,14.653960096258553,1.527616230740568,30.013164194021968,15.299718504473564,0.45763133023436753,0.04504484052877258,22.97690698465468,6.210227752388558,1.1416807178904338,8.593151822843392,-20.213491036859427,0,1.1982468003686908,True,True
coarse,33,0.8,3.2,3.8915107396530204,-3.433767338657565,1.7689776457976005,10.201075821158154,1.420398830192759,30.019834946019277,15.295575151856719,0.45763133023436753,0.044932019453906416,40.05202097413387,6.115418221907394,1.2606387301787643,9.04257854682546,-40.05202097413387,0,0.745038044820669,True,True
coarse,33,1.2,0.0,9.177857773844256,-9.177857773844256,1.0663365096527344,28.673344615473876,2.819237324728948,63.08309064410684,15.28340822982547,0.45763133023436753,0.03661854509423714,46.07747554848883,4.889123292642452,0.5938967410559924,5.034047177405721,-39.534135288744324,0,1.0104875239259947,True,False
coarse,33,1.2,0.025,9.5692965693037,-9.5692965693037,1.0888975079615264,29.078895399493376,2.826017458650297,62.186545594710715,15.283890903779298,0.45763133023436753,0.03681429648767356,46.07613507737294,4.795161129087081,0.5835523584433504,5.008193558064396,-39.853093134097186,0,1.039190089644977,True,False
coarse,33,1.2,0.05,9.900640979445466,-9.900640979445466,1.1094031270217897,29.415307567261163,2.8314464027839112,61.32145644242113,15.284377194301712,0.45763133023436753,0.03701544367365264,46.08640214823587,4.774928102616864,0.5731988442195658,4.983214988636729,-40.10731054344822,0,1.0637758578860068,True,False
coarse,33,1.2,0.1,10.354176047927442,-10.354176047927442,1.1433094916809796,29.880968954405784,2.8375749328735296,59.72579098494044,15.285357703105479,0.45763133023436753,0.03743209075916864,46.148450973616285,4.753445454952879,0.5545634601772689,4.9463453806666475,-40.39701867314905,0,1.098909853414991,True,True
coarse,33,1.2,0.2,10.33851959320019,-10.33851959320019,1.1778627767374745,30.04331191343676,2.827878305372804,56.97456248823542,15.287331526860026,0.45763133023436753,0.038310970907750715,46.4398895685768,4.652932812605239,0.5403751686209955,4.99257611640697,-40.04823813162592,0,1.107959768308848,True,True
coarse,33,1.2,0.4,7.317594797699362,-7.317594797699362,1.1109868961211222,28.172351429906293,2.720895021553251,52.78790068307686,15.291200956386175,0.45763133023436753,0.040170779175732516,47.25026379509961,4.419843690078631,0.6179092497999188,5.53149841540999,-36.5913059823884,0,0.9228551281440961,True,True
coarse,33,1.2,0.8,1.836014101268606,1.836014101268606,0.7775608687211333,21.76508237562868,2.338413861592875,46.90644161173385,15.2978956216902,0.45763133023436753,0.043846741491558476,47.29712558427355,4.594100392674902,0.7452324482624046,6.071639274764602,-27.55589153535527,0,0.5057759855306989,True,True
coarse,33,1.2,1.2,9.751383093992018,9.751383093992018,0.7159776878234405,19.42227588032134,2.0175826742950926,42.62763435401979,15.302478723590543,0.45763133023436753,0.04698391691437759,45.30946437856425,5.116672144346725,0.8367252373925996,6.569190979868196,-20.037938101299908,0,0.8613829128198234,True,True
coarse,33,1.2,1.6,14.528037782072904,14.528037782072904,0.9682218391191159,18.880277831761468,1.8397975070583044,39.495617452020376,15.304804560483563,0.45763133023436753,0.04936032598715403,41.35519876533061,5.672331842605944,0.9493191411954317,7.403736313452946,-16.03121759804606,0,1.1558550482503631,True,True
coarse,33,1.2,2.4,10.820145501133027,10.820145501133027,1.9602076440834946,17.226759062384307,1.8024356825460146,39.7001041517772,15.304197805027824,0.45763133023436753,0.05190629800964217,25.280789303722102,6.989564005901497,1.2872291666979412,10.351583359697603,-23.647740847635994,0,1.2040670750376885,True,True
coarse,33,1.2,3.2,13.59274763599429,-13.59274763599429,3.3543728711726204,14.476207224605503,2.0563483705150305,41.363001624028286,15.300100438161396,0.45763133023436753,0.05230397292694398,55.950526647017305,7.369981335550701,2.0010771378702428,15.864609694130584,-55.950526647017305,0,1.6724661233684224,True,True
coarse,33,1.6,0.0,9.970364595584202,-9.970364595584202,0.9650312288728223,23.667661422896657,2.3862286055578514,63.38773262778717,15.2840322839813,0.45763133023436753,0.0379900462889423,47.18847240303895,5.268418218066626,0.5139450824951951,4.5296445432513055,-40.1335101208675,0,0.9759972123443952,True,False
coarse,33,1.6,0.025,10.1329287190746,-10.1329287190746,0.960469060919451,23.95244939826822,2.3898988807086186,62.65892972449517,15.284444935902238,0.45763133023436753,0.03816992537091656,47.183823078982606,5.182814949775668,0.5026735346805233,4.464584604314969,-40.28497667231963,0,0.9854180814748578,True,False
coarse,33,1.6,0.05,10.250949117928252,-10.250949117928252,0.9547377646431997,24.197636578868963,2.3927952165865825,61.99576151874857,15.284862860809415,0.45763133023436753,0.038356141880038976,47.18601299273031,5.098463570265496,0.49131461469826065,4.39875866154556,-40.38969263526085,0,0.9919768296031235,True,False
coarse,33,1.6,0.1,10.345015451123121,-10.345015451123121,0.9395262236669317,24.56606828057596,2.395954885416942,60.71050615087205,15.285712204110846,0.45763133023436753,0.03874606759233475,47.212925848860095,4.933809770707179,0.4694556037662677,4.271364689690518,-40.45092134305904,0,0.9959991537753511,True,False
coarse,33,1.6,0.2,9.957528998136976,-9.957528998136976,0.8925817915302077,24.82036281206827,2.3899981042948184,58.42844389873222,15.287449368637168,0.45763133023436753,0.03958572252434383,47.35182778621585,4.6308127340174945,0.4373688813771839,4.0785789505164605,-39.982094482076846,0,0.9669105111627607,True,True
coarse,33,1.6,0.4,7.443568856713178,-7.443568856713178,0.7333043005886445,23.743642688349695,2.324129394747021,54.83490325051107,15.290965566196796,0.45763133023436753,0.04143057337981952,47.70511300068905,4.485655507698879,0.444830545978043,4.058052980251473,-37.34862184035592,0,0.7913441775548031,True,True
coarse,33,1.6,0.8,0.7645200847786302,-0.7645200847786302,0.3545010060124473,18.76786797031134,2.053999813209363,49.947077353495025,15.297457887140139,0.45763133023436753,0.045317252109640244,47.70454587350805,4.897768226518837,0.5298995932483559,4.403950219288146,-30.610605744800445,0,0.31681224394577123,True,True
coarse,33,1.6,1.2,5.430947666857249,5.430947666857249,0.3730134320182016,17.028577019189708,1.822022379776508,46.64462076971319,15.302368751294267,0.45763133023436753,0.048881984466715656,46.25280511781657,5.480612436482451,0.6319841725411895,5.076307046311278,-24.46091330152083,0,0.5364771573533484,True,True
coarse,33,1.6,1.6,9.77109518039666,9.77109518039666,0.7175277595979846,17.221110937528614,1.7191267948147737,46.376720680758496,15.305278107869096,0.45763133023436753,0.05176179870391251,43.029401530267315,6.03476101388408,0.7598695306908985,6.0627497947741364,-20.650776529083082,0,0.8395362638368842,True,True
coarse,33,1.6,2.4,7.376479623764167,7.376479623764167,1.857944844044912,16.783890470657774,1.8342992135856022,47.557896814220804,15.305689195123353,0.45763133023436753,0.05514406004495177,29.715022586952976,7.355571838190916,1.1593405067366729,9.609818382907353,-26.928481165726247,0,1.0031481554938984,True,True
coarse,33,1.6,3.2,21.06937945972563,-21.06937945972563,4.215424759613817,16.365473481663464,2.361035287038721,48.71147770658463,15.301778360034435,0.45763133023436753,0.05586813565126471,66.92275323197283,8.159842446633467,2.2801973495920604,19.145918456002118,-66.92275323197283,0,2.2822831165284136,True,True
coarse,33,2.4,0.0,9.619100559913104,-9.619100559913104,0.8892724226659426,18.70215523798969,1.9378820412991864,64.03375111673296,15.28354851793894,0.45763133023436753,0.03854465299223394,49.77402345633062,6.009046972941162,0.4044692571912938,3.8240407900967703,-39.513377429462324,0,0.8907891665489697,True,False
coarse,33,2.4,0.025,9.671167524394932,-9.671167524394932,0.863107539068342,18.859135917396202,1.9329406976039973,63.504065126533646,15.283859308687509,0.45763133023436753,0.03867925160201703,49.811263118224545,5.928794675264084,0.3949102040138172,3.7473056315414133,-39.54825704656772,0,0.8880787252919964,True,False
coarse,33,2.4,0.05,9.702191989573597,-9.702191989573597,0.8363621012281852,18.997353162750763,1.9276270822511243,62.984088244074314,15.284175305020803,0.45763133023436753,0.038818429203841334,49.85074674529041,5.8489015218924285,0.38528753599070426,3.67001896291748,-39.56220872154573,0,0.8840085756885695,True,False
coarse,33,2.4,0.1,9.697825866737618,-9.697825866737618,0.7813860669369872,19.215528466635323,1.9158626145896598,61.989897697333255,15.28482152390789,0.45763133023436753,0.03910981528152503,49.93582057105504,5.6903980694613,0.36620765679659095,3.516151393632378,-39.524152329572274,0,0.8716721586425931,True,False
coarse,33,2.4,0.2,9.416670900550528,-9.416670900550528,0.6669747533674946,19.413763697501896,1.887611309820573,60.275992915526665,15.286161260373191,0.45763133023436753,0.039747765360078326,50.122122348892944,5.379878263617311,0.33131431649642695,3.227653251937416,-39.17862828098378,0,0.8302019195711409,True,False
coarse,33,2.4,0.4,7.924784314627267,-7.924784314627267,0.4296443166251758,18.936638543897892,1.8114837019892236,57.27971965526244,15.288955788273869,0.45763133023436753,0.04121903488453091,50.45117059625501,4.910322618835785,0.28928633205378246,2.8194505581435223,-37.57913399243322,0,0.6910550229820552,True,True
coarse,33,2.4,0.8,3.316411868096632,-3.316411868096632,0.04543888027520099,15.908689779792379,1.6079933746098516,55.18930829833807,15.294474030262489,0.45763133023436753,0.04471094629807545,50.28192473139807,5.155888060913494,0.29945594492344646,2.732002699636392,-32.828591297223824,0,0.3360271298511476,True,True
coarse,33,2.4,1.2,1.3523731771056418,1.3523731771056418,0.34225822452485954,12.518332727826886,1.509361984441487,55.52894188244132,15.299106802381665,0.45763133023436753,0.04824872309396375,48.953894086105265,5.781957580936232,0.371824587786176,3.2898067153687456,-28.264415576105215,0,0.2821654319086081,True,True
coarse,33,2.4,1.6,4.711056640281859,4.711056640281859,0.6316582670143791,12.957148525026593,1.499786394749038,55.85981028953582,15.302272644987713,0.45763133023436753,0.05133142601721859,47.98372255166174,6.307282431575656,0.469777881568812,4.086176113566569,-25.424468565935488,0,0.5259499501159328,True,True
coarse,33,2.4,2.4,3.2639331074284064,3.2639331074284064,1.4253564579628564,13.623276855172895,1.6728684429821221,56.51179337522165,15.303744086973714,0.45763133023436753,0.0553161023553148,42.75764155751855,7.282228822540963,0.7638982177374893,6.672359847619811,-30.05528879363611,0,0.6603975286712895,True,True
coarse,33,2.4,3.2,23.023301360946554,-23.023301360946554,3.5403496569205375,15.428195960969635,2.2594493371573834,57.16356012378463,15.30036879892434,0.45763133023436753,0.05696796252223081,68.28225995483344,7.791468319330565,1.7564524297280912,15.45395023575578,-68.28225995483344,0,2.2017398887685062,True,True
coarse,33,3.2,0.0,8.770362459282529,-8.770362459282529,0.8504337000776573,16.031737831470387,1.720171780105059,64.6359704548989,15.282193971558508,0.45763133023436753,0.03870380464161419,52.80415764616576,6.750130554275597,0.32407311650770604,3.296404136921884,-38.535415766833,0,0.8128317452736544,True,False
coarse,33,3.2,0.025,8.752092403234593,-8.752092403234593,0.8161776627229388,16.121454831213054,1.7098323007691962,64.24175173935458,15.282427736828552,0.45763133023436753,0.038806576571492626,52.914822587687794,6.668161206512919,0.3157173584363982,3.2148638359792265,-38.5020357755308,0,0.8039329290563182,True,False
coarse,33,3.2,0.05,8.722307308946682,-8.722307308946682,0.7815940751968405,16.20033502157661,1.6992683694025055,63.8523060498423,15.282665805182988,0.45763133023436753,0.03891195827509404,53.02746999589082,6.586221015135305,0.30735258233419865,3.1334601465691243,-38.45722909223597,0,0.7942824991224687,True,False
coarse,33,3.2,0.1,8.626883289901397,-8.626883289901397,0.7117470157620167,16.324520145320825,1.6775250254211997,63.08728395801597,15.283153971429172,0.45763133023436753,0.03913024987298559,53.257827140244835,6.473914175417085,0.29075579669760054,2.972450539317564,-38.332116813857475,0,0.772729125944313,True,False
coarse,33,3.2,0.2,8.289017591992735,-8.289017591992735,0.5713026620203625,16.434583943570246,1.6319377101810375,61.609380391391845,15.284172229124508,0.45763133023436753,0.03959486221996603,53.73045296942639,6.384281324376241,0.25926504040580584,2.667456642675874,-37.9370138780559,0,0.7208970601603135,True,False
coarse,33,3.2,0.4,7.076332817454923,-7.076332817454923,0.30013292311139494,16.12063755204331,1.5346417079169257,60.24231472811568,15.286326964605228,0.45763133023436753,0.04063201758227706,54.633587909247666,6.233473750452249,0.21134774463614736,2.194791400114367,-36.62519071690235,0,0.5882643628182258,True,False
coarse,33,3.2,0.8,3.490595781332381,-3.490595781332381,0.1511064552650649,13.991132981421178,1.3718658624906472,60.46983943192777,15.290730143413619,0.45763133023436753,0.0431088454120697,55.66441722432877,6.036092978069931,0.19471667880678234,2.01801550333333,-32.96260343891083,0,0.351315286592288,True,False
coarse,33,3.2,1.2,0.17686367057131577,0.03961986486869924,0.471624581755432,11.1078652728018,1.3536361663318544,60.68926030779504,15.294632330203017,0.45763133023436753,0.045886495946779536,55.52591660882733,5.978967079447318,0.2443311541966832,2.5048977948675386,-29.627229208855194,0,0.24143311091939718,True,False
coarse,33,3.2,1.6,2.417255302302794,2.417255302302794,0.7143754782425814,9.76612279318222,1.392754721961575,60.90389651573935,15.297491193322418,0.45763133023436753,0.04862117164951823,54.70621324509058,6.330632203142672,0.3106419059149523,3.117167102031252,-27.732385698785002,0,0.40359842138304824,True,False
coarse,33,3.2,2.4,1.4112446066920814,1.2903854809686481,1.1984036250736096,10.404424006930023,1.5927509114492917,61.32958617667917,15.29923930462914,0.45763133023436753,0.053086619676901946,52.162506998842105,6.920246467628734,0.4768617819852283,4.591693741252018,-30.97012720630294,0,0.4828920116844379,True,False
coarse,33,3.2,3.2,7.9776698668307775,-7.9776698668307775,1.734594334319582,10.971919167212771,2.3171101263853044,70.0474306632709,15.296466520632032,0.45763133023432767,0.05589243211130578,51.71621616584937,6.590419434034027,0.7288337064787932,6.5802387260101565,-43.03774591378093,0,0.9618260132231307,True,False
coarse,44,0.0,0.0,30.159670397535944,30.159670397535944,15.168165182923701,30.15967039753594,15.168165182923701,30.159670397535944,15.168165182923701,0.15967039753594786,0.039149056355302,0.15967039753594786,0.039149056355302,13.014478405838483,54.135861459795834,0.15967039753594786,0,5.799201238576138,True,True
coarse,44,0.0,0.025,22.114775512798193,22.114775512798193,8.81613276318647,25.624633545197845,11.506325936212637,30.16456273570961,15.172665270434496,0.16433056969249385,0.039149056355302,8.345835832923575,1.8486148367342987,7.68016309427176,30.97437882177017,-8.345835832923575,0,3.711322441015997,True,True
coarse,44,0.0,0.05,16.76635858518955,16.76635858518955,5.038145211219182,22.135929689217765,8.92756584975533,30.169059023959232,15.176777531413757,0.16863252524505512,0.039149056355302,13.802294809999442,2.8975162447821714,4.455407139410786,17.034710422670024,-13.802294809999442,0,2.4281955717906847,True,True
coarse,44,0.0,0.1,11.413702088643145,11.413702088643145,1.4524308451151409,17.5822644568094,5.7238043342056155,30.176981059827387,15.183955325955134,0.1762625821461815,0.039149056355302,18.988789866089494,3.8802985178902802,1.381300423318184,4.5096878061555286,-18.988789866089494,0,1.173837900795557,True,True
coarse,44,0.0,0.2,8.341625886707925,8.341625886707925,0.26849046882639444,13.318580621565676,3.013238938848036,30.18925423134781,15.194831356854824,0.1882420081787038,0.039149056355302,21.84311514459767,4.421424507891617,0.651664785078369,4.364519573756257,-21.84311514459767,0,0.6444280137617094,True,True
coarse,44,0.0,0.4,6.256165522240222,6.256165522240222,0.33036296897202766,10.0792925554818,1.7159387620114877,30.20385759027987,15.206989062983025,0.20288709831379093,0.039149056355302,23.96272871127115,4.7738733762270975,0.5226077253934285,3.536090215566528,-23.96272871127115,0,0.5074313380495802,True,True
coarse,44,0.0,0.8,3.9770848086900408,3.9770848086900408,0.24146320084341205,7.337590659620423,1.0351573705444523,30.213720078076534,15.213246964643401,0.21336768487612182,0.039149056355302,26.184233218516628,5.13084571851583,0.28107550154678423,2.057961683049865,-26.184233218516628,0,0.3372809655955326,True,True
coarse,44,0.0,1.2,3.297133321456022,3.297133321456022,0.19413271878222207,5.992620195611305,0.7834368802932011,30.215183527937505,15.212530190540956,0.2151667488911292,0.039149056355302,26.717798323785253,5.146947823513686,0.2892162628641341,1.7641245621415504,-26.717798323785253,0,0.27612960361239197,True,True
coarse,44,0.0,1.6,3.295441858918971,3.295441858918971,0.13483170417433937,5.279686189887066,0.6421857003936505,30.215044800337274,15.211243207792538,0.21531666030414504,0.039149056355302,26.672841934202605,5.013720464310242,0.28663415302967166,1.6026026566784324,-26.672841934202605,0,0.252970634303848,True,True
coarse,44,0.0,2.4,3.1447351320714705,3.1447351320714705,0.12196534287174413,4.563436798698753,0.49283706640775016,30.214748490397735,15.210509599352463,0.21556622216153962,0.039149056355302,26.963506770742146,4.827495373389445,0.1855421819955167,1.120342534548358,-26.963506770742146,0,0.23380962555262255,True,True
coarse,44,0.0,3.2,2.6111878841284173,2.6111878841284173,0.19168988092542935,4.085605391871054,0.4560715576642675,30.214920802961238,15.211450803438145,0.21586285910957934,0.039149056355302,27.495172165462932,4.826018813809336,0.1114651350549607,0.9345073524147336,-27.495172165462932,0,0.2199807256717407,True,True
coarse,44,0.025,0.0,31.88477430025862,-31.88477430025862,8.600272131223665,18.50896506605314,11.25537250427061,33.39908087660356,15.171826246286745,0.18001953519355166,0.039149056355302,63.71076984230549,5.722290368807712,7.733301751810861,40.84627388904762,-63.71076984230549,0,4.082459438798549,True,True
coarse,44,0.025,0.025,27.203233649896173,-27.203233649896173,5.109335218744635,16.811116439049,8.821496392826324,30.183632876290016,15.17584248073186,0.18263749082495748,0.039149056355302,58.454646612257235,5.803035354214223,4.836863974344871,26.29397679331737,-58.454646612257235,0,2.921730222095041,True,True
coarse,44,0.025,0.05,22.72687471565458,-22.72687471565458,2.9662619048028986,15.05485996282943,7.040183552750577,30.18602093822898,15.179516958870664,0.1850227875209756,0.039149056355302,53.52850534072776,5.745749613604021,2.989202516542222,16.788856461965803,-53.52850534072776,0,2.118402057306878,True,True
coarse,44,0.025,0.1,15.401828136706282,-15.401828136706282,0.9862167698219514,11.857247877757072,4.747847859670701,30.190128738251925,15.185942677723984,0.18916637612239623,0.039149056355302,45.67628217207074,5.506558199547948,1.0676058495361083,6.734385172147542,-45.67628217207074,0,1.193035211665423,True,True
coarse,44,0.025,0.2,6.898345469868485,-6.898345469868485,0.6303321973487523,7.335106119592725,2.7950868364281383,30.19615597734761,15.195719643259809,0.19537532894909795,0.039149056355302,36.92075728184843,5.129888534275525,0.3894330708775301,2.68944444481303,-36.92075728184843,0,0.6092975606969593,True,True
coarse,44,0.025,0.4,1.1375684949747171,-1.1375684949747171,0.4480602192202691,3.2631895547732768,1.678311706198032,30.202368967336117,15.206760996681615,0.20210574695121192,0.039149056355302,31.20595346085555,4.987604841515549,0.4370097962212676,2.602818808506799,-31.20595346085555,0,0.22351011973570514,True,True
coarse,44,0.025,0.8,0.9780389353600288,0.9780389353600288,0.1609329509042697,3.6366279291206878,0.9959795026369113,30.204632093259715,15.212645791649571,0.2062933370722694,0.039149056355302,29.10128540517574,5.171993956490127,0.24039241248006457,1.6301703214166696,-29.10128540517574,0,0.13571459211642936,True,True
coarse,44,0.025,1.2,1.4631182339356028,1.4631182339356028,0.08982957468143517,3.700547561896374,0.7268064791134958,30.20374814778183,15.212089898732659,0.20859198538061824,0.039149056355302,28.551504575941262,5.198268745548125,0.22391901650384854,1.4580119256505286,-28.551504575941262,0,0.138327124577607,True,True
coarse,44,0.025,1.6,1.84106461605131,1.84106461605131,0.06972044155468363,3.6259075368068094,0.5904338876007764,30.203083609977252,15.210895645535649,0.21010853166966323,0.039149056355302,28.1556580935271,5.080191202848665,0.23766593097433292,1.4271523318640953,-28.1556580935271,0,0.1493468498737895,True,True
coarse,44,0.025,2.4,2.050414984308262,2.050414984308262,0.0635515461078506,3.4731340232214007,0.4515317220740175,30.20322580921919,15.210097979361597,0.2121874451284214,0.039149056355302,28.065951028946046,4.879349385326063,0.16987772212138103,1.0529578895394276,-28.065951028946046,0,0.1547293885841557,True,True
coarse,44,0.025,3.2,1.7622552808590317,1.7622552808590317,0.14030104798378934,3.267806640761144,0.4207055196382307,30.204162330904254,15.210903799340953,0.21362218497749133,0.039149056355302,28.351054951742313,4.864931857933681,0.10211269009503172,0.860264729429051,-28.351054951742313,0,0.1572940212419449,True,True
coarse,44,0.05,0.0,46.90181382421802,-46.90181382421802,5.827061187771724,30.65509549341714,8.97303460370392,47.776528169081274,15.17502749867507,0.1975627096746394,0.039149056355302,77.95249636856644,8.378864652204161,5.0335099161499866,33.54589605295128,-77.95249636856644,0,4.203933329744464,True,True
coarse,44,0.05,0.025,41.214126310047384,-41.214126310047384,3.84268504448397,28.029486329648044,7.287626022140453,41.76439160584282,15.178615425854009,0.19840296376088176,0.039149056355302,71.87058469697558,7.807697732895477,3.425508990257049,23.967706974014114,-71.87058469697558,0,3.3740354859413513,True,True
coarse,44,0.05,0.05,36.015459409152804,-36.015459409152804,2.627491045899495,25.509314559529958,6.025600558939378,36.32598592524623,15.181902389183795,0.1991174649203249,0.039149056355302,66.38206142442398,7.299958486185446,2.333762406540264,17.215006843502895,-66.38206142442398,0,2.768680878734796,True,True
coarse,44,0.05,0.1,27.406385048291508,-27.406385048291508,1.5460586428865957,21.001653834738928,4.370637923735334,30.20128339893838,15.187662416255943,0.20021511243814835,0.039149056355302,57.450765784041344,6.513721139198311,1.080012555369983,9.191425857350982,-57.450765784041344,0,2.0032633474409987,True,True
coarse,44,0.05,0.2,16.41265871144863,-16.41265871144863,1.0844814230626354,14.363750317928027,2.836194169084981,30.201865976033417,15.196466648447347,0.20135916748482832,0.039149056355302,46.32623845609993,5.650660684653879,0.3799437977246383,3.7957454653986615,-46.32623845609993,0,1.25779425263267,True,True
coarse,44,0.05,0.4,7.008947674714456,-7.008947674714456,0.6884771892851064,7.357045604598051,1.7692673967877321,30.20067657600982,15.206520383233062,0.20147537171347335,0.039149056355302,36.9626282104993,5.164144569207899,0.4083577274432087,2.4882799954108146,-36.9626282104993,0,0.6127849924153775,True,True
coarse,44,0.05,0.8,1.6384051614809203,-1.6384051614809203,0.25100987337007263,2.4612071321207543,1.0405570857857787,30.196033394795972,15.212077313804159,0.2036824736407917,0.039149056355302,31.61688450694137,5.198192166931255,0.24217178855050378,1.446881282233584,-31.61688450694137,0,0.18218535261210933,True,True
coarse,44,0.05,1.2,0.07238107840449894,-0.07238107840449894,0.050133232324667744,1.6627245779999602,0.7231030435637875,30.192874997769636,15.211666616782663,0.20587900516161026,0.039149056355302,30.04856525805433,5.235132201802896,0.17839447118983617,1.204833420096076,-30.04856525805433,0,0.04182380935995017,True,True
coarse,44,0.05,1.6,0.6675610896683961,0.6675610896683961,0.021169696577854114,2.1210914698475816,0.5605318383624928,30.191622802358072,15.210555283964899,0.20768628234599038,0.039149056355302,29.328274918896415,5.136019571061387,0.19380958207754542,1.2581860257490625,-29.328274918896415,0,0.06550525784332058,True,True
coarse,44,0.05,2.4,1.1559672281058586,1.1559672281058586,0.02621374401905845,2.4880376141025073,0.4212119703838688,30.192089788241724,15.209694651182048,0.21032229275677528,0.039149056355302,28.957619305420884,4.925977697547785,0.15451954678269714,0.9982908269210883,-28.957619305420884,0,0.09196799272992923,True,True
coarse,44,0.05,3.2,1.0551288852762983,1.0551288852762983,0.09891748649055226,2.5278921387111173,0.3918916961403041,30.19374410922734,15.210369825398843,0.21214945058687132,0.039149056355302,29.055240630460663,4.898622114538783,0.0950786603636247,0.8025718621632171,-29.055240630460663,0,0.10495504279630549,True,True
coarse,44,0.1,0.0,54.62839591001059,-54.62839591001059,4.6845118848138885,41.79370832677869,6.948045874618208,54.95109176700363,15.180271164113343,0.22553800152409936,0.039149056355302,85.01114534313889,9.902931095490091,2.9891425723044733,25.962108291920845,-85.01114534313889,0,4.364358830777128,True,True
coarse,44,0.1,0.025,49.31708414798535,-49.31708414798535,3.812423694277001,38.94512985473718,6.014349227485122,49.4068642105319,15.183144702173509,0.2234968591803875,0.039149056355302,79.4173016784109,9.14912229325875,2.3990250021048665,21.20003697551101,-79.4173016784109,0,3.8417765599456595,True,True
coarse,44,0.1,0.05,44.65210367667764,-44.65210367667764,3.1983335723627166,36.2970369755664,5.274546257287922,44.68290941038137,15.185785265643831,0.2214967901177739,0.039149056355302,74.57628456964848,8.498969055465118,1.9235133311604957,17.37912639636991,-74.57628456964848,0,3.420849281415195,True,True
coarse,44,0.1,0.1,37.00880728184755,-37.00880728184755,2.443302057869547,31.60167693422187,4.211796387335533,37.50899300964044,15.190434734092648,0.21762746490884022,0.039149056355302,66.78098990743162,7.488317282236216,1.2378791834280323,11.935440413019723,-66.78098990743162,0,2.79343338875239,True,True
coarse,44,0.1,0.2,26.555691882100565,-26.555691882100565,1.7435809984973916,24.309913512323167,3.0261073994833665,30.210335790022373,15.197615720258081,0.21044810124613125,0.039149056355302,56.32069966980399,6.297348714589587,0.5986770213846175,6.537022421250937,-56.32069966980399,0,2.0157086556700325,True,True
coarse,44,0.1,0.4,15.284631177317559,-15.284631177317559,1.1322934871237924,15.27786738093233,2.006697816707569,30.19686445069008,15.206020540046572,0.204110078815701,0.039149056355302,45.078309102253996,5.416055217339446,0.45645263704448763,3.586382913784913,-45.078309102253996,0,1.2074096721661571,True,True
coarse,44,0.1,0.8,5.905107764009426,-5.905107764009426,0.525858961110767,7.047447637036042,1.2126210449227481,30.1802084535281,15.211031984034445,0.20301976923280263,0.039149056355302,35.65016089631729,5.212515546188603,0.32404622881763245,1.8625411545974173,-35.65016089631729,0,0.5052629281482794,True,True
coarse,44,0.1,1.2,2.401967107428887,-2.401967107428887,0.21497767451182942,3.5948331799254873,0.8349059837584101,30.172708001375312,15.210868520679766,0.20424218442544056,0.039149056355302,32.20864748219619,5.271262291953553,0.17880430765356042,1.056040303142011,-32.20864748219619,0,0.21744197180202274,True,True
coarse,44,0.1,1.6,0.9549274556070604,-0.9549274556070604,0.0895819811089275,1.8993192016165659,0.6194642999879468,30.170126445564517,15.20989674133672,0.2057899669901785,0.039149056355302,30.86979635495416,5.218478023635323,0.13731321277379233,0.9910675242752186,-30.86979635495416,0,0.09609149375713384,True,True
coarse,44,0.1,2.4,0.09140990012221142,-0.09140990012221142,0.06686174427307641,0.8659627099340439,0.42673925700015164,30.170938680568412,15.208913231507251,0.20857189353235045,0.039149056355302,30.172784633513608,5.004857227441173,0.1249587120552276,0.911373027922638,-30.172784633513608,0,0.035475150666969775,True,True
coarse,44,0.1,3.2,0.044825399558755516,0.022241090621787037,0.0559125778098055,1.26546626195962,0.37115272618712486,30.173896466963075,15.209340393010503,0.21108899953926272,0.039149056355302,30.060683133396385,4.9513691838916145,0.08456943020909179,0.7258518799281524,-30.060683133396385,0,0.03282955364258737,True,True
coarse,44,0.2,0.0,54.917052225597516,-54.917052225597516,4.100409339423332,48.93061635825815,5.681424125366635,56.26684277686823,15.187336234723405,0.26028265503233344,0.039149056355302,84.1824059707319,9.13568341395164,2.0143900025742116,18.713605332728456,-84.1824059707319,0,4.271543809993198,True,True
coarse,44,0.2,0.025,50.67807915017675,-50.67807915017675,3.7421833709992987,46.32747629640265,5.226951357795981,52.776625415283654,15.189213259250996,0.2545099981966757,0.039149056355302,79.88686192940254,8.754188959004042,1.8215317137947593,17.04099000990871,-79.88686192940254,0,3.940919804653455,True,True
coarse,44,0.2,0.05,47.08786560992378,-47.08786560992378,3.4409581353374596,43.975494844340844,4.834230793985323,49.843884031016415,15.19095157675974,0.2489734085761934,0.039149056355302,76.2901994940667,8.386194716215185,1.6334400418568216,15.47092427094989,-76.2901994940667,0,3.660085970614854,True,True
coarse,44,0.2,0.1,41.34319727240701,-41.34319727240701,2.9687472652778597,39.888409359796086,4.19706356088401,45.04364478170874,15.19404935353621,0.23857360246722212,0.039149056355302,70.60091312707006,7.716596806033017,1.293349589023698,12.710979074004523,-70.60091312707006,0,3.2103295612205343,True,True
coarse,44,0.2,0.2,33.38733984366739,-33.38733984366739,2.3589172563809755,33.49477603727737,3.3311336009756154,37.834260005470725,15.198957153071177,0.2237058166798581,0.039149056355302,62.804293358511565,6.693303209060092,0.8366642821633021,8.87666660766871,-62.804293358511565,0,2.5926497275202323,True,True
coarse,44,0.2,0.4,23.51305540889498,-23.51305540889498,1.6995998602143398,24.74408592011209,2.403101486006313,30.18847183771345,15.205039851818054,0.21223393100507854,0.039149056355302,53.02281470757058,5.612179528391368,0.620716837249273,5.715607422986638,-53.02281470757058,0,1.846019815649698,True,True
coarse,44,0.2,0.8,11.331977996731974,-11.331977996731974,0.9630481101920569,14.373968652684642,1.5519428003070843,30.153438031982176,15.20926707760834,0.2064727838257405,0.039149056355302,40.513443432336125,5.132777715758737,0.5264972912429096,3.5271907191077454,-40.513443432336125,0,0.9525025419789962,True,True
coarse,44,0.2,1.2,4.683624230449225,-4.683624230449225,0.5181218584019768,8.58809494159203,1.0992510855253994,30.138019044390283,15.209450769044084,0.20562382394883222,0.039149056355302,33.86202172430952,5.233272346853098,0.359427590622993,2.108168784658189,-33.86202172430952,0,0.45324075301408834,True,True
coarse,44,0.2,1.6,1.815993289812449,-1.815993289812449,0.2548205216994376,5.341355365453669,0.8114862872275855,30.132347224458513,15.208671476513405,0.20630378260000096,0.039149056355302,31.30549412758757,5.289653516983943,0.22154880302182747,1.2674329219944567,-31.30549412758757,0,0.21227566948425566,True,True
coarse,44,0.2,2.4,0.7415553164037691,-0.7415553164037691,0.11659927127187124,2.425153825466645,0.5214006179352162,30.13285560451766,15.20745298386952,0.20854438957499105,0.039149056355302,30.703052295621,5.117070448820222,0.1027945739093566,0.8521747648784229,-30.703052295621,0,0.09495681679049622,True,True
coarse,44,0.2,3.2,0.7988817060791422,-0.7988817060791422,0.09326069356340307,1.2738763225248633,0.4257183816105794,30.137939068091484,15.207431448174273,0.2112138400944108,0.039149056355302,30.803458952217305,5.008752436385125,0.06809800112177944,0.6738523230540987,-30.803458952217305,0,0.08083107742190362,True,True
coarse,44,0.4,0.0,33.33173588815901,-33.33173588815901,2.8270168590149276,46.493897945802146,4.535368058142997,56.70802673754859,15.19399926100253,0.2826921379796209,0.039149056355302,59.371857277212094,7.096080487067316,1.3692840266954533,11.82026202059074,-59.371857277212094,0,2.8348974799215205,True,True
coarse,44,0.4,0.025,33.190907000276994,-33.190907000276994,2.770101688676322,45.130885922760996,4.362395666606422,54.84671422483794,15.194888391118571,0.27414401618453915,0.039149056355302,59.77796580319904,7.032302572865931,1.2983375224881493,11.403125878823278,-59.77796580319904,0,2.799442463150488,True,True
coarse,44,0.4,0.05,32.837327582686626,-32.837327582686626,2.713372564515532,43.83076945292116,4.201352636972392,53.16277207856247,15.195728956506006,0.26682547384514904,0.039149056355302,59.84152156713556,6.947115383529566,1.2259498824780288,10.969378359621595,-59.84152156713556,0,2.754115485262597,True,True
coarse,44,0.4,0.1,31.794093023367175,-31.794093023367175,2.600602969354283,41.42281498196538,3.910852061630704,50.204172375824044,15.197273687503746,0.2555130227853196,0.039149056355302,59.37753030843311,6.731453996937908,1.0850671305996644,10.096112985007874,-59.37753030843311,0,2.648948329821195,True,True
coarse,44,0.4,0.2,29.315829196139493,-29.315829196139493,2.3839399372835377,37.3057423635028,3.4345058106417374,45.392909478815184,15.199876160134233,0.24103586725594012,0.039149056355302,57.515031706652486,6.228273952686147,0.8687066503072354,8.601530373677337,-57.515031706652486,0,2.4287770064812606,True,True
coarse,44,0.4,0.4,24.35287840182545,-24.35287840182545,1.9999176754485652,30.98127038759298,2.7700807554987192,38.192835332618884,15.203521950367957,0.226528419639071,0.039149056355302,52.870763809433946,5.383575362175653,0.7602190826996547,7.095798282600862,-52.870763809433946,0,2.021063349626145,True,True
coarse,44,0.4,0.8,12.845020253920197,-12.845020253920197,1.3710373424013569,21.391085719486544,1.9882574132359845,30.115332513715074,15.20677516637591,0.21563323330423254,0.039149056355302,40.57132747756174,4.795128140639263,0.7552535663030576,5.734216108178407,-40.57132747756174,0,1.1957572621880832,True,True
coarse,44,0.4,1.2,2.2071289345157035,-2.2071289345157035,0.9053635426976572,13.82056708156632,1.5040168649409118,30.086820718700775,15.20723266908654,0.21220354828271493,0.039149056355302,31.70240328920157,4.9761653208114085,0.6565728773768077,4.4911022675938606,-29.662652518856216,0,0.47644416371620824,True,True
coarse,44,0.4,1.6,3.036645319814391,3.036645319814391,0.5608608517855128,9.485249331470254,1.1601082291356204,30.074296154015798,15.2066005590441,0.21175928357247356,0.039149056355302,26.3398534688909,5.241806115476249,0.5273842690301109,3.3674090651840762,-25.307792317575622,0,0.390047240181958,True,True
coarse,44,0.4,2.4,2.7081908879147196,2.7081908879147196,0.1260660081267894,5.352498981530388,0.7133435171365432,30.0715859211206,15.204945450450378,0.21285704643702136,0.039149056355302,27.349618066109322,5.256621463048959,0.30284068319225244,1.8213242928274773,-27.349618066109322,0,0.22318614442934576,True,True
coarse,44,0.4,3.2,0.22429713583711183,0.22429713583711183,0.07489891880040728,2.956497133437283,0.5303271115830168,30.07933652829675,15.204178764571422,0.21435678050406398,0.039149056355302,30.021877170618033,5.01850991308967,0.14353084195952273,1.0124317684191817,-30.021877170618033,0,0.06324253828339584,True,True
coarse,44,0.8,0.0,6.387767175674419,-6.387767175674419,1.749339422483099,29.473140644675805,3.3489125052269033,57.25562281157425,15.198460369313633,0.28538370060286444,0.039149056355302,41.84211486760652,5.450909986136228,0.9011493227683081,7.069746739468997,-36.052311180437556,0,1.0570535123458613,True,True
coarse,44,0.8,0.025,7.324826520285852,-7.324826520285852,1.7411646618578451,29.628994505974696,3.2992724032144034,56.274334405286325,15.198785728638414,0.28088361405556567,0.039149056355302,41.51354466622645,5.4269150792648375,0.8710294985058523,6.915991073654328,-36.89789191489186,0,1.102350458819628,True,True
coarse,44,0.8,0.05,8.133808705943235,-8.133808705943235,1.733289560233817,29.713246686248418,3.251203957996799,55.35754138652176,15.199103550620299,0.27679053364688555,0.039149056355302,41.21012741125238,5.39504844466316,0.8411171937271936,6.765822986923676,-37.623667446964404,0,1.1407474620873725,True,True
coarse,44,0.8,0.1,9.398744212329138,-9.398744212329138,1.7174529438171178,29.7021832020376,3.159148274257882,53.65131927231956,15.19971519811037,0.2697989530618233,0.039149056355302,40.69406543269491,5.311169524553265,0.7844449081021223,6.4873736741761405,-38.742263975003425,0,1.1984387097618647,True,True
coarse,44,0.8,0.2,10.766655844533647,-10.766655844533647,1.680438395022927,29.16683378484093,2.988218763558873,50.676589893903255,15.20083529686639,0.259068338204325,0.039149056355302,40.07157924593687,5.089901665432671,0.6990913042222007,6.081044465167128,-39.868702613013404,0,1.2503264431691419,True,True
coarse,44,0.8,0.4,10.434067187112806,-10.434067187112806,1.5693803271565536,27.052364039913563,2.6854911137405386,45.8819635851295,15.202634668896312,0.24556842257577877,0.039149056355302,40.315821929363686,4.6282687066274315,0.6685114445515289,5.908179398100488,-39.10026379538128,0,1.1833653818979886,True,True
coarse,44,0.8,0.8,2.6612377684005657,-2.6612377684005657,1.2581256254514461,21.0845794705039,2.1922826366933843,38.77860988231533,15.204546300472648,0.2326654293535445,0.039149056355302,42.36130633833058,4.316320433766515,0.7478318101837959,6.032100892853062,-30.36975552544726,0,0.6591197354144318,True,True
coarse,44,0.8,1.2,8.04022763326983,8.04022763326983,0.9945314016383007,16.73445492966453,1.8167346654504961,33.43738015749613,15.204734847197193,0.22627336945429669,0.039149056355302,41.38215631627235,4.708752309207815,0.7987996448233325,6.039343760717163,-19.77079391382298,0,0.8197832301054099,True,True
coarse,44,0.8,1.6,13.768756783238766,13.768756783238766,0.8268736397331651,15.032877072484462,1.5307600885215675,30.008067499514166,15.203933295189294,0.22533883767816373,0.039149056355302,36.655023561535096,5.246284144092869,0.8116432783319898,5.922533008262506,-15.529841547663576,0,1.0454426444463514,True,True
coarse,44,0.8,2.4,8.881603000166455,8.881603000166455,0.6146889116577523,11.534294271012985,1.123129864949219,29.995004120440182,15.201493734810018,0.2223582402250155,0.039149056355302,23.72019162089517,5.618162126316515,0.7611027752305062,5.173886616024198,-23.72019162089517,0,0.712223292026778,True,True
coarse,44,0.8,3.2,1.4144760690789657,-0.7695538800551327,0.38447334348735324,7.334513460461956,0.8644892035290791,30.003896477065567,15.199648679629584,0.22972119421245396,0.039149056355302,33.56438452205789,4.9962659814755135,0.5943644188809951,3.7739752325047378,-33.56438452205789,0,0.24208872541017673,True,True
coarse,44,1.2,0.0,5.903492111069374,-5.903492111069374,1.5014363556041679,21.32289273994758,2.779166307648407,57.698736734170964,15.201570811749468,0.2877574388941506,0.039149056355302,42.25227311012398,4.715524762393248,0.715215668305828,5.768681136219149,-36.11153052638646,0,0.8936356814646687,True,True
coarse,44,1.2,0.025,6.287812769888111,-6.287812769888111,1.4723035946331187,21.558609050645458,2.7495763958633703,57.023156316677856,15.201736016379364,0.28490309188128177,0.039149056355302,42.049553911201436,4.694889410483966,0.6944908958047527,5.62540791520355,-36.4774442140617,0,0.9070493314613871,True,True
coarse,44,1.2,0.05,6.618055095484323,-6.618055095484323,1.4451142337807956,21.753864912278793,2.7209794666605234,56.395600125576415,15.201897972830345,0.2820820727727393,0.039149056355302,41.86313241201968,4.670478240436889,0.6740666623131504,5.487938200007976,-36.78697804183076,0,0.9179239696233809,True,True
coarse,44,1.2,0.1,7.123585383445405,-7.123585383445405,1.3959523985310276,22.032506496713427,2.6664327082908046,55.16770029268141,15.202210982444806,0.2773177022012706,0.039149056355302,41.543754037506176,4.612166689187894,0.6352527280017644,5.235660759796005,-37.24485164879342,0,0.9323407515111488,True,True
coarse,44,1.2,0.2,7.578689108607352,-7.578689108607352,1.31362935418514,22.20877215050927,2.5657410290001414,52.9954180575546,15.202786696596363,0.2689308308237006,0.039149056355302,41.130910912446254,4.471892637981564,0.5727307238639697,4.850344271871569,-37.58507307697446,0,0.9343387682537747,True,True
coarse,44,1.2,0.4,6.775521061394834,-6.775521061394834,1.178987080951561,21.48790957861406,2.3846302772325823,49.33520443900297,15.203701317305335,0.25767854694242454,0.039149056355302,41.27635007049389,4.208829983017879,0.5281938824967323,4.575062035327791,-36.51080198283999,0,0.8515532834763535,True,True
coarse,44,1.2,0.8,0.7917104883816062,-0.7917104883816062,0.9267748090147091,17.686481168443986,2.0600448862335847,43.75095364994425,15.204503411478596,0.24508181840310067,0.039149056355302,42.74910229171474,4.2152487025919125,0.5839164754854396,4.76237761439242,-30.01574602378057,0,0.4523274338972677,True,True
coarse,44,1.2,1.2,7.324449017378752,7.324449017378752,0.7373943869278147,15.742245986422063,1.7852750201403524,39.40440708022851,15.204112469220224,0.24087963682228583,0.039149056355302,42.28089280089913,4.8011688517995585,0.6798274818904638,5.242082363410247,-22.04304056452338,0,0.7109275912808848,True,True
coarse,44,1.2,1.6,12.282091998220656,12.282091998220656,0.6885459928033247,15.684232417594268,1.5767882350361855,36.137333634567085,15.202938512981746,0.23685960705451028,0.039149056355302,38.49725639562015,5.474821692587558,0.7708510011468048,5.837632231450116,-18.268519294528712,0,0.9427075485695318,True,True
coarse,44,1.2,2.4,6.2897477254756975,6.2897477254756975,0.9271936111138471,13.732156706542549,1.3492440375782724,36.41159087396558,15.199808290138206,0.24004695988890665,0.039149056355302,28.270190705838814,6.019249574678134,0.9509665742501214,7.023866688933221,-28.270190705838814,0,0.6827668994756939,True,True
coarse,44,1.2,3.2,8.592961040857503,-8.592961040857503,0.9822770081997563,10.733186517460613,1.2208861118979735,38.656531037745864,15.197218933690774,0.2482626605409337,0.039149056355302,43.690270288961585,4.962963177251115,1.0137576050948034,7.005605224454655,-43.690270288961585,0,0.7846096445471098,True,True
coarse,44,1.6,0.0,6.0267651826405615,-6.0267651826405615,1.4851576079016628,17.3152402560548,2.4782854665409486,58.09857300539599,15.204907328583628,0.29024231648877813,0.039149056355302,43.679483786353686,5.0165931795646355,0.6012276160594291,5.152253917098955,-36.00356448446239,0,0.857416190472295,True,True
coarse,44,1.6,0.025,6.2900663792311375,-6.2900663792311375,1.4419249237492013,17.521959630061673,2.451779489601561,57.60246828238323,15.204985946348495,0.2883723735937562,0.039149056355302,43.54676813176754,4.933389760922161,0.5854359918184704,5.019835487505958,-36.262492619838866,0,0.8610626365154097,True,True
coarse,44,1.6,0.05,6.516955131799881,-6.516955131799881,1.400778171977348,17.70237631543617,2.4261929982508597,57.111416480207744,15.205061881594514,0.28651515915885317,0.039149056355302,43.42389770668142,4.852648875306502,0.5699424478597502,4.893020590047165,-36.48389589704515,0,0.8632057786549733,True,True
coarse,44,1.6,0.1,6.864885994206391,-6.864885994206391,1.32460111209046,17.988116357555242,2.377624063198531,56.14461736547787,15.2052051229613,0.28283880523749444,0.039149056355302,43.20985074607013,4.698580892928017,0.54042244677866,4.658733334053343,-36.81747211474719,0,0.863145613771361,True,True
coarse,44,1.6,0.2,7.170087539307376,-7.170087539307376,1.1945559839765767,18.288372553294646,2.289608342919908,54.408868767490674,15.205453630796645,0.27640078718729016,0.039149056355302,42.914690894179614,4.418902841280086,0.4907260164301821,4.280059855509235,-37.08151750908511,0,0.8469583785984047,True,True
coarse,44,1.6,0.4,6.523341520807752,-6.523341520807752,0.9987903438926029,18.035234727757437,2.1391420520443702,51.44265557392966,15.205779348851006,0.2676627996622924,0.039149056355302,42.79084372204785,3.9859333726243356,0.44049407691166065,3.879778894107011,-36.32010642063026,0,0.7611115862488433,True,True
coarse,44,1.6,0.8,2.063769117096242,-2.063769117096242,0.7169452803047971,15.418785613438132,1.8834659256840731,46.82212762386079,15.205695848146,0.25785822754684123,0.039149056355302,43.79140147631981,4.1575836848554095,0.45864137141429884,3.7882925280194177,-31.634166145799764,0,0.44169024306397736,True,True
coarse,44,1.6,1.2,4.028402700097679,4.028402700097679,0.515482273475041,13.427512212301007,1.6620550974065988,43.40414678781099,15.204735346988283,0.25101986090808853,0.039149056355302,43.31563862747772,4.868133653181954,0.5384224797307474,4.162355530741232,-25.700142360179036,0,0.4693444015056722,True,True
coarse,44,1.6,1.6,8.13648358138839,8.13648358138839,0.4742348776842548,13.95938890362172,1.4972547035733368,42.70881937660838,15.203173425841388,0.2503693254401809,0.039149056355302,40.539469052381946,5.592347775586848,0.6321898469571957,4.825222434656016,-22.567639741694396,0,0.6661760854908167,True,True
coarse,44,1.6,2.4,2.6565902066520293,1.967325651079907,0.9625303706556471,13.212989464976971,1.4122769040843428,44.40071183848169,15.199448432880052,0.25858276883898007,0.039149056355302,33.09084976854008,6.168036408835949,0.903480451583339,6.980427121949672,-33.09084976854008,0,0.5066467685393661,True,True
coarse,44,1.6,3.2,16.133873273749412,-16.133873273749412,1.3711447954713738,12.701809999801526,1.4395663989049134,45.970811020605815,15.196314020205282,0.2667936346069306,0.039149056355302,51.51125760542238,4.824139848766677,1.1964713443386608,8.772830113761497,-51.51125760542238,0,1.2788506059998188,True,True
coarse,44,2.4,0.0,5.109866564826915,-5.109866564826915,1.5954423575226444,13.11132265679451,2.2127799650650353,58.88683941475684,15.211735672179971,0.2961278658066175,0.039149056355302,46.65897795162695,5.964514367597067,0.4498053811133357,4.522027644048127,-34.945308833578835,0,0.7997714751388407,True,True
coarse,44,2.4,0.025,5.2594804424041115,-5.2594804424041115,1.5434275417609662,13.26132450473765,2.18566860967463,58.52581737299671,15.211715828662417,0.29536575287421074,0.039149056355302,46.61553960512091,5.886936326353147,0.439041071503974,4.402326451502735,-35.08694461303353,0,0.795055484473696,True,True
coarse,44,2.4,0.05,5.390739049999281,-5.390739049999281,1.4929567230053777,13.397330655366497,2.159309266873877,58.1670485105075,15.211693516133288,0.29460135398708004,0.039149056355302,46.576808120611936,5.810508521318893,0.4285796976363363,4.287325427672634,-35.21001891762055,0,0.7897033865374324,True,True
coarse,44,2.4,0.1,5.598878889908212,-5.598878889908212,1.3967719359730277,13.628327425646352,2.1088444572216467,57.456475394189,15.211641377555809,0.2930656975015389,0.039149056355302,46.51382756193433,5.661176819934402,0.4087653967253401,4.07233170350178,-35.40116536362431,0,0.7771645664674467,True,True
coarse,44,2.4,0.2,5.806814541826503,-5.806814541826503,1.223585048931434,13.934768688236426,2.0166902237208775,56.084882771198565,15.21150645339462,0.2899669437140347,0.039149056355302,46.44539671251605,5.376583647730417,0.3747311866850499,3.7059837601113563,-35.57294904004727,0,0.7453125163621159,True,True
coarse,44,2.4,0.4,5.501574068704738,-5.501574068704738,0.9469778385940979,14.00774863217705,1.8631322731133388,53.87384306515483,15.211111524420746,0.28365962452929033,0.039149056355302,46.49731633934987,4.908747449700181,0.3330962353516864,3.2155802549735126,-35.19232166349258,0,0.6589977394812063,True,True
coarse,44,2.4,0.8,2.957063275850148,-2.957063275850148,0.5746286395387786,12.628696918406359,1.6349275981106637,51.941551204697845,15.209834447239782,0.2792127932004945,0.039149056355302,46.7308225567062,4.221689236847212,0.32772691269337295,2.8348581275730167,-32.53889936314727,0,0.4234639679010241,True,True
coarse,44,2.4,1.2,0.6403389134060216,0.6403389134060216,0.3274996440901634,10.257089873030724,1.460798173769011,52.44994379286612,15.20800631493949,0.2833162920023483,0.039149056355302,47.59640308323047,4.869356660452029,0.3694984635458298,2.8892122797744237,-29.068399981949685,0,0.22323685684014064,True,True
coarse,44,2.4,1.6,3.2563622764642526,3.2563622764642526,0.26231050433872405,10.014660260092644,1.3408730913243976,52.93634052784369,15.205815202293053,0.2874191466660702,0.039149056355302,47.265057683022405,5.561920205156005,0.4161671514493488,3.1895511573132644,-27.0997321441986,0,0.3337609331100447,True,True
coarse,44,2.4,2.4,2.1740495810796574,-1.951517283199586,0.7407330616796587,10.474505428243171,1.334581124854867,53.85413400642256,15.201183074090446,0.2956229240058537,0.039149056355302,41.795450435010224,5.943335454566643,0.584132899766336,4.750886860715552,-35.463929144495985,0,0.4029801708343368,True,True
coarse,44,2.4,3.2,17.21501654715713,-17.21501654715713,1.2945375862795057,12.117672079944004,1.5499233115483695,54.7175340341711,15.197304150998791,0.3038241260746718,0.039149056355302,49.39242928830125,4.549871622047406,0.944463647096289,7.435844665282342,-47.06091667476213,0,1.3106913689002788,True,True
coarse,44,3.2,0.0,4.118785153921374,-4.118785153921374,1.669339338509553,10.73909409870151,2.1265849418617115,59.61537339755788,15.21804995776458,0.3080310821275659,0.039149056355302,50.17146747358415,6.670104571921296,0.3597476122246794,4.224204162197809,-33.87252642999894,0,0.7475146631110302,True,True
coarse,44,3.2,0.025,4.208556544578245,-4.208556544578245,1.619121157208386,10.849015338265456,2.0996441876001795,59.32191605213192,15.217977850973638,0.3082873482250273,0.039149056355302,50.22599929562769,6.5935723430861,0.3510448868762791,4.11293774711919,-33.95691870872387,0,0.7399244892453153,True,True
coarse,44,3.2,0.05,4.287636767883322,-4.287636767883322,1.570024128373388,10.950247402249357,2.073303782636981,59.030811501025084,15.217903377718049,0.30854361180726514,0.039149056355302,50.28491579919207,6.51743949411087,0.3426083421153086,4.005073495781162,-34.03064182886517,0,0.7320174449611104,True,True
coarse,44,3.2,0.1,4.413902535970897,-4.413902535970897,1.4753095903299942,11.126982882289097,2.0224513300918843,58.45616954569247,15.217747374240274,0.30905613142686683,0.039149056355302,50.415976806913974,6.366417199439307,0.32662891477462636,3.800050564604773,-34.14623448910592,0,0.7152939720944309,True,True
coarse,44,3.2,0.2,4.542226462288796,-4.542226462288796,1.3002039056569132,11.380858758450625,1.9281043825087465,57.42374667024519,15.217407494903929,0.3100811404856803,0.039149056355302,50.72955039696212,6.2186366061469425,0.2988061237133245,3.434994567289375,-34.253366729162835,0,0.6785077627528278,True,True
coarse,44,3.2,0.4,4.351771977445087,-4.351771977445087,1.0054331043115499,11.526798923611684,1.7673627656640967,57.5891381096267,15.216619971437131,0.3121310378900567,0.039149056355302,51.523960121666,6.0634581317695435,0.2620491619852954,2.88350641690388,-34.02299363307073,0,0.5938820092100446,True,True
coarse,44,3.2,0.8,2.7091994489237843,-2.7091994489237843,0.5846215722423939,10.71185980643546,1.5315410779542753,57.91097652067732,15.214657058378783,0.31623034989103593,0.039149056355302,53.24498313265064,5.8941132460438945,0.2520733560120162,2.332730260178285,-32.34505517257908,0,0.3959060449060746,True,True
coarse,44,3.2,1.2,0.3932315055524562,-0.3932315055524562,0.318651514187282,8.989313422318892,1.3677222039919905,58.22061318897607,15.212290363232018,0.3203290182374441,0.039149056355302,54.218128206325844,5.873715452043019,0.2806419689245933,2.249625195659245,-30.16440238885577,0,0.19658380103644696,True,True
coarse,44,3.2,1.6,1.3102927662487514,1.3102927662487514,0.27840149623321075,7.76874659474372,1.2732043915411793,58.51876374807859,15.209686059461541,0.3244270430362417,0.039149056355302,54.005546204281295,6.0222627274775276,0.3048324920644251,2.385174787954771,-28.910414967568173,0,0.22065856065277417,True,True
coarse,44,3.2,2.4,1.6578803401510764,-1.6578803401510764,0.6165066929533867,7.6312544145806385,1.3273686870338373,59.086710335596834,15.204450343221163,0.33262116241827516,0.039149056355302,51.89182511614341,6.632364475664162,0.3503874558864529,3.0257844880946076,-33.418053959339716,0,0.32230350786795875,True,True
coarse,44,3.2,3.2,4.505373761226304,-4.505373761226304,1.066675541179705,11.985971582169228,2.8181309250619835,66.33064558456913,15.200078590619032,0.34081270889226567,0.03914905635529083,53.19377030676758,6.314317191783604,0.375547403719366,3.5851549243742307,-35.72651893832686,0,0.6378685608067037,True,False
coarse,55,0.0,0.0,30.340419384356345,30.340419384356345,15.38152660016362,30.340419384356345,15.381526600163621,30.34041938435635,15.38152660016362,0.3404193843563558,0.010610722515678149,0.3404193843563558,0.010610722515678149,13.024032408253552,53.90739949122043,0.3404193843563558,0,5.866571581451293,True,True
coarse,55,0.0,0.025,23.063785980853424,23.063785980853424,9.008745322733565,26.248028351285996,11.716408584378467,30.336612131464943,15.380138329004412,0.3404193843563558,0.010610722515678149,7.358257198541326,1.8457126915735707,7.702658364339963,30.747430281679932,-7.358257198541326,0,3.815553784032179,True,True
coarse,55,0.0,0.05,18.101350569891373,18.101350569891373,5.152130703734557,23.048944811158208,9.102765872133388,30.333051365759562,15.378937033452797,0.3404193843563558,0.010610722515678149,12.435491787021345,2.925082766601352,4.458204870661566,16.74751390146333,-12.435491787021345,0,2.5339127489678166,True,True
coarse,55,0.0,0.1,12.907891124843577,12.907891124843577,1.4674114814023345,18.772753028536037,5.830668458064583,30.326603688701713,15.377034526371206,0.3404193843563558,0.010610722515678149,17.50548418964048,3.9366285305740574,1.3728776074211164,4.483524156186197,-17.50548418964048,0,1.2639593955897879,True,True
coarse,55,0.0,0.2,9.481095980326192,9.481095980326192,0.26800515034297107,14.56355190090468,3.0686830880239304,30.31600060129927,15.374860193337408,0.3404193843563558,0.010610722515678149,20.769012939431764,4.516803433029358,0.6542352175147296,4.476426533050563,-20.769012939431764,0,0.7125608996328582,True,True
coarse,55,0.0,0.4,6.612457677667974,6.612457677667974,0.29332545054609,11.017147918873247,1.723802339082701,30.3014322015793,15.374767328950734,0.3404193843563558,0.010610722515678149,23.683949776563722,4.937019620272228,0.4038191163901092,3.0295864637406242,-23.683949776563722,0,0.5239305173975038,True,True
coarse,55,0.0,0.8,3.9973809415778483,3.9973809415778483,0.2751576141635852,7.8195714118123565,1.0409940076117998,30.28629049887625,15.38099633744884,0.3404193843563558,0.010610722515678149,26.114225368396426,5.21645371423178,0.304501916993945,2.00889392469049,-26.114225368396426,0,0.3508312517249538,True,True
coarse,55,0.0,1.2,3.743149191353255,3.743149191353255,0.20844999881563225,6.407514000893093,0.7935136185139535,30.278247532717682,15.387268038627589,0.3404193843563558,0.010610722515678149,26.19900804846959,5.097760497812415,0.3534445763845397,1.9411958484416112,-26.19900804846959,0,0.30563181807826084,True,True
coarse,55,0.0,1.6,3.869347634988505,3.869347634988505,0.13653949785676528,5.73253142347182,0.6493042375454843,30.272245529418463,15.391164951606298,0.3404193843563558,0.010610722515678149,26.14673439695818,4.946689391078489,0.3005905063748898,1.6198873370108742,-26.14673439695818,0,0.2859828977743374,True,True
coarse,55,0.0,2.4,3.250710729708063,3.250710729708063,0.19593065956965683,4.955570068942063,0.5177985668569324,30.262030130227156,15.393614011836545,0.3404193843563558,0.010610722515678149,26.902884046394455,4.862061655577991,0.17053485688545628,1.1297816321309853,-26.902884046394455,0,0.26127537951535634,True,True
coarse,55,0.0,3.2,2.7004706555300513,2.7004706555300513,0.2334528049813541,4.398371196762381,0.48989013874599285,30.25327548932075,15.393001897905108,0.3404193843563558,0.010610722515678149,27.38374078411453,4.845328733127,0.13379191266107218,1.0408803521846122,-27.38374078411453,0,0.23804456815737715,True,True
coarse,55,0.025,0.0,37.22411661623648,-37.22411661623648,8.672782167684705,21.643193542803225,11.40480591305855,38.67466539001044,15.381170365300282,0.3404193843563558,0.010610722515678149,68.9713337524051,6.144674074221588,7.734497696777576,41.193974803289265,-68.9713337524051,0,4.396114356718101,True,True
coarse,55,0.025,0.025,31.230318137433095,-31.230318137433095,5.100082459942068,19.247595237560294,8.927338712579186,32.21806356041019,15.37989692932625,0.3404193843563558,0.010610722515678149,62.415571864378826,6.210931691648119,4.7844758230957325,26.244989837052014,-62.415571864378826,0,3.1428046964280036,True,True
coarse,55,0.025,0.05,25.75353777600011,-25.75353777600011,2.899916724308464,16.934308409730942,7.106194322027427,30.3249648344122,15.378795324938551,0.3404193843563558,0.010610722515678149,56.50013519941559,6.105719600732491,2.902286439346104,16.473453005595417,-56.50013519941559,0,2.2698895929325174,True,True
coarse,55,0.025,0.1,17.075085523670587,-17.075085523670587,0.9266584255599793,12.936884918585497,4.768176946452779,30.320488787932867,15.377052388721493,0.3404193843563558,0.010610722515678149,47.31240346099633,5.772293619424368,0.9682741705847958,6.343812272022924,-47.31240346099633,0,1.2711376449090044,True,True
coarse,55,0.025,0.2,7.3986093215088715,-7.3986093215088715,0.698239883702019,7.633438395494946,2.8349571539375313,30.31295689213986,15.375071488557074,0.3404193843563558,0.010610722515678149,37.42439501676882,5.316328842377683,0.45123428065413645,3.0564099489447836,-37.42439501676882,0,0.6544252529427776,True,True
coarse,55,0.025,0.4,1.3314564395554087,-1.3314564395554087,0.4129633806298944,3.3809077103010567,1.696475659419621,30.301948257454868,15.37506089466875,0.3404193843563558,0.010610722515678149,31.438221883137142,5.1809931279286685,0.377988935017771,2.3428450496626514,-31.438221883137142,0,0.22570808856781202,True,True
coarse,55,0.025,0.8,0.6697273886845055,0.6697273886845055,0.10537382728953419,3.7576617876670597,0.9692158073511165,30.288311627041388,15.381086314067774,0.3404193843563558,0.010610722515678149,29.40082147040205,5.298414217926069,0.20478635098870987,1.484751713284737,-29.40082147040205,0,0.10698053408440811,True,True
coarse,55,0.025,1.2,1.4132101115953377,1.4132101115953377,0.09594508196546248,3.805914545751534,0.7144681439201603,30.27897049672971,15.387220655383107,0.3404193843563558,0.010610722515678149,28.570878135122648,5.190490164017197,0.270528745619595,1.6496405029163406,-28.570878135122648,0,0.13803704669618874,True,True
coarse,55,0.025,1.6,1.926862120129791,1.926862120129791,0.054138321530105095,3.773683484507594,0.5826849438307998,30.271149628217323,15.391107213419138,0.3404193843563558,0.010610722515678149,28.115046059815278,5.0350032249414,0.25357339249676947,1.4863527678374218,-28.115046059815278,0,0.1508460445741412,True,True
coarse,55,0.025,2.4,1.8449751955687845,1.8449751955687845,0.1212972090473882,3.60521989004677,0.46346823589180913,30.25796089506492,15.393631282638056,0.3404193843563558,0.010610722515678149,28.315216959901562,4.926087231683414,0.14993831043874617,1.0440135612063983,-28.315216959901562,0,0.16018957151439842,True,True
coarse,55,0.025,3.2,1.5859314813260963,1.5859314813260963,0.17146910166652315,3.355056225560859,0.44421672627005054,30.247409107822435,15.3930359881321,0.3404193843563558,0.010610722515678149,28.506742590092028,4.902638217757134,0.1156525463660387,0.9576870698554302,-28.506742590092028,0,0.15738109460231614,True,True
coarse,55,0.05,0.0,51.130403303813424,-51.130403303813424,5.805280645582158,34.5379440842025,9.045820556346447,51.91456921738404,15.38087443726289,0.3404193843563558,0.010610722515678149,82.07208867524744,9.199020129501106,5.013090652926371,34.257953488264995,-82.07208867524744,0,4.4434640527183955,True,True
coarse,55,0.05,0.025,44.916187234500995,-44.916187234500995,3.8061777427001453,31.429724617909585,7.332268882969041,45.39461588876383,15.37970440242877,0.3404193843563558,0.010610722515678149,75.48630786773275,8.522866665844415,3.354445174892047,24.165173387388393,-75.48630786773275,0,3.5790764842971927,True,True
coarse,55,0.05,0.05,39.26909045911056,-39.26909045911056,2.600593734871669,28.486148336918838,6.050874860664055,39.524476325811705,15.378692465435465,0.3404193843563558,0.010610722515678149,69.56955662746084,7.901639960784173,2.2281174839870395,17.049630290849098,-69.56955662746084,0,2.9498580304069852,True,True
coarse,55,0.05,0.1,29.88814747665875,-29.88814747665875,1.6018851126205298,23.270252735916937,4.391403025249084,30.314286076693936,15.37709275585095,0.3404193843563558,0.010610722515678149,59.89178416790415,6.93716321599601,0.9559931976281903,8.771903008575785,-59.89178416790415,0,2.1605523761803367,True,True
coarse,55,0.05,0.2,17.814188874580253,-17.814188874580253,1.19794519659497,15.6511169918081,2.890663298465555,30.30955947592636,15.375284277027218,0.3404193843563558,0.010610722515678149,47.710658629639475,5.914286742093027,0.4352482102359242,3.9535385402393066,-47.710658629639475,0,1.367854778241933,True,True
coarse,55,0.05,0.4,7.597143521772996,-7.597143521772996,0.701857200511851,7.798099504919077,1.8126760852551669,30.30186188294342,15.375342232188267,0.3404193843563558,0.010610722515678149,37.5484903023414,5.3860283938465905,0.40820414681193656,2.501737796199442,-37.5484903023414,0,0.649924529039552,True,True
coarse,55,0.05,0.8,2.0936730646643245,-2.0936730646643245,0.17251133869633453,2.7201126706628833,1.0194063080819638,30.289764988508246,15.381172115515204,0.3404193843563558,0.010610722515678149,32.07442563133321,5.360988216464593,0.16359332862401765,1.173806177935599,-32.07442563133321,0,0.18713605931448996,True,True
coarse,55,0.05,1.2,0.4329614635348048,-0.4329614635348048,0.016578373479987835,1.9028301109764385,0.6840305928074165,30.27933105344104,15.387174992558391,0.3404193843563558,0.010610722515678149,30.40893776520982,5.266534197517853,0.19938092185980966,1.3833384390327017,-30.40893776520982,0,0.052826554608916935,True,True
coarse,55,0.05,1.6,0.39097322128226886,0.39097322128226886,0.03223751487106401,2.0311477961147126,0.5440989499877336,30.269861397277154,15.391049683367708,0.3404193843563558,0.010610722515678149,29.649607096339686,5.112225794602821,0.2099339215466874,1.3624080008108983,-29.649607096339686,0,0.053424777134922524,True,True
coarse,55,0.05,2.4,0.7069116549307676,0.7069116549307676,0.06872667241759267,2.4028242910967905,0.42223349058814685,30.253877394523066,15.393643488438252,0.3404193843563558,0.010610722515678149,29.442393875169106,4.981921446923093,0.13351378157737248,0.9842309230086302,-29.442393875169106,0,0.07945002665236645,True,True
coarse,55,0.05,3.2,0.676364306454852,0.676364306454852,0.12214152448857771,2.423475921081552,0.4067149530187854,30.241603532205342,15.393064801816983,0.3404193843563558,0.010610722515678149,29.41033971317177,4.9522414889388235,0.10127726849930101,0.8945888819186012,-29.41033971317177,0,0.09119489828754025,True,True
coarse,55,0.1,0.0,58.124780235196496,-58.124780235196496,4.848079413738935,45.54365185534489,7.023209608704731,58.44871934409433,15.380433456898174,0.3404193843563558,0.010610722515678149,88.51131496455491,11.179494118924941,3.0016986080752686,27.003073048090066,-88.51131496455491,0,4.612547624262052,True,True
coarse,55,0.1,0.025,52.62916249890145,-52.62916249890145,3.974417214834383,42.463821385621586,6.084650516471611,52.719749597963414,15.379440482449255,0.3404193843563558,0.010610722515678149,82.73215536613486,10.240862870280184,2.3698416868620766,21.741402145276034,-82.73215536613486,0,4.078350000927175,True,True
coarse,55,0.1,0.05,47.81801819110646,-47.81801819110646,3.357790520752645,39.61018811985325,5.3411987313247735,47.85059388563087,15.378581845465867,0.3404193843563558,0.010610722515678149,77.74789752182215,9.423216308012226,1.8553584737519278,17.51387922980117,-77.74789752182215,0,3.647707929816195,True,True
coarse,55,0.1,0.1,39.90316386231292,-39.90316386231292,2.608158544468553,34.54199128419729,4.281093769945189,40.457469467025014,15.377226248448524,0.3404193843563558,0.010610722515678149,69.68705174372197,8.155360342455657,1.1281609424541008,11.628677669721094,-69.68705174372197,0,3.005000269181899,True,True
coarse,55,0.1,0.2,28.848010777262687,-28.848010777262687,1.9070456821342336,26.59364876152573,3.1147168530179634,30.301874763165873,15.375708570716764,0.3404193843563558,0.010610722515678149,58.61485652412872,6.701677169624628,0.5929969073587558,6.436007719011916,-58.61485652412872,0,2.191669765301857,True,True
coarse,55,0.1,0.4,16.455218297757757,-16.455218297757757,1.2062866375375658,16.57389022718136,2.087882498438963,30.300119545328872,15.37586956995018,0.3404193843563558,0.010610722515678149,46.18571196178038,5.696271756011785,0.5257061434247995,3.829568309708244,-46.18571196178038,0,1.2965640532641332,True,True
coarse,55,0.1,0.8,6.323606870713947,-6.323606870713947,0.4748177115583144,7.544369971851026,1.224360897562363,30.291159784415076,15.38133188077496,0.3404193843563558,0.010610722515678149,36.027650586209504,5.436994706272739,0.25475357410690364,1.5063390379081172,-36.027650586209504,0,0.517760418209694,True,True
coarse,55,0.1,1.2,2.9661542524542623,-2.9661542524542623,0.1694188101577117,3.9999356561691664,0.8124877585343361,30.279074269966884,15.3870879460039,0.3404193843563558,0.010610722515678149,32.80199731516762,5.372855535846624,0.12583526767604666,1.031169262526631,-32.80199731516762,0,0.23727115606378502,True,True
coarse,55,0.1,1.6,1.6538853297813643,-1.6538853297813643,0.11210346496913284,2.3451475507472557,0.6011031284125221,30.266764166500444,15.390934708889068,0.3404193843563558,0.010610722515678149,31.621053247516404,5.234685279685382,0.13749397305578306,1.1429379918575302,-31.621053247516404,0,0.14008497553026683,True,True
coarse,55,0.1,2.4,0.8760107557868398,-0.8760107557868398,0.0733251972737227,1.2905425712498089,0.42057997633583977,30.245685765076118,15.393653347610522,0.3404193843563558,0.010610722515678149,30.966790108366343,5.070021320833014,0.10770732660248568,0.9156119554072953,-30.966790108366343,0,0.07975858037040737,True,True
coarse,55,0.1,3.2,0.6138025713443337,-0.6138025713443337,0.0652160771494407,1.1712623168620546,0.37371331436038424,30.230183510639183,15.39310721704949,0.3404193843563558,0.010610722515678149,30.657400605806338,5.029011255764179,0.0807851013826437,0.8142451088876674,-30.657400605806338,0,0.06286109386699568,True,True
coarse,55,0.2,0.0,59.63547404728996,-59.63547404728996,4.429755289044024,52.80258058893308,5.870860746755987,60.081026356304385,15.379989345531442,0.3404193843563558,0.010610722515678149,89.25597443986817,10.740267627388816,2.049565003439223,19.789158731305747,-89.25597443986817,0,4.625163126702495,True,False
coarse,55,0.2,0.025,55.061532440367884,-55.061532440367884,4.042462427988096,50.04153955340096,5.4041618067624775,56.21944576560595,15.379257472340747,0.3404193843563558,0.010610722515678149,84.54257402439703,10.206828240842194,1.8233179011372749,17.8062697031441,-84.54257402439703,0,4.269008356123212,True,True
coarse,55,0.2,0.05,51.22886268233475,-51.22886268233475,3.717621463771921,47.56037184381182,5.000812233825816,53.110513071039776,15.378624217780615,0.3404193843563558,0.010610722515678149,80.64830576414752,9.688758741738217,1.6007279683439457,15.934830081050587,-80.64830576414752,0,3.9688975502912514,True,True
coarse,55,0.2,0.1,45.16358383642248,-45.16358383642248,3.213371504967013,43.26671422848031,4.349184227447753,48.1540913815305,15.377625355150846,0.3404193843563558,0.010610722515678149,74.57434540527147,8.750385163831977,1.2115421139794809,12.730164644184187,-74.57434540527147,0,3.4931431217225617,True,True
coarse,55,0.2,0.2,36.74660914099407,-36.74660914099407,2.5692468991213278,36.522414786843555,3.473903984289199,40.74063092219389,15.376523575685667,0.3404193843563558,0.010610722515678149,66.23798370170802,7.3667765011614454,0.8006354761471524,8.81709198848356,-66.23798370170802,0,2.8407587753852543,True,True
coarse,55,0.2,0.4,25.529170691160523,-25.529170691160523,1.8241083637600852,26.976849330023505,2.5285768878333723,30.51454781434766,15.376793121666186,0.3404193843563558,0.010610722515678149,54.884755472629095,6.0255559520268935,0.7248650889024557,6.104649327352823,-54.884755472629095,0,1.998609319062514,True,True
coarse,55,0.2,0.8,10.945526547571166,-10.945526547571166,0.9288743227366704,15.206390143772495,1.6037626460354033,30.28904541386286,15.38160813087576,0.3404193843563558,0.010610722515678149,39.805674177850044,5.451344696169571,0.5042503748039198,3.281858210846122,-39.805674177850044,0,0.9324200979215392,True,True
coarse,55,0.2,1.2,4.4739256782319465,-4.4739256782319465,0.42667784092518446,9.031053837793696,1.0970432131714554,30.275316704008283,15.386925628552953,0.3404193843563558,0.010610722515678149,33.64410645707367,5.441113078673579,0.28317490320194394,1.6454119305850932,-33.64410645707367,0,0.4235500688233875,True,True
coarse,55,0.2,1.6,2.4656816340553185,-2.4656816340553185,0.19665243069499713,5.8900406400528915,0.7914008682105378,30.258838224224245,15.390702040543147,0.3404193843563558,0.010610722515678149,32.08118350508703,5.371415273643527,0.1582083734246936,1.1104454612667083,-32.08118350508703,0,0.23446224811242228,True,True
coarse,55,0.2,2.4,1.8632480426228066,-1.8632480426228066,0.14027121758483252,3.1913479636386293,0.5242726923626146,30.22931879999821,15.393619113954015,0.3404193843563558,0.010610722515678149,31.802446374126212,5.168728079345408,0.08091782276894553,0.9001216680637875,-31.802446374126212,0,0.16339132015183075,True,True
coarse,55,0.2,3.2,1.6013261211223775,-1.6013261211223775,0.0943443873436044,2.0373372339487794,0.4319476272161101,30.208159766587112,15.393135337791364,0.3404193843563558,0.010610722515678149,31.52037840028795,5.1062817564472756,0.06058980553000308,0.7711640535577692,-31.52037840028795,0,0.1276881809398956,True,True
coarse,55,0.4,0.0,43.76663318538749,-43.76663318538749,3.165546392991799,52.501585771647605,4.811442884000732,60.447253976734494,15.380000434505565,0.3404193843563558,0.010610722515678149,70.06925683256092,8.857374934442145,1.3541058423256338,12.614846975215483,-70.06925683256092,0,3.4958498200588437,True,False
coarse,55,0.4,0.025,42.53445808053782,-42.53445808053782,3.1009568697851146,50.72370721745631,4.628717652938602,58.35245502705886,15.379560658624431,0.3404193843563558,0.010610722515678149,69.40509749860936,8.735811228515402,1.2720999297228732,12.11099147327808,-69.40509749860936,0,3.400292323006524,True,True
coarse,55,0.4,0.05,41.2953053643566,-41.2953053643566,3.036351976978315,49.08635519963247,4.458625505195849,56.51528944830943,15.379178247057418,0.3404193843563558,0.010610722515678149,68.56619397576225,8.576443090197781,1.1877812499022482,11.580464399199894,-68.56619397576225,0,3.3057595803873827,True,True
coarse,55,0.4,0.1,38.92860916141369,-38.92860916141369,2.9052616020395137,46.17074073023807,4.151653788459795,53.38139463711281,15.378572048503713,0.3404193843563558,0.010610722515678149,66.70502708999284,8.184887246262052,1.0305821526776078,10.538072934351346,-66.70502708999284,0,3.125339511536138,True,True
coarse,55,0.4,0.2,34.76792661319831,-34.76792661319831,2.642865181755052,41.4067497211784,3.648292566380964,48.42363230730419,15.377908260547379,0.3404193843563558,0.010610722515678149,62.97124472843441,7.334651615568647,0.8526952342991434,9.008982129753573,-62.97124472843441,0,2.803781497408841,True,True
coarse,55,0.4,0.4,27.02071815394411,-27.02071815394411,2.1492296572444523,34.09341568439728,2.940933166541517,41.04575902810221,15.378198381107943,0.3404193843563558,0.010610722515678149,55.00779082666657,6.088350879446652,0.8597822801502895,7.745100701555678,-55.00779082666657,0,2.220509582883876,True,True
coarse,55,0.4,0.8,9.243466833654333,-9.243466833654333,1.3490248486218182,22.08979481657321,2.07724043459685,30.88373922622841,15.382011930017416,0.3404193843563558,0.010610722515678149,39.9006289410141,5.255029569797604,0.7549394324788268,5.660863635071824,-35.88665394666567,0,1.0174530144762297,True,True
coarse,55,0.4,1.2,1.8563869023699933,1.7781313362311493,0.7957588846275823,13.8225677558553,1.5279833786690993,30.2589918757792,15.38661599722921,0.3404193843563558,0.010610722515678149,32.86905491347118,5.291555998810434,0.5997708330585624,4.004975725633073,-25.82226704351734,0,0.4319141795785864,True,True
coarse,55,0.4,1.6,3.861642859158305,3.861642859158305,0.40934526863499,9.767036733134361,1.1392356675538082,30.238343968726248,15.390209707453174,0.3404193843563558,0.010610722515678149,25.31947626538631,5.400540754843473,0.4669328327127357,2.892386686660345,-25.31947626538631,0,0.3954253947809165,True,True
coarse,55,0.4,2.4,0.498036317665379,0.498036317665379,0.03418264105642265,5.216744237797968,0.6728956140947021,30.1974009920944,15.393365640316478,0.3404193843563558,0.010610722515678149,29.845079054779667,5.2108211561481985,0.24480032315604827,1.6028333100942234,-29.845079054779667,0,0.08791537116978745,True,True
coarse,55,0.4,3.2,1.011702997521006,-1.011702997521006,0.11992006501257926,3.71886155912953,0.5414956002674183,30.16767167181776,15.392995255041617,0.3404193843563558,0.010610722515678149,31.041981297990798,5.084784074547444,0.10001655354116001,0.9490788607093006,-31.041981297990798,0,0.12040364644657221,True,True
coarse,55,0.8,0.0,10.741065840934958,-10.741065840934958,1.967381767523868,36.1542936634669,3.63665055112686,60.866825683589134,15.38075960005102,0.3404193843563558,0.010610722515678149,46.21498836579098,7.092044102206541,0.8501730617617067,7.293691056052981,-39.8806210847836,0,1.3896069090828618,True,False
coarse,55,0.8,0.025,12.022367783708853,-12.022367783708853,1.9634623427974442,36.23355162348741,3.5845842063020172,59.752197739527126,15.380531746910062,0.3404193843563558,0.010610722515678149,45.94975151564447,7.071478276227823,0.8204439254708126,7.177943865843505,-41.05106951761447,0,1.4525018757717416,True,True
coarse,55,0.8,0.05,13.031898648992401,-13.031898648992401,1.95949599144158,36.198923735034406,3.5341977834203826,58.71652479156531,15.380330365039569,0.3404193843563558,0.010610722515678149,45.71925421527616,7.031339856506635,0.7916353422850572,7.065707667557223,-41.96734988834024,0,1.5008749578964191,True,True
coarse,55,0.8,0.1,14.351041629999113,-14.351041629999113,1.948049534736187,35.866563010797336,3.4368850525364287,56.85657079900638,15.380003336957914,0.3404193843563558,0.010610722515678149,45.392673010183906,6.901885128581614,0.7415811396891305,6.870130915924098,-43.132122329253754,0,1.5596107427664057,True,True
coarse,55,0.8,0.2,14.92448529074629,-14.92448529074629,1.8990779471690047,34.53994281044127,3.2500810558142375,53.7166858806198,15.379626632971286,0.3404193843563558,0.010610722515678149,45.29869447581671,6.521872799835368,0.6928536683648296,6.66722218831149,-43.44224981651254,0,1.5619325076880506,True,True
coarse,55,0.8,0.4,11.366719264497751,-11.366719264497751,1.7031388872778834,30.720034758729334,2.89813076233784,48.8133856614984,15.379784574710548,0.3404193843563558,0.010610722515678149,46.35032908954462,5.7378911804406245,0.7269483523657022,6.649636122392751,-39.34261899312321,0,1.297476052516414,True,True
coarse,55,0.8,0.8,3.4089644638127083,3.4089644638127083,1.254941217214581,22.027307621760553,2.31215151291156,41.62452154835133,15.382350526826224,0.3404193843563558,0.010610722515678149,46.33358891714984,5.002832669118195,0.7436269424359491,6.154373255685888,-24.140755102113435,0,0.7055246778212324,True,True
coarse,55,0.8,1.2,13.618560572975365,13.618560572975365,0.9966644496080571,18.654622420843594,1.8908586683994435,36.138007962252544,15.385920836797668,0.3404193843563558,0.010610722515678149,41.07900253015484,5.072788492447919,0.7810208204009158,6.02496952964216,-15.58349744213717,0,1.1164457113617248,True,True
coarse,55,0.8,1.6,13.529476021636668,13.529476021636668,0.8801473508012305,16.42270685029938,1.5853789552633555,31.87863390966657,15.38907251344804,0.3404193843563558,0.010610722515678149,32.51677430661946,5.423199594006245,0.8199105259798749,6.025448125377762,-17.996259868128156,0,1.0592714140912267,True,True
coarse,55,0.8,2.4,1.7278342142590764,0.1264750249171603,0.6221882683198467,10.523961302480572,1.1383694214056974,30.14067580745716,15.392321596705901,0.3404193843563558,0.010610722515678149,33.66692415222862,5.322438393939543,0.7665602900350326,5.079655357161984,-33.66692415222862,0,0.3482392628528957,True,True
coarse,55,0.8,3.2,5.494472806593112,-5.494472806593112,0.3600786677812798,7.2639524706178635,0.8511641021782165,30.61534509626543,15.39213661675934,0.3404193843563558,0.010610722515678149,35.986046765298994,4.906851453512651,0.4516182655726289,2.876823992498577,-35.986046765298994,0,0.4391841546964351,True,True
coarse,55,1.2,0.0,8.981544491618685,-8.981544491618685,1.5889956252813495,26.772444656565956,3.0229205407985638,61.21524281943532,15.381176289792453,0.3404193843563558,0.010610722515678149,46.164382903861586,6.356418884105651,0.6507449010858832,5.740834134577711,-39.3300853091971,0,1.1188239628562913,True,False
coarse,55,1.2,0.025,9.436438393713203,-9.436438393713203,1.5616887455702917,27.029582912147056,2.9927126487575215,60.43680032228595,15.381018955550815,0.3404193843563558,0.010610722515678149,46.02556994828901,6.342087670905393,0.63179155305145,5.631818715062118,-39.72838354878278,0,1.1363911638225552,True,False
coarse,55,1.2,0.05,9.794349060464421,-9.794349060464421,1.5368752277743514,27.214956152221156,2.9637174187406776,59.71117267274018,15.380877926997853,0.3404193843563558,0.010610722515678149,45.90625849903223,6.317596760202536,0.6137370617337092,5.531689421296148,-40.0298232892235,0,1.1491543164434994,True,True
coarse,55,1.2,0.1,10.234882089865632,-10.234882089865632,1.4927254056821226,27.393650127670206,2.9083853065170215,58.349561476088965,15.380643405092254,0.3404193843563558,0.010610722515678149,45.732818378066476,6.242247561593514,0.5822460819168654,5.364187519043346,-40.358858783915515,0,1.1607285093717996,True,True
coarse,55,1.2,0.2,10.166224306780261,-10.166224306780261,1.414158277049947,27.136166826239123,2.802988773180222,56.004537150669535,15.380353989128142,0.3404193843563558,0.010610722515678149,45.64230928929971,6.020416417157941,0.5456176803958723,5.172149885080405,-40.08048649858933,0,1.133785978303496,True,True
coarse,55,1.2,0.4,7.420649731447826,-7.420649731447826,1.2487582403145279,25.080892343757785,2.5934836227656666,52.228151084395286,15.380401336217354,0.3404193843563558,0.010610722515678149,46.24390154481976,5.534981249194565,0.5468419618059936,5.083156071349207,-36.99851129020045,0,0.9346066662275287,True,True
coarse,55,1.2,0.8,2.826333461198972,2.826333461198972,0.9258339426378276,19.108221143383837,2.1922246284888542,46.60435891852705,15.382229601308087,0.3404193843563558,0.010610722515678149,46.35200195200988,5.0658026039639825,0.5726342132324793,4.907637319798647,-26.517845028275186,0,0.5678309987784677,True,True
coarse,55,1.2,1.2,10.99639371736654,10.99639371736654,0.8046976070248565,18.209140838795758,1.888057311184277,42.4022650391631,15.385057339795646,0.3404193843563558,0.010610722515678149,42.47709821792599,5.190550743785513,0.6795339797871808,5.475147208628239,-19.391528026419188,0,0.9335875376077131,True,True
coarse,55,1.2,1.6,10.88406334140721,10.88406334140721,0.9217230637532046,17.591806020016456,1.6980755746924365,39.24935023012063,15.387760435688037,0.3404193843563558,0.010610722515678149,34.581832678006165,5.617274435426596,0.8230047067230867,6.4731849571806155,-21.807601542583594,0,0.9489786494286098,True,True
coarse,55,1.2,2.4,8.037960028602672,-8.037960028602672,1.1808319898521025,13.777283006506043,1.4946241905157553,40.17026683420843,15.390853044750116,0.3404193843563558,0.010610722515678149,44.27116763910035,5.494309428046319,1.1021827424846697,7.9468829918559845,-44.27116763910035,0,0.836338654511359,True,True
coarse,55,1.2,3.2,14.333753105953871,-14.333753105953871,0.9534927929781268,12.041313174205651,1.2953457875499044,42.10382515695785,15.390811689036884,0.3404193843563558,0.010610722515678149,40.458959225179,4.712242244985147,0.8626064904014988,5.882332967514575,-40.458959225179,0,1.0765709108362578,True,True
coarse,55,1.6,0.0,9.762327374824732,-9.762327374824732,1.471060728611527,22.226920411890042,2.670862309375322,61.51307544022772,15.381197368767987,0.3404193843563558,0.010610722515678149,47.57412730414763,5.821144306264121,0.53539544191551,5.060309195444595,-39.92038356836584,0,1.0847474286627334,True,False
coarse,55,1.6,0.025,9.985553408075155,-9.985553408075155,1.4264577976668125,22.446004997948545,2.6436090372265397,60.93804014871527,15.381072945957044,0.3404193843563558,0.010610722515678149,47.467886271904426,5.817327703093815,0.5209148266622701,4.95149309052209,-40.123843062387934,0,1.086138387568505,True,False
coarse,55,1.6,0.05,10.150706302136886,-10.150706302136886,1.3849016118145197,22.61947695083274,2.617610486143782,60.37679724222849,15.380960105974731,0.3404193843563558,0.010610722515678149,47.373282055505676,5.807240966306282,0.5072051101256535,4.85120794704997,-40.26798168850407,0,1.0850277724896977,True,False
coarse,55,1.6,0.1,10.315529422776088,-10.315529422776088,1.3101056403528826,22.83892324818766,2.568835669419153,59.280229643507575,15.380768500599226,0.3404193843563558,0.010610722515678149,47.22163476931495,5.7706972681221425,0.48297100670374277,4.678133200431828,-40.38800311348896,0,1.0756016806713855,True,True
coarse,55,1.6,0.2,10.06414476649729,-10.06414476649729,1.1867256225023832,22.837357774669464,2.4804705251840877,57.37462067171724,15.380516112236903,0.3404193843563558,0.010610722515678149,47.067268567816896,5.65203356757876,0.45048558620686496,4.438358796201735,-40.04301429192005,0,1.0307305228763672,True,True
coarse,55,1.6,0.4,7.901746888748086,-7.901746888748086,0.9970051448666487,21.578805422951355,2.319313870952374,54.266234373885254,15.380482204003219,0.3404193843563558,0.010610722515678149,47.15914650503087,5.377569279161039,0.43256435373633406,4.190811539625732,-37.70786971403668,0,0.8620592946517391,True,True
coarse,55,1.6,0.8,0.25648964181574924,-0.23810549750702878,0.71163853172614,16.463808049160537,2.015774215165515,49.664241222442215,15.381809115085069,0.3404193843563558,0.010610722515678149,47.265014797153356,5.13695797513497,0.4364343285706026,3.868593066413451,-29.8535817483986,0,0.36087000260790075,True,True
coarse,55,1.6,1.2,6.59744464581256,6.59744464581256,0.5815891871529801,15.728325140583738,1.7724170998899518,46.47045702945456,15.384066934924942,0.3404193843563558,0.010610722515678149,44.44074152220601,5.303245248378655,0.5301505852231271,4.341780150636297,-23.765725436607976,0,0.6352999689740962,True,True
coarse,55,1.6,1.6,6.724420300753262,6.724420300753262,0.7242543433881901,15.996394433415379,1.6407101125425023,46.687306542957664,15.386360678838843,0.3404193843563558,0.010610722515678149,37.868821051182714,5.70999503506463,0.6807271767461102,5.483854640882896,-25.858388625644533,0,0.6773968765968731,True,True
coarse,55,1.6,2.4,14.84787896426881,-14.84787896426881,1.3612618761828066,15.133266535734032,1.648513682316701,48.10566369062484,15.389201721494372,0.3404193843563558,0.010610722515678149,51.0209367447952,5.502762130790194,1.1480115371057955,8.729752690354164,-51.0209367447952,0,1.235756469800663,True,True
coarse,55,1.6,3.2,15.191024785597623,-15.191024785597623,1.3677238931482159,14.86616305265768,1.6178083691340095,49.44470021898124,15.389277054101754,0.3404193843563558,0.010610722515678149,51.49132931930217,4.491282135440616,1.0722894389889783,7.819857354838566,-30.635799500472803,0,1.251801681945847,True,True
coarse,55,2.4,0.0,9.496651105403442,-9.496651105403442,1.4032889764855778,17.729018045405418,2.305176631541185,62.207180880074844,15.380607751152375,0.3404193843563558,0.011225936760422835,50.66733683560093,6.259150119661998,0.38330870230588726,4.265331990398786,-39.39852923231149,0,1.0110629012657162,True,False
coarse,55,2.4,0.025,9.576627576200236,-9.576627576200236,1.3487497072203385,17.868341363724976,2.2767346917840854,61.77759527232423,15.380511810065792,0.3404193843563558,0.011143960334963973,50.605810297045146,6.156566648003043,0.3735992092357311,4.166139728240941,-39.46403832899681,0,1.0021231975641787,True,False
coarse,55,2.4,0.05,9.627843675951182,-9.627843675951182,1.2966375612146699,17.98431877626253,2.249419574311497,61.35333361744997,15.380422972633017,0.3404193843563558,0.011064257312406872,50.54901491805863,6.056217251756298,0.3645421012533562,4.073878975714249,-39.500447929551214,0,0.9921761190392232,True,False
coarse,55,2.4,0.1,9.647712970012867,-9.647712970012867,1.1997057185268405,18.149123066390334,2.198045814497643,60.52062003824095,15.380266363729225,0.3404193843563558,0.010911497316845346,50.45042406144291,5.862536025877835,0.34861118684561776,3.9099168005948877,-39.48992821231924,0,0.9694705516349142,True,False
coarse,55,2.4,0.2,9.389332866022333,-9.389332866022333,1.0338175242744445,18.23343259617149,2.1070950490113285,59.08828481838743,15.380035245298407,0.3404193843563558,0.010631209751157557,50.31395423651848,5.504488095677393,0.3259315842698976,3.655774006573688,-39.169102608005645,0,0.914295953668074,True,True
coarse,55,2.4,0.4,7.945376420630495,-7.945376420630495,0.7941662322443663,17.6164628521562,1.960661677253433,56.60121436839011,15.379878436930266,0.3404193843563558,0.010610722515678149,50.23172123869901,5.160655331111917,0.3072298818812046,3.3261513961724503,-37.59760422072281,0,0.7746511917045951,True,True
coarse,55,2.4,0.8,2.879285825377195,-2.879285825377195,0.5209056625365628,14.44026812620358,1.7404222871498356,55.56669651977449,15.380542750152182,0.3404193843563558,0.010610722515678149,49.99489305019468,5.199535560052207,0.30135181563143765,2.885800887271967,-32.349419641784124,0,0.42296454728721056,True,True
coarse,55,2.4,1.2,2.1202950026876257,2.1202950026876257,0.3538433934905605,11.332237713516744,1.5685413061219333,55.97725937726931,15.381982027008819,0.3404193843563558,0.010610722515678149,48.18862801685521,5.3924949007889795,0.3405701968262657,2.8818861809527108,-27.784905191315296,0,0.31454067269028074,True,True
coarse,55,2.4,1.6,2.695864981088874,2.695864981088874,0.33315930404771443,11.791063247194526,1.462359923123609,56.37928985834032,15.383607494481494,0.3404193843563558,0.010610722515678149,45.81621395502687,5.659510104349218,0.41026188385468754,3.342035413054296,-28.74896040401692,0,0.34023670544533996,True,True
coarse,55,2.4,2.4,14.77341007114175,-14.77341007114175,1.008254577924695,13.676094830413524,1.5713874355309336,57.15813880257408,15.385900327303393,0.3404193843563558,0.010610722515678149,49.83623185662372,5.252751324348129,0.7835269115369711,6.362613239104482,-45.465027101367184,0,1.130377870244827,True,True
coarse,55,2.4,3.2,7.929527928948903,2.5864004173534303,1.4171175254574002,14.74143440537066,1.8326788676924632,57.90391172324097,15.386161948191003,0.3404193843563558,0.010610722515678149,56.42878846983406,6.096853926445819,0.9335174329638164,7.512998213475069,-14.447171996576396,0,0.9035467976554472,True,True
coarse,55,3.2,0.0,8.681470162176467,-8.681470162176467,1.3466557908847814,15.301775913668473,2.1324427063654654,62.950306538405485,15.379731398380086,0.3404193843563558,0.013013988294445278,54.43357064851984,6.9663744369735365,0.2874189199896284,3.750670571240285,-38.44923457950296,0,0.9330960901819204,True,False
coarse,55,3.2,0.025,8.701165262403055,-8.701165262403055,1.2958612844336346,15.390545408833237,2.104426652160226,62.58697187355085,15.379646028806427,0.3404193843563558,0.012949148562316819,54.437465659019956,6.928472181097796,0.2797988118309263,3.659386856183224,-38.46017219916879,0,0.9216641857100186,True,False
coarse,55,3.2,0.05,8.703406429481834,-8.703406429481834,1.2468729179444766,15.46498838771141,2.077337259423541,62.227617454783434,15.37956562584174,0.3404193843563558,0.01288539986232639,54.44375458928349,6.89159361337318,0.272717573733667,3.5733066866039493,-38.45325752043664,0,0.9097068734627658,True,False
coarse,55,3.2,0.1,8.657419518868265,-8.657419518868265,1.1543696736887759,15.572229035813615,2.0259166658657772,61.52050712913922,15.3794196032927,0.3404193843563558,0.012761180921934035,54.46369915036871,6.820981721504673,0.2602589622440204,3.4164313487201516,-38.38785230640248,0,0.8843351831585928,True,False
coarse,55,3.2,0.2,8.37908445877826,-8.37908445877826,0.9909270476969254,15.630957553680071,1.933694295654525,60.608203489271915,15.379185599638445,0.3404193843563558,0.012525773568088953,54.53227856422609,6.692592751108154,0.24221265089465177,3.1584374384836518,-38.066908529009964,0,0.8285402764976437,True,False
coarse,55,3.2,0.4,7.207749350237769,-7.207749350237769,0.7405455051732559,15.220210602960222,1.785952736950716,60.74350540182767,15.378937375813335,0.3404193843563558,0.012105012763154946,54.75334475100496,6.487732943040525,0.22751288000310974,2.8003924338266333,-36.80117487410008,0,0.7015411664271047,True,False
coarse,55,3.2,0.8,3.34015061716656,-3.34015061716656,0.4394474498622637,12.95510634985678,1.5857039874883883,61.00985290160917,15.379177981908152,0.3404193843563558,0.011435345202964993,55.12117633145294,6.286310202589765,0.23166578565429438,2.375566744863624,-32.81586335943635,0,0.41073880878002705,True,False
coarse,55,3.2,1.2,0.5379020356796638,0.5379020356796638,0.25627757657020345,9.927540579729264,1.4488835452533884,61.27100894688724,15.380067798218777,0.3404193843563558,0.010937164870229516,54.784024069743005,6.3341245723574,0.25635721588289195,2.247625934023877,-29.25198838264516,0,0.19736856849050977,True,False
coarse,55,3.2,1.6,1.5315055405919982,1.5315055405919982,0.1564606645260421,8.83991516745488,1.3573833392856816,61.527399318349715,15.38120190625537,0.3404193843563558,0.010610722515678149,53.757390808898116,6.552000568553342,0.2799566042305362,2.3122817685193637,-29.226262523134178,0,0.21153586921809853,True,False
coarse,55,3.2,2.4,7.789214955706639,-7.789214955706639,0.6037783913791933,10.040068439484603,1.4688748597770973,62.026912348269704,15.383013839311065,0.3404193843563558,0.010610722515678149,56.344454033201735,7.328164351764239,0.4391930307971782,3.705273219700426,-36.659502989006576,0,0.6480738058248073,True,False
coarse,55,3.2,3.2,2.9496707812624954,0.40509366673632874,0.7216009849806843,14.1690583878604,2.5071832750285705,74.8772597970683,15.383417989371578,0.34041938435638824,0.010610722515677146,58.736575996291734,8.105432679721726,0.425491110316999,3.6321566888982835,-24.16543302267964,0,0.4869263188513902,True,False
extend1,11,0.0,4.8,2.769035603001062,2.769035603001062,0.31805486196624866,3.705066317895804,0.7614098865767015,29.771272781027978,15.211398330768025,0.2279842867731916,0.01981116386445652,27.264807229821315,4.815154823708516,0.12883654158454055,1.1675376327329254,-27.264807229821315,0,0.26128238630670614,True,True
extend1,11,0.0,6.4,2.7492660584291206,2.7492660584291206,0.29146267000760073,3.9887053366064755,2.710478476339631,29.767447973060936,15.692361711447692,0.23197393102439506,0.01981116386445652,27.30308552244782,4.895764485481805,0.11908853673165995,1.0426422843613,-27.30308552244782,0,0.28785704555422115,True,True
extend1,11,0.025,4.8,2.0705381597809893,2.0705381597809893,0.27929575357567893,3.102483401565998,0.7334947458458627,29.782752746116465,15.21146784332629,0.21697895294356528,0.01981116386445652,27.977254717545478,4.855952995238718,0.11671043258272332,1.1172186195622993,-27.977254717545478,0,0.2111900829948078,True,True
extend1,11,0.025,6.4,2.2008590426756376,2.2008590426756376,0.27004988555201337,3.6916912461347495,2.7644506804303908,29.778534465931838,15.754182448292276,0.22136816930124575,0.01981116386445652,27.872094863600132,4.937458926108245,0.11235430915960012,1.0031177818465682,-27.872094863600132,0,0.25349027999170537,True,True
extend1,11,0.05,4.8,1.483592554053789,1.483592554053789,0.24697968056441058,2.5609687184030543,0.7091306606406667,29.793742069584013,15.211538102468754,0.20650070511711321,0.01981116386445652,28.569661479910124,4.890688946050694,0.10688507317720194,1.077921993422742,-28.569661479910124,0,0.16885305612853432,True,True
extend1,11,0.05,6.4,1.6362197765599231,1.6362197765599231,0.26167511273194566,3.397307212784214,2.825170769379584,29.789159735108168,15.8163709325352,0.21200709587522423,0.01981116386445652,28.454850775879173,4.981122809469752,0.10874757010389971,0.9757468913853208,-28.454850775879173,0,0.22170358151914488,True,True
extend1,11,0.1,4.8,0.5968863705581405,0.5968863705581405,0.1982703412850471,1.6409019084448473,0.6696945284814106,29.814327904338775,15.21168049172122,0.19453014731154686,0.01981116386445652,29.44789104708138,4.943893427326297,0.09273119865089813,1.0247826252803094,-29.44789104708138,0,0.10402880747316035,True,True
extend1,11,0.1,6.4,0.5113927798457607,0.5113927798457607,0.2675972753361779,2.8131209078443917,2.9590326403981315,29.809099605010825,15.941840567944428,0.2054149192355814,0.01981116386445652,29.60209890455323,5.069484989086878,0.10631583675742466,0.942489965625696,-29.60209890455323,0,0.16426183860082222,True,True
extend1,11,0.2,4.8,0.3176698709493625,-0.3176698709493625,0.14862320590505268,0.9243847369234915,0.621210627962146,29.850440691921197,15.211970465256439,0.1919761774630446,0.01981116386445652,30.30554208618324,5.00075753660512,0.07953714011286268,0.984669452201182,-30.30554208618324,0,0.0708930016216582,True,True
extend1,11,0.2,6.4,1.4846883078299606,-1.4846883078299606,0.29548628048207837,2.799973660980466,3.2311575813001645,29.84421028468222,16.197076033754453,0.20972690987155293,0.01981116386445652,31.56536438038372,5.229518147962139,0.10367721734045612,0.9107434790549572,-31.56536438038372,0,0.22423579185842615,True,True
extend1,11,0.4,4.8,0.4695701404481613,-0.4695701404481613,0.14894024603360143,1.8238713687225812,0.6087413453456946,29.905977014479266,15.212556650236436,0.19903678635269445,0.01981116386445652,30.369899429392238,5.020088511531403,0.07999382481179425,1.012321242253468,-30.369899429392238,0,0.08585925061241317,True,True
extend1,11,0.4,6.4,3.5272311923903628,-3.5272311923903628,0.28554779137383085,5.32272909748925,3.6543418309195936,29.89864316314916,17.81968235709053,0.21834930111705333,0.01981116386445652,33.23042254459866,5.398607432654839,0.0816879904440256,0.9828089485866858,-33.23042254459866,0,0.3518160511008698,True,True
extend1,11,0.8,4.8,0.1185699108722422,-0.1185699108722422,0.188991907150599,2.3763194909248844,0.7376053862034085,29.971593112066177,15.213682555225406,0.21628279272228904,0.01981116386445652,30.065088561886807,5.022034542093763,0.09363400325035909,1.081836890467719,-30.065088561886807,0,0.08503151034719486,True,True
extend1,11,0.8,6.4,1.1747472081547972,-1.1747472081547972,0.5174369957988447,8.317410405536638,4.118288399673595,34.281951230504845,24.890510774452935,0.23558772487218618,0.01981116386445652,30.835135638669293,5.374520128777609,0.12228993469609133,1.860678546697669,-30.835135638669293,14,0.32470065684923666,True,False
extend1,11,1.2,4.8,0.3260861268715293,-0.3260861268715293,0.22390128704103796,2.929064040917892,1.0003950190017756,40.486496624358274,15.214690138532747,0.233520321789951,0.01981116386445652,30.451971347104347,5.041981634926455,0.11673024368569451,1.1522600066087296,-30.32582358677556,0,0.11303481895138334,True,True
extend1,11,1.2,6.4,1.045223503525075,1.045223503525075,1.0005197198301325,9.380042145122491,4.437981193770199,51.188406213227,32.247713963207566,0.2528176729228089,0.01981116386445652,29.045267124100764,5.512439247863424,0.2271043779876889,3.0245538460148005,-29.045267124100764,24,0.45307415558775205,True,False
extend1,11,1.6,4.8,0.43645380604794504,-0.43645380604794504,0.31394232477498774,3.6630538014679757,1.5231631060360193,47.82453250519467,15.215574990321453,0.2507493766868587,0.01981116386445652,38.35368201966092,5.089088587370802,0.13442117869234343,1.2675543192439616,-30.49957996598429,0,0.15572200588805085,True,True
extend1,11,1.6,6.4,0.613009475770441,0.38781764403481445,1.8342119924812212,9.958327374275601,5.445788398662693,80.27450718195159,37.556767944899484,0.27003914840489973,0.01981116386445652,29.183149974092668,5.967596399896433,0.32336167873963195,5.0152435195710625,-28.806619460707203,26,0.6611730039275079,True,False
extend1,11,2.4,4.8,2.3908825663203226,2.3908825663203226,0.9772127676242326,10.490124914376484,3.5700277287508433,76.72666036636352,21.748814047276895,0.28518207650653726,0.01981116386445652,46.22480755600953,5.6229120270308846,0.23607729497975902,2.9108137889361427,-27.658541676100565,0,0.5095988142593757,True,False
extend1,11,2.4,6.4,0.8010126843156288,0.8010126843156288,4.879050469232595,10.62345341801474,8.584123018783819,102.9921864473892,39.632969121777606,0.3044566942196733,0.01981116386445652,34.2846812967269,7.639163689606901,0.8251995374593071,11.577558738688516,-29.427610940719234,41,1.4886054780267297,True,False
extend1,11,3.2,4.8,1.1653432244565403,1.1653432244565403,8.395043083617379,14.210417887293687,11.979173138379315,160.26801959562147,37.16987389488295,0.31958091728911797,0.01981116386445652,41.02052052587995,11.57627591115107,1.4139259238412705,19.04807909767795,-28.637090718528217,0,2.471186204364085,True,False
extend1,11,3.2,6.4,1.346578944009071,1.346578944009071,7.448980284282674,11.427833232435049,11.143839017114294,104.96648918908718,42.57004942858669,0.3388403874599087,0.025116804256211888,36.72253769329028,10.247327719011338,1.3014699363347826,16.863579377278935,-28.770033648216796,1064,2.2068948347034123,True,False
extend1,11,4.8,0.0,8.007439821613852,-8.007439821613852,1.0011868430788589,12.824590491681175,1.5023624401280176,66.43005090135524,15.223422382719612,0.33054915784350297,0.02254941026629688,58.96740664993325,9.385523717811328,0.23632934898309865,3.08911921363991,-37.47762858358411,0,0.7820886951655286,True,False
extend1,11,4.8,0.025,7.83296280006539,-7.83296280006539,0.9112406148917911,12.7614919860235,1.4552997344416956,66.43600819766182,15.22327908244914,0.33084998122143183,0.022453356555015572,59.07567130632079,9.316164659222139,0.21890857937419234,2.8852927529172194,-37.289268354721834,0,0.749583467701931,True,False
extend1,11,4.8,0.05,7.654777430195606,-7.654777430195606,0.8256333216128416,12.692124858735934,1.410096516163121,66.44196744483331,15.22314104591793,0.33115080295673277,0.02235784421075412,59.17865203772952,9.250719282832966,0.20243045120159034,2.6939308103637827,-37.09865025773679,0,0.717955701816887,True,False
extend1,11,4.8,0.1,7.288790548052967,-7.288790548052967,0.6674026040241853,12.535432519129085,1.325249751631231,66.45389050388643,15.22288048621648,0.33175244149901334,0.022168589988056323,59.36930831093723,9.131032911054128,0.17230515951284314,2.3489125680909746,-36.71207944062119,0,0.6574065237744964,True,False
extend1,11,4.8,0.2,6.528988272405501,-6.528988272405501,0.40474044409783394,12.156538710367538,1.1779714464749893,66.47774630470668,15.222419325284383,0.3329556988706046,0.021798104538904607,59.693554910619405,8.932978879254772,0.12365757437496361,1.813099863100088,-35.927616589442316,0,0.548186913350002,True,False
extend1,11,4.8,0.4,4.97954016688065,-4.97954016688065,0.21141124423166868,11.191656898862494,0.9946493038486522,67.47603874122402,15.221718250291664,0.3353621347618279,0.021095590830111092,60.14829632189963,8.67799218077165,0.07830034687686399,1.3586292628885364,-34.38850013778439,0,0.41134606649784056,True,False
extend1,11,4.8,0.8,2.2869516127331164,-2.2869516127331164,0.51287959315414,9.436461668039128,1.0620431271017652,70.48047798704032,15.221035060586837,0.3401746911313586,0.019879239111195223,60.54164716156145,8.589292129398952,0.10441180501201504,1.6266243226010417,-31.889294551938626,0,0.3385583053598595,True,False
extend1,11,4.8,1.2,0.7082868182228105,-0.7082868182228105,0.5568296770939435,8.645252181715211,1.3638267391902938,74.27750805856202,15.22098672159046,0.3449868269418875,0.01981116386445652,60.71439131958856,8.873933593781679,0.10895233984349018,1.7159302176527522,-30.572150935034188,0,0.26895027900595075,True,False
extend1,11,4.8,1.6,0.29939006623967246,-0.21740853716453484,0.4030972535898204,16.596870380831113,2.6205747452175694,130.1740518655102,15.221231806367234,0.3497985421831639,0.01981116386445652,61.38388541245753,9.325524046648667,0.09401110898985951,1.4392293844693005,-30.185532443811116,0,0.29687091866109616,True,False
extend1,11,4.8,2.4,1.5478666202797045,-1.5478666202797045,7.364809310364635,23.41092406457496,12.420413405739664,174.28269319677935,37.752460094357524,0.35942071091792355,0.01981116386445652,62.7326172602027,11.403055647499862,1.230536009750557,16.89901467223813,-30.467929999126323,0,2.316634623942936,True,False
extend1,11,4.8,3.2,0.8210763244195963,0.6380685718847732,22.390333451880743,18.213831271886896,22.502002180276143,153.7046072583568,43.91275321250357,0.3690411972552981,0.02034336764919299,42.51141801013371,29.079692463383637,3.9233026919757505,47.98120434906657,-28.22123531542635,566,6.158098880644408,True,False
extend1,11,4.8,4.8,1.3026393515743424,-1.3026393515743424,10.938038778226954,15.952668657630046,15.912712988988767,168.01498363109775,47.836186896271855,6.677355223721444,0.5978744926609759,62.89004508101202,14.962909176664226,1.8782097753026865,24.41523525445846,-30.925482289986494,217,3.1925922177625816,True,False
extend1,11,4.8,6.4,3.0345958081437354,-0.017161089550889234,17.2166411166643,27.864225317369716,23.496646183092114,169.52903197113167,67.53010381128853,102.87815715958128,23.10526601872642,57.76963427536369,25.888113538225593,2.8150768250952938,41.757300805443855,-30.390929148309993,3057,5.072024074392717,True,False
extend1,11,6.4,0.0,6.726938264340651,-6.726938264340651,0.7479161220753225,44.8001460700496,8.194188787881691,172.69678309378403,20.90713428246893,0.39920098559319644,0.026443923912347046,84.92579956306638,12.81158754048085,0.22044836600340215,2.409636802709083,-35.02913117885104,0,1.0305524679778075,True,False
extend1,11,6.4,0.025,6.449631023546938,-6.449631023546938,0.6980705009281807,44.80463159193003,8.549275514394477,169.5384287156973,21.788679198774354,0.3995013362501302,0.02634859141430915,94.6536173645597,12.756778932794141,0.20933076369199713,2.3015511871355905,-36.72085276578511,0,1.0100651506949934,True,False
extend1,11,6.4,0.05,6.57583668081824,-6.57583668081824,0.6651313341933893,44.557770923008476,8.900236918022703,175.9149394182907,24.150840049790066,0.3998016852648287,0.026254474168681128,108.89410463049164,12.677353228760103,0.20868056727883838,2.224753792784384,-36.977061568095046,0,1.0118181330918252,True,False
extend1,11,6.4,0.1,6.693701920207561,-6.693701920207561,0.6091652817163331,44.69576635330757,9.615233257457778,171.88545363276108,29.296346282636073,0.4004023783668253,0.026070681670412606,152.25480166038653,12.383579344587234,0.18925679592782602,2.162274293986061,-35.98977315717242,0,1.0165527905839815,True,False
extend1,11,6.4,0.2,6.6017995338689675,-6.6017995338689675,0.7124736199577415,45.373723410496666,11.155656765119815,178.08100124828732,39.8663113259871,0.4016037448620367,0.025727319291369087,128.88871591984122,12.01461814067491,0.20051464340814987,2.3796186350502357,-36.790607063640316,0,1.0686047167232942,True,False
extend1,11,6.4,0.4,6.637603439769028,-6.637603439769028,1.4151391188543696,48.846926503852174,14.883260971662725,174.6689178172694,59.98784339441996,0.40400639901612523,0.025207244331041982,166.4983170206689,15.165005689280525,0.2909016026119648,3.939762929997962,-35.86573968956162,0,1.3359132113201375,True,False
extend1,11,6.4,0.8,8.372995362076454,-8.372995362076454,4.319630750165512,40.47543361133368,17.671415196654337,165.23959010006564,85.2763268375342,0.4088113919749813,0.02596018715316198,162.42932380273345,33.99380409284849,0.740206365702265,10.484418785055642,-37.95500508514613,0,2.124601350064065,True,False
extend1,11,6.4,1.2,11.09635137130239,-11.09635137130239,7.072570016604464,27.826882202809696,17.68211643225869,171.71995458251246,93.49311820160666,0.4136159644599509,0.03601717612083069,165.7194493260129,31.668415809992617,1.188770044566383,16.61055784272498,-41.12105576340847,21,2.8437742288549877,True,False
extend1,11,6.4,1.6,13.442882082129273,-13.442882082129273,7.244374571936812,24.107291016219143,17.300430257408287,155.42727510974214,95.0200348298704,0.9231905401400424,0.08732449440640021,175.86575836998583,21.07690018499425,1.2245536372049355,16.691268917301244,-42.474507441246125,0,2.9668186078043925,True,False
extend1,11,6.4,2.4,82.85155913526646,-6.437288985338536,49.042332905952705,66.68704051671386,40.525567236544596,171.3352884325722,84.87835553716343,10.172600988405387,0.9080432813934761,177.86175870285822,60.94388493060493,25.751606160315056,100.21682291017514,43.17168364685834,968,17.621068992076147,True,False
extend1,11,6.4,3.2,4.977173031482941,-0.07027951426811026,12.992430070166558,54.34867035807959,25.336947493328303,174.43870460114655,99.80991650011039,79.74581009684893,7.858468221624274,99.73153993230733,60.252288525108774,2.549611855126803,32.77513664156785,-21.780147995451433,4275,4.3638741654548205,True,False
extend1,11,6.4,4.8,112.84058663809108,77.99246340928349,15.649599760753592,71.10307768418116,53.49859898074212,174.78527412788958,241.01178820234898,116.77237415016593,39.34695268516054,168.5087120805582,32.34400032832889,3.540840700859987,49.61881090320806,-11.675699496439286,5038,11.021115033525543,True,False
extend1,11,6.4,6.4,2.142705090937333,1.8640690299501794,7.479617760233765,22.939547253840395,16.751079085924935,169.43028327188975,97.26346371224022,177.6257856999968,40.58855489496377,177.34527854867574,232.74988995230436,1.4067346809559693,27.96862250324171,-32.781392416008785,5546,2.441913030967784,True,False
extend1,22,0.0,4.8,2.3566499360989845,2.3566499360989845,0.18095073063018088,3.182815355281545,0.6218727130987582,29.86626606424404,15.405036731653404,0.14054195318004545,0.011908307615814826,27.69439933284239,5.047195706541466,0.09263541538725203,0.88198895415229,-27.69439933284239,0,0.19975495959799028,True,True
extend1,22,0.0,6.4,2.3987287837826696,2.3987287837826696,0.17125752000936212,3.6833882983033925,2.1001465582293943,29.8661112623098,15.404971268711193,0.14054195318004545,0.011908307615814826,27.669615589917864,5.085411982312729,0.09616675202324684,0.9607080719150061,-27.669615589917864,0,0.22776184190984203,True,True
extend1,22,0.025,4.8,1.7141070658082487,1.7141070658082487,0.14595975142378848,2.5634493216400758,0.5945852035455004,29.873603295902907,15.40536413010773,0.14054195318004545,0.011908307615814826,28.342648743157586,5.077776420275365,0.08324328849687418,0.8432782299435033,-28.342648743157586,0,0.15327281332907097,True,True
extend1,22,0.025,6.4,1.7435856921733421,1.7435856921733421,0.14066676980848508,3.2318316513751277,2.1532532263128568,29.87316903040654,15.40531750889635,0.14054195318004545,0.011908307615814826,28.33156235773923,5.122752805803628,0.08890446770312617,0.9319923444188362,-28.33156235773923,0,0.18446178373585656,True,True
extend1,22,0.05,4.8,1.1787398456415026,1.1787398456415026,0.11700074813438659,2.006105948088183,0.5709407487330247,29.880659052936196,15.405683543804557,0.14054195318004545,0.011908307615814826,28.876901975436823,5.1036668452963,0.07611558514653799,0.8143093213179367,-28.876901975436823,0,0.11423382608459332,True,True
extend1,22,0.05,6.4,1.1220360979817192,1.1220360979817192,0.12985466704661694,2.8096331777266954,2.2193815546666498,29.879958688912417,15.405654549260298,0.14054195318004545,0.011908307615814826,28.954831453559628,5.159664666859115,0.08536309414926081,0.9145620318456998,-28.954831453559628,0,0.14824348596314646,True,True
extend1,22,0.1,4.8,0.3838850236394797,0.3838850236394797,0.07355596379547913,1.1289556793139757,0.5334652316609994,29.89396495218931,15.406299128333842,0.14054195318004545,0.011908307615814826,29.654477985263565,5.142833747469631,0.06684081421803933,0.7778072013872123,-29.654477985263565,0,0.05570795827645042,True,True
extend1,22,0.1,6.4,0.03961076305095204,-0.016240771378642986,0.15332900608408145,2.0922879562805408,2.385820987276705,29.89277075790434,15.406301944522108,0.14054195318004545,0.011908307615814826,30.081010469462846,5.230805250628817,0.08534116553949092,0.9021428152982954,-30.081010469462846,0,0.09673252570264936,True,True
extend1,22,0.2,4.8,0.3786042339830426,-0.3786042339830426,0.026558272397198608,1.2533194537415109,0.4958215892832465,29.917609301142566,15.407442134696483,0.14054195318004545,0.011908307615814826,30.35574294480022,5.182416970425841,0.05966495984708514,0.75720275363613,-30.35574294480022,0,0.044115768535239644,True,True
extend1,22,0.2,6.4,1.874955775649569,-1.874955775649569,0.24465635483910111,3.2912614628147168,2.7763719218985523,29.915569378998384,15.582175445706085,0.14054195318004545,0.011908307615814826,31.87137589166986,5.363436316178865,0.0947617713603275,0.9265405348377739,-31.87137589166986,0,0.22770461062843111,True,True
extend1,22,0.4,4.8,0.2676775399939883,-0.2676775399939883,0.01902991969943598,2.3874514108902014,0.5346025492144816,29.954840082400352,15.40941146521153,0.14054195318004545,0.011908307615814826,30.184048439175292,5.1866249224964935,0.06258470007487775,0.8017737082327926,-30.184048439175292,0,0.04677212112012188,True,True
extend1,22,0.4,6.4,3.9506535919721366,-3.9506535919721366,0.392466138289983,6.711923750957025,3.565490836628558,29.951592347790612,16.148309046281447,0.14054195318004545,0.011908307615814826,33.52545118468748,5.564694782215969,0.1055971659112814,1.1292921789983263,-33.52545118468748,0,0.4098415662890216,True,True
extend1,22,0.8,4.8,0.694758301601853,0.694758301601853,0.06886965613702078,3.2368686638986106,0.6829709850449314,34.06681600709103,15.41233347090194,0.14054195318004545,0.011908307615814826,29.511388927344445,5.1695151049335095,0.0900425374918744,0.9582803950874407,-29.511388927344445,0,0.09008889126521749,True,True
extend1,22,0.8,6.4,2.022379690623685,-2.022379690623685,0.7207724530207404,11.737195788615907,4.714143855403754,38.824600502837406,21.230073823606258,0.14054195318004545,0.011908307615814826,31.067342954247714,5.881951033650296,0.17125974333608282,2.503531403952006,-31.067342954247714,0,0.4561505570608443,True,True
extend1,22,1.2,4.8,1.2128208647874659,1.2128208647874659,0.160726876609333,4.419402857697454,0.9188019144848841,44.16180218647075,15.414282014070418,0.14054195318004545,0.011908307615814826,29.725895897760854,5.167250280753708,0.15606549807043413,1.3053113977786541,-29.725895897760854,0,0.1526642227170429,True,True
extend1,22,1.2,6.4,0.8468885284534743,-0.4967610637250518,1.6167794206983312,13.06205161332249,5.623375653886404,61.07409254456315,27.710475202492507,0.14054195318004545,0.011908307615814826,29.13838581143377,6.553009585148928,0.31441084376637374,4.6039241515448115,-29.13838581143377,12,0.6472749348109963,True,False
extend1,22,1.6,4.8,1.5748742804664195,1.5748742804664195,0.30968297624562685,5.71056925006252,1.4028843367069694,50.872834872063855,15.415594686218851,0.14054195318004545,0.011908307615814826,36.43300071381448,5.22345404169339,0.22481837388715747,1.8054457277377207,-30.18285616850629,0,0.22667548184680045,True,True
extend1,22,1.6,6.4,0.6002266031006063,-0.510676873717238,2.8016567845019815,11.328223271829973,6.218682042587396,82.236573451936,32.0826487031583,0.14054195318004545,0.011908307615814826,29.58322102883323,7.106008622371332,0.47237408516459334,7.132883122143253,-29.58322102883323,12,0.9264398385553735,True,False
extend1,22,2.4,4.8,1.6215870844983633,1.6210853785004367,1.1524789817683796,11.70463468682119,3.6721839959116083,79.0319199998004,20.28002349919413,0.14054195318004545,0.011908307615814826,44.948161919514185,6.177397258112611,0.30711030337115774,3.4742447550002544,-27.456720316699812,0,0.5267407285263336,True,False
extend1,22,2.4,6.4,0.9893296540064014,0.9893296540064014,5.933896954842925,11.376433912241023,9.036642745076978,97.5488416004768,34.38775208736057,0.14054195318004545,0.011908307615814826,29.440679408373253,9.459571707741707,1.0015891858373356,13.841200205784716,-29.440679408373253,496,1.7754018985404614,True,False
extend1,22,3.2,4.8,0.8430241930858994,0.8430241930858994,11.717680957851977,18.355822833315344,14.295947070472248,132.09629038483018,40.583524466474806,0.14054195318004545,0.011908307615814826,28.99257414302229,16.758863517635632,1.9107354172752515,27.01855962109972,-28.99257414302229,1849,3.3581305457751824,True,False
extend1,22,3.2,6.4,1.557511926436875,1.557511926436875,9.870459075519395,14.064638346189057,12.71349253005624,97.39437085389633,39.86902962426382,0.14054195318004545,0.015651058734533582,28.624288448872996,14.429834701121393,1.5772105587873102,23.912573376380745,-28.624288448872996,2378,2.8704324907999386,True,False
extend1,22,4.8,0.0,5.32721340911841,-5.32721340911841,1.2001048836564627,12.289326450665916,1.8000837303990462,74.02281333745273,15.420429825489112,0.14054195318004545,0.011908307615814826,60.678317555634436,8.199560497780038,0.20192624592583402,3.044577677177802,-34.75973239121832,0,0.6982110779752431,True,False
extend1,22,4.8,0.025,5.298353254892649,-5.298353254892649,1.140508728532504,12.27807792245945,1.7603550790111513,74.00288489650671,15.420383944078687,0.14054195318004545,0.011908307615814826,60.70094595426397,8.162505441137332,0.19336880478951207,2.915193908056559,-34.73682308207389,0,0.681126132777521,True,False
extend1,22,4.8,0.05,5.25935531319233,-5.25935531319233,1.0832691186277157,12.258795102614785,1.721956535204147,73.99299275779175,15.420339141574985,0.14054195318004545,0.011908307615814826,60.7230513586362,8.126985577994619,0.18526694926687143,2.7913501661903926,-34.7035813984061,0,0.6640782158645467,True,False
extend1,22,4.8,0.1,5.153037432658758,-5.153037432658758,0.9758167265149664,12.197375388613684,1.6491419106000371,74.00263435251864,15.42025277662431,0.14054195318004545,0.011908307615814826,60.765278279255774,8.06058428208127,0.17041509870623045,2.560104628378887,-34.608329306602734,0,0.6301976114118921,True,False
extend1,22,4.8,0.2,4.842538797305884,-4.842538797305884,0.7884903401511533,11.991998733461406,1.5192792151154921,74.1344964099037,15.420092974606439,0.14054195318004545,0.011908307615814826,60.83931659578714,7.946379437900927,0.14592711336399775,2.161513269900227,-34.319295914379396,0,0.5640076714583245,True,False
extend1,22,4.8,0.4,3.9545067723601166,-3.9545067723601166,0.5183507804771544,11.32088657488904,1.3204362748799985,74.80327969154972,15.419824069701244,0.14054195318004545,0.011908307615814826,60.9340265427482,7.790539087102665,0.11505005551448226,1.5990180161217755,-33.48067576575177,0,0.44322951132019334,True,False
extend1,22,4.8,0.8,1.9515595171515823,-1.9515595171515823,0.3291946408702723,9.432755171337813,1.1463394058018173,77.3579294594231,15.419471419720926,0.14054195318004545,0.011908307615814826,60.93900383499565,7.731589722268469,0.09358920023454133,1.1738258372905854,-31.642293682468406,0,0.27721396521214237,True,False
extend1,22,4.8,1.2,0.6314101198076552,-0.6314101198076552,0.3447845795721082,8.355433988925185,1.2757298050460844,80.79800859349196,15.419315192632993,0.14054195318004545,0.011908307615814826,60.972211694150246,7.893748180708885,0.08231638701028417,1.1331073926475121,-30.52964695536234,0,0.20824052571017335,True,False
extend1,22,4.8,1.6,0.30146184780633223,-0.30146184780633223,0.3972974046057683,12.501151496922379,1.989052920587112,156.44938310544768,15.41928541152009,0.14054195318004545,0.011908307615814826,61.584703495755505,8.00460506707509,0.07747822372058122,1.181125913349487,-30.287357837217357,0,0.2510745707315875,True,False
extend1,22,4.8,2.4,6.573797094687213,-6.573797094687213,13.10381938804195,34.239930275441566,16.137354802193492,179.7379542958638,33.20279569697478,0.14054195318004545,0.011908307615814826,52.110714971074245,20.31750600570264,2.250800316059099,29.55087591090973,-34.72484549838783,0,4.153659722049892,True,False
extend1,22,4.8,3.2,0.5624651527760741,0.5624651527760741,16.655555085701828,17.87697828676665,18.560639584679354,144.4677930971011,47.49412789415273,0.14054195318004545,0.011908307615814826,39.17264620503641,23.22573347119336,2.9338617917819567,36.323727586129095,-29.15584736815703,4,4.644265272706913,True,False
extend1,22,4.8,4.8,0.19798195147419478,-0.19798195147419478,12.655413679251055,14.071939862055478,15.705969605218655,144.46435662297344,40.96644640815462,0.9625209186507295,0.21631484830977088,40.46366122845458,17.989554423842055,2.091249986936776,28.199547211773183,-30.131347952211094,1201,3.547652173184953,True,False
extend1,22,4.8,6.4,32.53763351504337,-7.768203228925768,23.474080032090686,25.99694465408312,11.240995896089442,126.25620560579704,67.70275501988606,143.9318716978893,13.861022410595869,70.32705724806387,35.52463579819509,18.296621467162574,101.67109303673635,-30.932189819933093,4861,7.895719292756406,True,False
extend1,22,6.4,0.0,2.6341391793035083,-2.6341391793035083,0.9438694083950724,20.172926635720067,2.7993023126783365,169.2720852826755,16.44184535107974,0.14054195318004545,0.012917917061821983,66.24775218926864,12.506164329708572,0.15673196865697633,2.4112095983759443,-32.1084542110414,0,0.5815222668955705,True,False
extend1,22,6.4,0.025,2.630020256210252,-2.630020256210252,0.8986459204851782,21.035607656330747,2.8506987740699556,176.07782807878664,16.50760222692517,0.14054195318004545,0.012893034902605231,66.37074734529374,12.507971439747331,0.14997435849223903,2.3089150915655368,-32.099838210301286,0,0.5780392687291706,True,False
extend1,22,6.4,0.05,2.6204029178769197,-2.6204029178769197,0.8548618749716799,21.84028902648522,2.911928342671679,179.9670784728609,16.573678663714368,0.14054195318004545,0.01286812858741798,66.50458660570172,12.510251175548945,0.14348161329287676,2.2103716427759728,-32.08665476621277,0,0.5743185516658369,True,False
extend1,22,6.4,0.1,2.5852526593011556,-2.5852526593011556,0.771745845916586,23.30805590683452,3.0675537420250953,176.04120730729346,16.706771931658093,0.14054195318004545,0.012818326733304714,66.80878660586781,12.517075967864894,0.13166703224211412,2.025436183322756,-32.09997131040193,0,0.5665563208250981,True,False
extend1,22,6.4,0.2,2.3793621071597544,-2.3793621071597544,0.6296356575474799,26.96528891398203,3.5299123011384665,173.74144383203068,16.976594803969412,0.14054195318004545,0.012719454179176932,67.71172589958076,12.553501600715448,0.1222149920389141,1.7133332491331057,-32.65543695668327,0,0.5587660662688659,True,False
extend1,22,6.4,0.4,2.5845566025773516,-2.416931893209447,0.9928514933095116,40.5289004451414,5.869920508089055,176.84932779898494,17.529824720776542,0.14054195318004545,0.012532522291774324,76.03900447978856,12.077909999396526,0.790437576026046,2.733342631025633,-29.8999923541946,0,0.8110952742913953,True,False
extend1,22,6.4,0.8,1.7983898372094735,-1.4279698812680905,1.1608570088682486,42.98639622770882,8.097387963791794,164.63121938210267,21.155883280596793,0.14054195318004545,0.012350178906996573,121.20887469597146,12.53033952137827,0.2390391337514838,2.8524273472204804,-30.427132304867055,0,0.8706639734880472,True,False
extend1,22,6.4,1.2,1.4904271100192064,-0.07209992506473022,3.438481447882561,48.047576862348045,11.415917786044435,177.74656652919126,30.094122530659916,0.14054195318004545,0.01402526059414471,169.13633747833444,21.827391810170596,0.5927030408410047,8.104727701127342,-29.284416407159735,0,1.5210727956716321,True,False
extend1,22,6.4,1.6,0.414589647394848,-0.3728706551160189,8.672902939514746,30.318841474051833,15.44201343034788,164.575509216892,56.00528239861459,0.14054195318004545,0.020461123408313176,158.19546637301633,25.708675081350336,1.4143306420667543,19.721763032125303,-29.737023180080445,0,2.6939327104202313,True,False
extend1,22,6.4,2.4,1.9368224834723264,-1.9368224834723264,20.120908383288803,21.73944957091917,23.016906802249395,175.7855871935385,65.05349333359015,1.0488143485168524,0.17010936311186836,75.63810206725964,31.254864827529016,3.421782064858577,44.044558834078586,-30.7812457827342,124,5.684323548156245,True,False
extend1,22,6.4,3.2,103.03291226973495,-49.84146387977013,156.22995318593863,41.72752648622698,41.708403107661255,177.60689649772885,381.8817383998427,11.741197441698876,1.7761209662646005,179.2090396851784,312.120120870455,88.00555106511723,312.60986403961175,-13.965622347706399,3431,45.23837315205697,True,False
extend1,22,6.4,4.8,74.43087144857198,-24.646703373930364,22.892258814079504,51.10842971409774,17.549817956029692,175.37549798291707,76.57032531812469,158.63683122791014,40.321473883711825,160.09971997500801,52.0173713766355,13.177845770162389,76.76892186789146,-3.2876170557088322,1703,10.157273588206964,True,False
extend1,22,6.4,6.4,73.64302429313534,-35.45915042337879,18.78554820014476,40.15145977891292,26.341425579120777,172.1423544172108,90.58174154776893,160.91956795917488,51.60693986583597,81.11796906992868,37.303704943566665,6.109564624400733,67.87575047331731,-70.64771713148075,7119,9.143549213489793,True,False
extend1,33,0.0,4.8,1.65787492664817,1.65787492664817,0.20519807426519635,2.634490576824209,0.6318568608598374,30.47713604435616,15.269302270075713,0.4777013563538863,0.024106540809561452,28.333570487666048,5.0865303561327,0.07320760433370349,0.7328686111754225,-28.333570487666048,0,0.16647181154969098,True,True
extend1,33,0.0,6.4,1.6759599893696528,1.6759599893696528,0.18180444572535265,2.6673788031000467,1.8326724697967265,30.47602262308286,15.268206628255001,0.4777682536923518,0.024348583375798774,28.307261476220706,5.128757701669056,0.09383211426045776,0.6702751016888537,-28.307261476220706,0,0.18142289618377097,True,True
extend1,33,0.025,4.8,1.1500334949618458,1.1500334949618458,0.16504855676175814,2.148094701813048,0.6022538302695148,30.456153196294306,15.27035171102464,0.47252945759447207,0.024114439767142382,28.839733788284097,5.117149054879048,0.06357023216892298,0.6888767205269846,-28.839733788284097,0,0.12650535198092022,True,True
extend1,33,0.025,6.4,1.167948338837592,1.167948338837592,0.1482751350992067,2.338725589211808,1.8427028030471626,30.455415854129328,15.269271328835348,0.47400905760786255,0.02435545835434692,28.82050998714645,5.163522931771857,0.07654795359151098,0.6366926297435467,-28.82050998714645,0,0.1450651035523869,True,True
extend1,33,0.05,4.8,0.7048967466718594,0.7048967466718594,0.13290246397900748,1.7033204079968993,0.5784422009326857,30.435811003268405,15.271367968288713,0.4702571927819128,0.02412238584273741,29.279092281997904,5.143909905747476,0.05847462839120243,0.6583066202894031,-29.279092281997904,0,0.09211646001153283,True,True
extend1,33,0.05,6.4,0.6779992406874622,0.6779992406874622,0.14031801968406793,2.0164918224134873,1.8680164715185206,30.435503607103858,15.270299756672568,0.47204998868746917,0.024362380607817317,29.314108021750304,5.19802350970546,0.06398741121033857,0.6263354593920638,-29.314108021750304,0,0.11630671043495543,True,True
extend1,33,0.1,4.8,0.0157098274482936,-0.00881813948836822,0.08706533750767599,0.9975932386149566,0.5477904129830413,30.396987192441852,15.273303804821811,0.4670214079837762,0.02413841916147705,29.968842934958857,5.185384495779564,0.0588303681508953,0.6261406703855109,-29.968842934958857,0,0.03981592647934461,True,True
extend1,33,0.1,6.4,0.20368204158244532,-0.20368204158244532,0.1661789702029664,1.7743965134241744,1.9547479007587891,30.397690993989936,15.272251164568587,0.47089038967556657,0.024376366778270254,30.190370255375544,5.2611505126233995,0.05079740477348863,0.643554106668775,-30.190370255375544,0,0.09845580741752918,True,True
extend1,33,0.2,4.8,0.8846371594652339,-0.8846371594652339,0.0433562888196999,1.2124280422582236,0.5373141036163147,30.326369463135524,15.27680827011642,0.4647971429172545,0.02417104915245031,30.760928133950955,5.225163497627311,0.07925366309333429,0.6381561196741521,-30.760928133950955,0,0.07395413941295804,True,True
extend1,33,0.2,6.4,1.421811502033395,-1.421811502033395,0.22115405229686508,2.933992642304127,2.16861360272616,30.329633585718327,15.275755037953239,0.46866644283851744,0.024404904630541974,31.343931974292495,5.347208683018921,0.04962589515107367,0.7180013021187678,-31.343931974292495,0,0.18626388965139687,True,True
extend1,33,0.4,4.8,2.089851084058995,-2.089851084058995,0.09796489881293066,2.383866870803656,0.613088745757901,30.21019877678653,15.282495518816768,0.4603489847507736,0.030981119437834593,31.705730341159594,5.2022798763961875,0.17680882188164299,1.0327850005613923,-31.705730341159594,0,0.15886712612624393,True,True
extend1,33,0.4,6.4,1.79100795870046,-1.79100795870046,0.2618138691179101,4.917799955099562,2.586525437264989,30.220260196525825,15.450198462236173,0.46421892095436057,0.030516464956853086,31.748882566614878,5.356019800791819,0.07658382949360122,0.9412941356074762,-31.748882566614878,0,0.2382490190440065,True,True
extend1,33,0.8,4.8,10.169859143960297,-10.169859143960297,0.8102408164300545,7.35241862357571,1.174637893330011,34.48868515946081,15.289625641648557,0.45763133023436753,0.043642861245178556,36.17815229578183,4.969433243738721,0.794621196686706,4.850682120799341,-36.17815229578183,0,0.7915167461315681,True,True
extend1,33,0.8,6.4,7.167218972435985,-7.167218972435985,1.2797202446890237,10.24282741445497,3.597807280726932,38.675958279842845,18.208914473431612,0.45763133023436753,0.04264049882753108,41.23667522592859,5.0061370755675645,1.0509325579971374,6.322580627591099,-41.23667522592859,0,0.822435605579986,True,True
extend1,33,1.2,4.8,23.07839713789265,-23.07839713789265,2.0865564707106152,14.347823129840183,2.0247774892136383,44.49518790342893,15.292737313023927,0.45763133023436753,0.0505310298918847,53.519561184859846,4.418575422432199,1.736075232846737,11.521907054748057,-30.83820287922803,0,1.8282087668179094,True,True
extend1,33,1.2,6.4,13.1077907607052,-13.1077907607052,3.7989281473522984,19.36880018145495,5.1411501858499244,63.377662555486054,23.687903924556622,0.45763133023436753,0.04869372723996234,54.70207914688995,5.910575890977003,2.4448843566741076,16.734094048238667,-54.70207914688995,16,1.8505339650431378,True,False
extend1,33,1.6,4.8,32.94962587250556,-31.32670664056983,2.8658944843977485,19.32246381549232,2.7373779644382474,50.92312442703743,15.293338767043094,0.45763133023436753,0.053705759311034815,64.7564253102123,3.9426276353417182,2.2831609684004825,15.951126235607592,-12.500725725330842,0,2.5697038446322207,True,True
extend1,33,1.6,6.4,3.541435044508964,3.3309540768471506,3.702149458611733,20.971888325084304,5.770326794631194,83.52364364321728,29.935935929623103,0.45763133023436753,0.051373969576685115,32.09703431666655,8.041338351347695,1.3080846374003532,11.567321156616558,-32.09703431666655,275,1.37166123845394,True,False
extend1,33,2.4,4.8,6.582014215804955,-6.582014215804955,2.5452496042526533,15.73707868609225,3.80969911781104,76.10639053956041,18.599159548906194,0.45763133023436753,0.05706305633481597,43.79169681494405,6.901128928056412,1.082572995190891,9.099072000503243,-43.79169681494405,0,1.158805419822661,True,False
extend1,33,2.4,6.4,5.32340793674914,5.32340793674914,6.6182398776243785,16.602327978074822,9.988544321532336,95.013059768079,36.98999156690173,0.45763133023436753,0.05575081138891853,29.412225686666797,10.998778437598062,1.163652223426436,15.598760603828485,-25.364942959628085,2079,2.2222946079159454,True,False
extend1,33,3.2,4.8,0.7729400762074226,0.7574901374027689,9.254908743812104,18.391634662476516,13.26988448134814,130.21726039140978,33.87113656814837,0.45763133023436753,0.058274298499035634,44.491340996769736,13.773869045024458,1.5659499558552135,22.088443149596596,-28.56477134446338,2042,2.7224659897505075,True,False
extend1,33,3.2,6.4,1.1029885917248197,-1.1029885917248197,12.513301046425045,17.843921444707547,17.142697232723126,166.68132997424917,37.55168936272621,0.45763133023436753,0.06118330300443832,30.883152730310616,17.55289330985126,1.9468532826323237,31.06225496218414,-30.883152730310616,3277,3.6122834684723055,True,False
extend1,33,4.8,0.0,6.580266560341299,-6.580266560341299,0.8096476144560217,12.727002042188463,1.5473606857736262,70.87542656847648,15.279563855941545,0.45763133023436753,0.03900911259832659,61.656418126590886,12.269920915422643,0.22597018595206833,2.622235299823831,-36.10887699282755,0,0.6627672533188113,True,False
extend1,33,4.8,0.025,6.512165974738082,-6.512165974738082,0.7728872901958391,12.742387507431923,1.5336300891517303,70.74543481293432,15.279691937854029,0.45763133023436753,0.039080512653503555,61.70727070891696,12.248179673824792,0.21905680530033594,2.5386032329467625,-36.03345709879284,0,0.6500759990300145,True,False
extend1,33,4.8,0.05,6.439919342032842,-6.439919342032842,0.7361274760402008,12.752314585843376,1.5199049218315195,70.62482399990293,15.279822750924616,0.45763133023436753,0.03915309639816472,61.75784812778192,12.227260359740171,0.21216262775685477,2.4555829773711104,-35.954329789462015,0,0.637132172069399,True,False
extend1,33,4.8,0.1,6.2827311717650405,-6.2827311717650405,0.6628173426940848,12.755319279976712,1.4925531132145777,70.41100878299899,15.280092165791995,0.45763133023436753,0.039301727310596675,61.85786453536222,12.187867879881786,0.19848580879827313,2.292163519625612,-35.78473949216823,0,0.6105233443598566,True,False
extend1,33,4.8,0.2,5.916950523316941,-5.916950523316941,0.5185015844638808,12.691476710786798,1.4388195585635934,70.08778623122089,15.280659249801548,0.45763133023436753,0.03961223854947929,62.0509717249107,12.118600348794214,0.17199071421873507,1.9817843750735524,-35.39988929638982,0,0.5547453517109816,True,False
extend1,33,4.8,0.4,4.99454526514995,-4.99454526514995,0.2520248797190231,12.279745483558642,1.340049804002731,69.81688876256784,15.281882469555397,0.45763133023436753,0.04028158398971196,62.38941048918919,12.014342752483893,0.12618719960175268,1.481215746964124,-34.46483833786689,0,0.43696093417773757,True,False
extend1,33,4.8,0.8,2.7493364821688098,-2.7493364821688098,0.2401834249134061,10.534851632778738,1.289534448289317,70.44858482742916,15.430356983395527,0.45763133023436753,0.04177930607890678,62.76473728606408,11.902096930283523,0.09341229308098134,1.3006258095415844,-32.31474301011488,0,0.30637393492840104,True,False
extend1,33,4.8,1.2,0.802563433569787,-0.802563433569787,0.5430274336900056,9.604963335489455,1.6154108824258209,76.39983826260263,16.129207204776076,0.45763133023436753,0.04348142181627204,62.81279929226903,11.839267072307425,0.12461749136640957,1.7754602748865325,-30.610592734908867,0,0.28232199388408624,True,False
extend1,33,4.8,1.6,0.04578514130381633,-0.024379871721346657,0.7806809400031248,22.495300041471886,3.453070993427842,161.4161664483037,16.933931747473174,0.45763133023436753,0.045405772653368454,62.992727366391996,11.090071235589154,0.15428718195979094,2.2640947870066297,-29.995097055979237,0,0.44134305439568616,True,False
extend1,33,4.8,2.4,11.669855168567718,-11.669855168567718,17.10200449715587,26.7253775145796,22.171708351337212,169.5226968489426,47.37135463251927,0.45763133023436753,0.04958744832081486,38.67538446319283,23.072843626676995,2.9929584414964956,40.03660546378866,-38.67538446319283,1016,5.443988178203837,True,False
extend1,33,4.8,3.2,6.477428693639392,-6.477428693639392,17.204992969098946,23.20462938936734,20.227576691621625,166.74554024362737,54.738388633362604,0.45763133023436753,0.05461454307773775,39.9793800259571,23.0117575038648,3.089548545916209,39.56826569895104,-34.95370710645197,1355,5.149007547548193,True,False
extend1,33,4.8,4.8,0.7614341430591776,0.5158810932702789,10.483466879075944,17.839970566123146,14.423154803590657,178.63337782289966,56.05303619566507,1.8547390465591267,0.35209886919594985,61.7039285621142,18.109018171252725,1.7820858047053747,24.945579812376184,-28.456775798327055,1893,3.0432773124172625,True,False
extend1,33,4.8,6.4,0.23423139764300177,0.23423139764300177,14.247042469719371,13.021874710632193,17.897859034241645,138.36698081255895,60.19905008612434,111.82119443704563,11.899619721441438,34.28842080641532,20.094713706016044,2.2083656149072146,34.10160755139742,-29.743180939030488,3130,3.9744364869306867,True,False
extend1,33,6.4,0.0,53.395620621249826,-51.773961543133666,4.346886586184498,45.1639286793906,5.479752126978451,105.88960035317714,22.08602404170856,0.45763133023436753,0.0399435205731526,81.91879452660201,19.415689285282557,3.2994520353443613,9.133842751657694,-27.19126973030104,0,4.222407183384231,True,False
extend1,33,6.4,0.025,70.51064573886694,-66.94452640634863,5.542846109670938,55.712731283904716,6.07166831105771,142.02098280972112,22.119986639962615,0.45763133023436753,0.040025785760089985,85.75447673360836,19.581337163763173,4.223517649782677,11.556176267307983,-24.44521733772167,0,5.474726841580838,True,False
extend1,33,6.4,0.05,74.49153452711414,-68.46027325082319,6.713171461512724,60.70475104039184,6.6484269076130165,154.07419067268276,22.15425869127687,0.45763133023436753,0.04010954991104664,89.91715840358373,19.498064336242162,5.1378459700987795,13.9853083551772,-20.81138345113675,0,6.01737694366547,True,False
extend1,33,6.4,0.1,76.96502976623864,-66.2654337467285,9.068505965691568,63.17186876322884,7.554567246616289,164.46559983720252,22.22372490964699,0.45763133023436753,0.04028161595979232,97.7638611702679,18.816507239048356,7.004271380069044,18.98522678206787,-12.648024700493254,0,6.765250860712976,True,False
extend1,33,6.4,0.2,74.85760840161011,1.9373965321683073,5.8690184921452015,69.7625415542623,9.913897866986103,179.4237801472529,22.36630323161582,0.45763133023436753,0.04064420877787016,115.20054936852455,18.67878709139477,4.606268130971657,12.430872106949003,-19.508369776961846,0,5.953481351281182,True,False
extend1,33,6.4,0.4,3.5568282191397658,-3.5568282191397658,0.4448211341176808,50.634365653694296,10.965397960382202,177.61633871930732,34.78561615970156,0.45763133023436753,0.041446083905529306,162.99620982604517,18.210357973162278,0.17846453562720538,1.543336138804157,-32.174693113368946,0,0.8901729108878185,True,False
extend1,33,6.4,0.8,3.911953068896691,-3.911953068896691,1.4268807633876794,32.833906051312866,12.019986737336884,173.10006769997105,65.33197865095605,0.45763133023436753,0.04338552770977824,173.05239915986138,17.332107822617683,0.3592708628314935,4.862282140769298,-33.551110575211204,0,1.0223387401006834,True,False
extend1,33,6.4,1.2,12.921552342856177,-12.921552342856177,23.28888617090874,23.012355076759977,30.894904299238476,177.72790525764694,84.76898607180318,0.45763133023436753,0.045845140491103054,177.66704186912457,79.97094233494558,4.715372064607238,59.535378265049886,-45.86295478912708,3851,7.164887483209635,True,False
extend1,33,6.4,1.6,20.048932027804117,-20.048932027804117,13.048485436975872,22.58217309247766,25.764806577529885,173.6746082257123,88.27967032134507,0.45763133023436753,0.0772002084000095,162.48653596011292,123.57175071568751,2.7743287039820945,33.510155930781785,-51.52218262976269,3873,4.873746307933087,True,False
extend1,33,6.4,2.4,36.47218744348652,-19.26901494774643,32.001899856983975,26.00075208377127,24.73490984573376,171.53496307808183,98.46073055695601,4.327410959034725,0.7690640525224828,73.11977364846214,43.25047500059798,15.710640346620327,82.84355071014328,-33.87834144743883,5009,10.444922464009489,True,False
extend1,33,6.4,3.2,10.94940201602326,-8.598937654807926,13.751296931204227,29.826522658845107,20.745578599927676,156.4563034659781,85.06036200995693,138.01379609212339,5.7775549006319835,163.90587790919736,34.20267855270834,2.623844943247185,31.703751525884236,-24.1769946586428,224,4.572828731575074,True,False
extend1,33,6.4,4.8,0.39090074711869693,0.09929098101431141,7.076992361418948,19.00868730090996,14.676787192031323,155.1775597802247,71.44643846161037,177.38101291570993,77.1031796814631,179.3017730619216,34.37359831620447,1.4569710669779943,19.488481470850942,-28.66037339907011,4520,2.187015639401773,True,False
extend1,33,6.4,6.4,1.7145589479109808,-0.5373436153585114,13.129857906784803,27.374741264288367,19.970777156707253,178.9683550491704,96.25774228543543,157.43388350973498,64.27903688603688,119.37411516008179,25.999252051190613,2.158184420525674,33.12810368686394,-29.517338538460894,4215,3.9226351561423103,True,False
extend1,44,0.0,4.8,2.294955998144835,2.294955998144835,0.20483408969123845,3.4529211883372684,0.5628009838399715,30.215520315670574,15.21447172523115,0.21682094181114747,0.039149056355302,27.701365727861035,4.8564166523614745,0.08963826553970689,0.8810396653050449,-27.701365727861035,0,0.20392676007338437,True,True
extend1,44,0.0,6.4,2.3282928493188115,2.3282928493188115,0.19136607926038304,3.4725178651614277,1.9259109644706214,30.21579088112234,15.216982334439935,0.22550182799970397,0.039149056355302,27.65508675063408,4.919203318625605,0.08486368920862017,0.8497576577537691,-27.65508675063408,0,0.2246629445637643,True,True
extend1,44,0.025,4.8,1.708455964729892,1.708455964729892,0.16715065081828398,2.945208143421867,0.53775387907112,30.2059534156388,15.213750266587004,0.21626248511861287,0.039149056355302,28.2955124450531,4.8881056845228406,0.08018170540059669,0.8233978683349061,-28.2955124450531,0,0.16054069022564518,True,True
extend1,44,0.025,6.4,1.957503584177258,1.957503584177258,0.16665157075221554,3.2571842027411506,1.9831249062714562,30.206946861517324,15.21617556393761,0.22666108016442607,0.039149056355302,28.04193179793399,4.951714016853805,0.0766949027611542,0.8086847940811775,-28.04193179793399,0,0.19908527532288806,True,True
extend1,44,0.05,4.8,1.208157611167706,1.208157611167706,0.1349491181207632,2.496813451395373,0.5160531832974402,30.196705001314093,15.213046530162236,0.21600163111268433,0.039149056355302,28.796835956321022,4.916156802955795,0.07236668869916471,0.7755796644434441,-28.796835956321022,0,0.12338418040735191,True,True
extend1,44,0.05,6.4,1.5565090755513422,1.5565090755513422,0.16401499465139682,3.0221426159352007,2.058906982855315,30.198413949986655,15.215389851046684,0.22782029131762332,0.039149056355302,28.458407548036984,4.987898391708591,0.07229911091349196,0.7840195600588601,-28.458407548036984,0,0.17765599520156447,True,True
extend1,44,0.1,4.8,0.4422839361865982,0.4422839361865982,0.08431739564045433,1.7271320109276445,0.48419232093804593,30.179131062199758,15.211691107267916,0.2154238242881333,0.039149056355302,29.54857884635604,4.961678362922297,0.060596442595210666,0.7036596551265994,-29.54857884635604,0,0.06549795170818769,True,True
extend1,44,0.1,6.4,0.7116593392708211,0.7116593392708211,0.20793749086530147,2.5604860252433177,2.2577409611600534,30.18224804628049,15.29797768027115,0.23013859059414865,0.039149056355302,29.322871870362018,5.067976583086496,0.07227999466207258,0.7739272928316991,-29.322871870362018,0,0.1457959153993786,True,True
extend1,44,0.2,4.8,0.3258956118591737,-0.3258956118591737,0.02913373115206534,1.0031042196983482,0.4766060243010827,30.147455164024578,15.20918071842274,0.21833716228275338,0.039149056355302,30.25364524062024,5.0158774395419625,0.04820269613207302,0.6278793255146735,-30.25364524062024,0,0.03972509534743319,True,True
extend1,44,0.2,6.4,0.9258707365727468,-0.9258707365727468,0.36189773247699686,2.9543711241543518,2.7779486898225025,30.1532911552814,15.56082190381211,0.23477469706328935,0.039149056355302,30.937339111140822,5.246466221542566,0.09088860940800385,0.8752194263154752,-30.937339111140822,0,0.20677904777699146,True,True
extend1,44,0.4,4.8,0.25405811813762114,-0.25405811813762114,0.052600989426408076,1.6762912133428856,0.5701132448622118,30.096357833226413,15.204901227631188,0.22761224347438058,0.039149056355302,30.111745104909364,5.0319316747652,0.04602285957512144,0.6109978780017048,-30.111745104909364,0,0.04913782260444849,True,True
extend1,44,0.4,6.4,2.877864526489972,-2.877864526489972,0.7443686843838557,6.457383408566242,4.1353906599792225,30.107211370053072,16.25553110612997,0.24404494193828039,0.039149056355302,32.74607656197585,5.656052492054955,0.16428037222239814,1.580221709735024,-32.74607656197585,0,0.45136866863529923,True,True
extend1,44,0.8,4.8,0.9623704324655156,-0.9623704324655156,0.08748524860019027,2.945644910150649,0.7377216269701746,33.63164059082005,15.198852143390889,0.24615453277826507,0.039149056355302,30.574007520658103,4.975212355648347,0.10742555427257656,0.7926436991055292,-30.574007520658103,0,0.10659114964173848,True,True
extend1,44,0.8,6.4,5.52058160496866,5.52058160496866,2.411000211072788,15.621038477839173,7.389274806212899,40.57535287286656,21.322998155923095,0.26257756163823875,0.039149056355302,28.90730637329452,6.560764668976689,1.2993175225230527,9.218682552670558,-28.90730637329452,0,1.1296942380805333,True,True
extend1,44,1.2,4.8,3.9493578740017314,-3.9493578740017314,0.3046996851363968,5.273670816499668,1.1311659610708749,42.72105428678796,15.195379936687015,0.2646863288321459,0.039149056355302,35.63689208291955,4.8987354659405815,0.339772342383495,2.127486191386452,-31.61001968573115,0,0.33607317572741624,True,True
extend1,44,1.2,6.4,2.8369953326339905,2.8369953326339905,5.109383653419113,19.884276968119018,10.991033369917096,60.36405425678633,43.28981050500528,0.281099692131117,0.039149056355302,28.065420713846233,9.743510581160955,1.0325255364428814,12.98382314685164,-28.065420713846233,34,1.7644900365821934,True,False
extend1,44,1.6,4.8,11.982875348522391,-11.982875348522391,0.8920950797286574,9.228591887387472,2.069068222352211,48.84569517563429,15.193721297614179,0.2832076366667911,0.039149056355302,43.870397130637826,4.671402351348711,0.7706260669885688,5.165611345173536,-40.05763809821742,0,0.9328807740399803,True,True
extend1,44,1.6,6.4,0.5340431268428543,0.48038140181937805,7.739617262414072,17.331665495969954,13.229475230149376,72.38647306886963,35.71576616592029,0.2996113384513068,0.039149056355302,29.17188587108102,11.49679074254614,1.2707686651859864,17.836993813482813,-29.17188587108102,1339,2.3222049136628837,True,False
extend1,44,2.4,4.8,4.355938168108176,-4.355938168108176,10.84291890702335,20.593055776254214,16.09956506199975,68.44309547478241,39.71126052629319,0.3202188078169938,0.039149056355302,32.248526753086566,14.647705899902435,1.7610186342161867,24.833436929581065,-32.248526753086566,1257,3.3632002218914656,True,False
extend1,44,2.4,6.4,1.9057201194765754,-1.9057201194765754,9.542675472866476,19.65473669740667,15.110812166182631,80.85079638713263,32.62007191176028,0.33660319872775435,0.04388238740656125,31.006453331153445,13.355296494698656,1.6176805763512276,21.729853734803502,-31.006453331153445,2366,2.8916530421946964,True,False
extend1,44,3.2,4.8,4.571974232099837,-4.571974232099837,11.389973688989356,19.103260639665983,16.193253536624425,83.27856719640332,32.37467157635208,0.35718808653591494,0.0429207697002207,33.355908435265086,14.964162507731835,2.000626680098319,25.754908233463482,-33.355908435265086,1340,3.4998816185394888,True,False
extend1,44,3.2,6.4,1.4238221852671362,-1.4238221852671362,9.92030616509695,18.168465902274384,14.4699726515968,172.60632847096372,48.362394203114214,8.143715107098595,1.3750505049557131,30.808103463372706,13.703777518237228,1.7295186445557331,22.24714297463301,-30.808103463372706,1752,2.939108994683946,True,False
extend1,44,4.8,0.0,2.2597222024924157,-2.2597222024924157,1.5690187710572703,7.66789734198166,2.101055490554837,64.9304101877564,15.228222513663415,0.3819598588359291,0.039149056355302,59.73637103925386,11.138820715261021,0.2618656966991262,3.693578843592583,-31.945277471994885,0,0.6034709194733416,True,False
extend1,44,4.8,0.025,2.3076860513819457,-2.3076860513819457,1.527596181112116,7.718462029412009,2.0783218434113944,64.85781970936084,15.228100106659106,0.3822155217048061,0.039149056355302,59.76491387432387,11.118181807393048,0.2552370960468665,3.6002915902106674,-31.993544640401186,0,0.5955633720041772,True,False
extend1,44,4.8,0.05,2.3511552990748728,-2.3511552990748728,1.4867724446202648,7.763708590045856,2.0560630731153244,64.79372166788414,15.227975599316295,0.38247118206319825,0.039149056355302,59.79469218873891,11.098154601244763,0.2487724297276701,3.508667025694673,-32.037441719573756,0,0.5875442495408149,True,False
extend1,44,4.8,0.1,2.4245655187954904,-2.4245655187954904,1.4069993362017206,7.838109015733363,2.0130112522711263,64.6902490495848,15.227720395318261,0.3829824952487908,0.039149056355302,59.85785787848436,11.060018775670684,0.23637128999140095,3.330661494266651,-32.112066906306374,0,0.5711880258447005,True,False
extend1,44,4.8,0.2,2.517687162475574,-2.517687162475574,1.2553524526047997,7.922068704496627,1.9330150381532263,64.57689553844156,15.227186032750076,0.384005091494995,0.039149056355302,59.9975962012275,10.9918796772337,0.21391719643022028,2.997073519654189,-32.20901502007414,0,0.5373249235208365,True,False
extend1,44,4.8,0.4,2.5020478967144775,-2.5020478967144775,0.9850181558425003,7.836864436218908,1.7989582937088269,64.6822824635173,15.226028202723324,0.3860501634960751,0.039149056355302,60.317952957685236,10.890193317168455,0.17986202186370193,2.4266314394239865,-32.20717805145487,0,0.46605888079276186,True,False
extend1,44,4.8,0.8,1.8700696339264966,-1.8700696339264966,0.5725808336279805,7.559392559090139,1.6495060477140435,65.89724958996409,15.223413617986711,0.39013982557827537,0.039149056355302,60.98722239544936,10.82660868444996,0.15602552109620796,1.6858637060405424,-31.642269569041765,0,0.3265963412936797,True,False
extend1,44,4.8,1.2,0.9788327496403448,-0.9788327496403448,0.3611797200041245,9.67066903914567,1.991596946752546,68.1660248062028,15.220512235722447,0.3942288451895282,0.039149056355302,61.5441396529943,10.911692858872907,0.16238489644658768,1.4435587271534605,-30.895058625834896,0,0.25236790991306207,True,False
extend1,44,4.8,1.6,56.07753746448411,-48.09867386031902,20.682419983136825,72.78003779576682,14.30961464077489,177.8720856239666,39.30832235475002,0.3983172224367578,0.039149056355302,75.87721926791951,39.03097268056576,19.168589179766883,64.00262482523674,-19.10945109036604,420,8.814799416665537,True,False
extend1,44,4.8,2.4,10.564839832702821,-10.564839832702821,11.183794069020731,23.606867348062686,17.75669479981438,163.08458667462466,53.39339378114136,0.4064920502671714,0.04297401274234629,47.12454586307356,17.36658633555483,1.9046824966147227,26.44882954875777,-39.09345291382745,1015,3.811056475349905,True,False
extend1,44,4.8,3.2,6.287927369928342,-6.287927369928342,13.198572041014817,19.73608068865748,17.764798493225662,157.52608212453177,50.241818734928664,0.9673190069436438,0.13201122106493704,38.944775993931835,17.811535137814467,2.301218933163424,29.83927603474574,-34.96003901608799,1141,4.068781203005693,True,False
extend1,44,4.8,4.8,2.7793213509896715,-2.7793213509896715,13.597846799431064,14.719287559061655,16.08768898025702,125.26550033704017,50.61655293715022,122.40765053281605,21.224749794706124,34.151628496171185,16.699610688500687,2.3772036326874977,30.141252495144194,-32.16851676087744,1358,3.923959232037617,True,False
extend1,44,4.8,6.4,2.779398627164855,-2.779398627164855,12.814698941227931,14.61299934672434,15.770968047589642,165.42819024089601,63.46038136833022,134.22758974114828,34.255605540587375,35.64848061075519,16.34244783439262,2.2258560007432235,28.21193203213118,-32.47831499096924,1935,3.7221152175544256,True,False
extend1,44,6.4,0.0,1.7484716103615405,0.22690497676879867,1.2754985124951492,49.293811974302585,9.003547400877537,177.33135926285618,22.717190975250794,0.45572135515268813,0.039149056355302,91.4431881808326,15.037048450584978,0.2851864290284679,3.136580939258413,-27.22834708237266,0,0.9641967626904241,True,False
extend1,44,6.4,0.025,2.365188712641788,0.7142993367300914,1.2407173082988494,47.714728222077284,9.264264786401295,178.69096377572714,24.918372978131668,0.45597641581022463,0.039149056355302,99.65938386444383,15.035835577136925,0.2480724282776119,3.0023715219671034,-29.435054828346242,0,0.9774383734855715,True,False
extend1,44,6.4,0.05,1.267069044212632,0.8367702130988424,1.2054744163776514,46.29288533556125,9.504629961505628,173.62547241799865,26.88176964242898,0.4562314739619063,0.039149056355302,111.86737597425623,15.005833103487278,0.21861556496291218,2.885538108115205,-30.5063372633444,0,0.9058005119037678,True,False
extend1,44,6.4,0.1,0.8422670704107122,0.5751563300295722,1.093693653854309,44.55274691614852,9.927274140321703,178.38468682183588,31.11986040145391,0.45674158274807564,0.039273511456646135,153.12932315426607,14.701524029272486,0.1822358789331922,2.716753176150367,-28.66745542914637,0,0.8490200197219797,True,False
extend1,44,6.4,0.2,0.7327290962440649,0.7157747320396,0.9248206995094863,41.71825684073779,10.633157609594292,175.28570583968045,41.79489505732128,0.4577617702510972,0.040328437990824466,118.82096876610031,14.307286484975318,0.1469397636497341,2.384541547292612,-29.098765136376212,0,0.789238175414584,True,False
extend1,44,6.4,0.4,0.3568359606078214,0.3568359606078214,0.645937522360923,39.15355394832302,11.707175439730323,179.52832302778833,61.81091713012519,0.45980202498845496,0.0424870748368055,177.23046770123713,14.598188802770535,0.1108259298281213,1.9568902863530102,-29.808163093183367,0,0.6968995111921098,True,False
extend1,44,6.4,0.8,3.346661971521873,-0.5389487852956356,2.319840715585566,44.27802908162192,14.8204900643622,175.7270234198054,89.13127006191843,0.46388205343301697,0.0469919242479857,154.70178389493256,55.67499024810415,0.5506203263439022,6.28721837060484,-29.99232054213285,0,1.3584417234853836,True,False
extend1,44,6.4,1.2,12.417711952604403,-12.417711952604403,8.098991532424701,23.675538826513115,20.531253132242377,167.11800543920106,95.3579300111609,1.641054317848412,0.2054632214247321,162.33286676416148,98.1191821267996,1.4443960422725242,20.355157395011425,-44.63383736633468,1743,3.1784076299809065,True,False
extend1,44,6.4,1.6,65.09053889488936,-19.90587061069992,22.31946905543547,28.790255241423846,16.99126069636937,171.22211095746448,114.31772502555017,6.618399788923241,0.9018071365602629,129.54324248840106,83.13980467619066,16.600729346742153,49.18635455199418,-100.23377222333572,2568,9.351947980980713,True,False
extend1,44,6.4,2.4,18.59544315798407,-10.422262912305177,16.14368965449804,37.47169527957868,23.988069135947377,157.6817358242,85.50456123413454,118.67544969521096,12.840154326283656,163.25083619234186,94.59416545841367,5.304442380806778,43.57471352504935,-13.841030344339533,4270,5.669920612839604,True,False
extend1,44,6.4,3.2,19.948410092976314,11.920489968319476,26.485851307521223,28.189074359423188,21.325191585989906,176.8004191724659,78.2060497114944,140.92803194947462,47.71297056823292,78.00972049796448,34.67093797310048,7.5225875492232195,69.52908310813874,-21.884994011709548,2609,8.202243127432647,True,False
extend1,44,6.4,4.8,44.089381980102026,-10.910929559642051,18.649478268650707,39.390765854645316,29.017043566905592,176.82965814856158,108.29982387079804,139.25410918782381,45.45124384079167,146.7171995120657,66.01634078560569,8.335957380169486,47.969865858842496,2.0485824193725213,6443,7.669229747095469,True,False
extend1,44,6.4,6.4,46.045301035833106,8.763181859159952,30.810673830290444,50.94887276913185,19.150183784004902,176.73401131313503,99.05049344965205,156.1287157646005,45.17121647663867,126.16580633466532,45.052092515699215,23.040498713852468,103.90453515790082,-56.15291275518917,5690,10.742418948845675,True,False
extend1,55,0.0,4.8,2.3233675657306403,2.3233675657306403,0.24307957615446116,3.6976575472168234,0.6093336446783149,30.23965035779361,15.390430314101122,0.3404193843563558,0.010610722515678149,27.694838111073075,4.885024430849333,0.10005167608410037,0.9421849888445903,-27.694838111073075,0,0.21770851732120766,True,True
extend1,55,0.0,6.4,2.3207209928517893,2.3207209928517893,0.22556610444858954,3.5563822763496433,1.8545219686288543,30.230033859412895,15.388476779732555,0.3404193843563558,0.010610722515678149,27.670102910117123,4.94302746912398,0.09324412537526007,0.8859072886029559,-27.670102910117123,0,0.23236674127054033,True,True
extend1,55,0.025,4.8,1.5336216664192988,1.5336216664192988,0.19514296760629554,2.974314256328023,0.5761824400907412,30.232188938700784,15.390407268258555,0.3404193843563558,0.010610722515678149,28.49037399364844,4.93007933363265,0.0884489925562275,0.8812409580970902,-28.49037399364844,0,0.15966752311172236,True,True
extend1,55,0.025,6.4,1.7311998623305775,1.7311998623305775,0.1853919887469009,3.1265295055208755,1.8776179098190915,30.22207818458399,15.444743777116637,0.3404193843563558,0.010610722515678149,28.271528333386396,4.985745909516156,0.08202349147843857,0.835516581611011,-28.271528333386396,0,0.1896424340554557,True,True
extend1,55,0.05,4.8,0.8797033100027788,0.8797033100027788,0.15537783540107922,2.3245035183202853,0.547819853016988,30.224872553768723,15.390380990537297,0.3404193843563558,0.010610722515678149,29.140670159140477,4.968912795272714,0.0795209906956053,0.8342623327282027,-29.140670159140477,0,0.11115179179093708,True,True
extend1,55,0.05,6.4,1.176465774014728,1.176465774014728,0.16014893879955602,2.7256509047118174,1.9123294791703824,30.21432276010317,15.522186780863818,0.3404193843563558,0.010610722515678149,28.83422088346103,5.028535241487223,0.07420097725786967,0.8000066641281928,-28.83422088346103,0,0.1528214946518249,True,True
extend1,55,0.1,4.8,0.0742124560780884,-0.0742124560780884,0.09646623065054384,1.3290838443235296,0.5064379375906317,30.210671284375866,15.390319215874005,0.3404193843563558,0.010610722515678149,30.06705972893068,5.028779653895911,0.06719973456367175,0.7719668157842889,-30.06705972893068,0,0.04717800886842979,True,True
extend1,55,0.1,6.4,0.19318518362128134,0.19318518362128134,0.14901882040128372,2.02950035738687,2.0146194021083863,30.19939978596146,15.67873274258437,0.3404193843563558,0.010610722515678149,29.818184695759655,5.110777878995207,0.0651190801698776,0.7610646646913867,-29.818184695759655,0,0.0967450849411185,True,True
extend1,55,0.2,4.8,0.9165060446592198,-0.9165060446592198,0.049776373873210655,1.401101674834225,0.49765168444622354,30.18396600102921,15.390161964970584,0.3404193843563558,0.010610722515678149,30.82612192782601,5.089755976961956,0.05505779175783636,0.727381206594319,-30.82612192782601,0,0.07807680646289239,True,True
extend1,55,0.2,6.4,1.2079452967340507,-1.2079452967340507,0.19386065188662022,2.7975605896588283,2.3010959842790486,30.171815639576646,15.998232032595638,0.3404193843563558,0.010610722515678149,31.166647916116215,5.250680000515996,0.05741666746426487,0.7639291148694924,-31.166647916116215,0,0.16977504030844012,True,True
extend1,55,0.4,4.8,0.7184195240425921,-0.7184195240425921,0.0809092174119043,2.5315400655770075,0.5965959271623472,30.137070669199296,15.389735796038334,0.3404193843563558,0.010610722515678149,30.587044183997552,5.088575768968411,0.05726438006500758,0.761829720388201,-30.587044183997552,0,0.08699274723168444,True,True
extend1,55,0.4,6.4,1.9758778161128219,-1.9758778161128219,0.2838923555600484,5.223853752801446,2.9483745064898903,30.12498777213839,16.711645410094462,0.3404193843563558,0.010610722515678149,31.84279910537157,5.426508487070982,0.07181589245900741,0.9806531749000682,-31.84279910537157,0,0.2614751483299445,True,True
extend1,55,0.8,4.8,0.2633921722151822,-0.21853940033036556,0.16013685573777728,3.210248997395502,0.7653103066552917,35.88053193361844,15.388589489796109,0.3404193843563558,0.010610722515678149,29.808333829400382,5.073774472283646,0.07696221288756541,0.8440009614194732,-29.808333829400382,0,0.09246096789368378,True,True
extend1,55,0.8,6.4,2.8738496962417845,-2.8738496962417845,0.5846847936942224,9.175460701391739,4.152471332913795,45.82143805191215,20.977101866545134,0.3404193843563558,0.010610722515678149,33.23691188044967,5.61557437554541,0.27097315596979255,1.9244016007047584,-33.23691188044967,0,0.43417669452034385,True,True
extend1,55,1.2,4.8,2.963357449862041,2.963357449862041,0.3809137178174714,5.312204908979238,1.1343500801436186,45.61390908651011,15.387265883625762,0.3404193843563558,0.010610722515678149,33.215007686144205,5.163944102224969,0.26476184746971154,1.8943848308934388,-26.626097797385196,0,0.3061998082174541,True,True
extend1,55,1.2,6.4,9.890342125846598,-9.890342125846598,1.260264688208402,16.509107125909402,5.753629601630531,73.11953420363494,26.955619425799743,0.3404193843563558,0.010610722515678149,38.753447578622875,6.060701882006418,0.7717923275736602,4.570833501409488,-38.753447578622875,0,1.0411727266425401,True,False
extend1,55,1.6,4.8,5.904020999009457,5.904020999009457,0.5502428253770811,7.111875400373641,1.7375023096272983,52.24513392801915,15.385931332565727,0.3404193843563558,0.010610722515678149,40.25667520821596,5.282649420291762,0.40506106309291745,2.953574051405236,-23.894564924465207,0,0.5204179452460153,True,True
extend1,55,1.6,6.4,10.204942377196238,-10.204942377196238,1.9436888816741125,19.8177771410111,6.785721966456725,87.0260570878998,32.25204664145949,0.3404193843563558,0.010610722515678149,39.062397328569325,6.738996902749514,0.7639842521615482,5.603663030947542,-39.062397328569325,7,1.2721952920295228,True,False
extend1,55,2.4,4.8,13.90530243783449,-12.097574987312218,1.0526659271170247,24.831661642676263,4.891284845221216,94.22525523001765,21.856108745500887,0.3404193843563558,0.010610722515678149,58.50458147039977,5.737015728684256,1.0713384999060116,7.486135168064299,-20.50286893371192,0,1.2452850723472244,True,False
extend1,55,2.4,6.4,0.5131103571982765,0.5131103571982765,6.273692701405258,14.70770901155187,11.675057222569313,95.14885758919687,40.14963368822414,0.36341538313642097,0.010610722515678149,35.60521709958493,9.191586081243198,0.9980479580703708,14.75114396698188,-29.220874489350255,55,1.907411843839672,True,False
extend1,55,3.2,4.8,0.4120228053424862,0.3188688694858241,8.83526248959927,15.560377107008794,14.540883136091162,122.85177708708572,34.92040798717621,0.34099381342834156,0.010610722515678149,42.78742999949392,10.227770402782983,1.461057849278713,20.344127503899426,-29.166026316630887,274,2.5966827015667073,True,False
extend1,55,3.2,6.4,1.3839190470928053,-1.3839190470928053,9.439109058713743,14.782637101378617,15.490606840549242,106.8025350405235,43.61556483287645,1.9890067264290516,0.1970254668281091,33.778967915361996,10.972494513426529,1.6392597911378122,21.806105221536335,-30.4037078880482,2232,2.805276350403212,True,False
extend1,55,4.8,0.0,6.651841143125807,-6.651841143125807,1.1356339397357302,12.218716985808806,1.992983135450698,69.08341035223101,15.378126115307161,0.3404193843563558,0.015460695500094738,62.43306089665688,12.782122600695518,0.1893978894000092,2.9704115774170954,-36.25781802713577,0,0.7508882675512227,True,False
extend1,55,4.8,0.025,6.642532890577192,-6.642532890577192,1.096279200294521,12.243565981968453,1.9705393658684116,69.00168916526607,15.378048103934274,0.3404193843563558,0.015421348980822102,62.41997035003259,12.740640462727438,0.18357291671990356,2.892260235473534,-36.24723629859022,0,0.7404245167703383,True,False
extend1,55,4.8,0.05,6.623879301217743,-6.623879301217743,1.0580261455891014,12.25979557206895,1.9488363839664296,68.9281479624503,15.377973008458332,0.3404193843563558,0.015382168825073372,62.40729492465929,12.699390412064911,0.1780519313665696,2.817042516469097,-36.22704029916343,0,0.7297091963228943,True,False
extend1,55,4.8,0.1,6.5592982952828125,-6.5592982952828125,0.9848275453723543,12.266540176481305,1.9076694868850956,68.80493849399426,15.377831536022699,0.3404193843563558,0.015304362762835356,62.38336503355503,12.617872806911649,0.16796173627034414,2.675313445826183,-36.158634106853036,0,0.7075640392917154,True,False
extend1,55,4.8,0.2,6.327437761993552,-6.327437761993552,0.8513858033282528,12.178538384054301,1.8343134432029005,68.64925500910329,15.377583132111264,0.3404193843563558,0.015151295532167229,62.34203471312616,12.460699638795932,0.15173383510282362,2.425183878660058,-35.916817840298926,0,0.6606786006812603,True,False
extend1,55,4.8,0.4,5.514514961908704,-5.514514961908704,0.6310371493427385,11.612292642429303,1.722838350250186,68.6621417846115,15.377220052202144,0.3404193843563558,0.01485719133969342,62.287098626804664,12.183588707918492,0.1342324277545386,2.039252111686788,-35.082334908720135,0,0.5584050942201579,True,False
extend1,55,4.8,0.8,3.0655655622426212,-3.0655655622426212,0.3200212966829884,9.82781995044905,1.6368738994003067,69.68122610283463,15.651784383667994,0.3404193843563558,0.01432261822729728,62.2585094294244,11.850863114142399,0.13696333898696195,1.5894419976928564,-32.66293062699762,0,0.34192840741571023,True,False
extend1,55,4.8,1.2,0.7315231473775595,-0.7315231473775595,0.10545119941360266,10.964448525895842,1.9167433451439329,71.80979039578921,16.742834135914652,0.3404193843563558,0.013855472237214134,62.37179362133922,11.85094654470631,0.15366317136654845,1.4293596560311475,-30.570904799706234,0,0.1856286973097102,True,False
extend1,55,4.8,1.6,3.484686671117199,-0.38193245866424197,0.9156437486484444,39.99202521200559,6.20893176952149,147.6081448401973,17.919679185795875,0.3404193843563558,0.013448595387441552,66.44042639490871,11.72070933051747,0.736056670652582,2.4509042004005126,-32.84455197187503,0,0.8378652809735976,True,False
extend1,55,4.8,2.4,7.056457242309058,-7.056457242309058,10.559833046425858,29.80003561721344,18.167050431054736,173.02330532509674,43.00773454220563,0.3404193843563558,0.01321868402718482,57.19208530485584,15.736176340951676,1.8685537119317797,24.064321379188776,-36.70531442734925,0,3.537961983130963,True,False
extend1,55,4.8,3.2,5.655079943020075,-5.655079943020075,15.391264948004633,22.620561827242266,20.692112989776625,170.73409921640527,53.55141498781928,0.3404193843563558,0.026556928587463082,35.278465319978224,18.37825563005573,2.9619252889761407,34.84368638695713,-35.278465319978224,1403,4.657181337447427,True,False
extend1,55,4.8,4.8,5.252703156507081,-5.252703156507081,12.53912912993427,17.418296362077392,17.23989050262478,172.8196592296713,63.347523666782244,36.12786570423586,2.638120860879031,40.32948948521151,15.844045011581255,2.2108125638649296,28.5682329327958,-33.921757386743806,2139,3.824267467225331,True,False
extend1,55,4.8,6.4,1.6896201659758892,-1.6236505740437164,12.517124733233825,12.69779192860181,16.29403669316503,171.11980230912255,64.11806477303432,112.23561709079077,30.674943575115936,98.40529878690572,18.944247983797048,2.1235981956415166,28.432983509287947,-28.802511931095818,2690,3.5858195539724784,True,False
extend1,55,6.4,0.0,5.017716533791597,-5.017716533791597,0.7735137752849047,39.60276893555183,9.79939482242654,173.2036450107656,35.56526407173187,0.3404193843563558,0.017052132205453714,125.38263881767584,16.666147510825578,0.13215331511636177,2.210465382528478,-34.65099867570244,0,0.9344081754055441,True,False
extend1,55,6.4,0.025,5.096007924072437,-5.096007924072437,0.7194773941508059,39.90593071434646,10.011900456265561,167.71191531828708,37.64900451781545,0.3404193843563558,0.017034840662901545,164.98036614673197,16.48560658560161,0.12508145430373718,2.1182785768576453,-34.6432708959446,0,0.9308123120710988,True,False
extend1,55,6.4,0.05,5.18133573401863,-5.18133573401863,0.6635418674646776,39.7610181535393,10.219323468198846,171.87756200761382,39.649738439591076,0.3404193843563558,0.01701845481117599,139.30735653526995,16.29811840655888,0.11763129126910458,2.0320771033651353,-34.64184373190576,0,0.9232764811243539,True,False
extend1,55,6.4,0.1,5.285392123131829,-5.285392123131829,0.557789234227136,39.544128937924064,10.62319014985955,179.36648436682043,44.18777743844473,0.3404193843563558,0.01698905980171367,114.61997411183832,15.925965699580699,0.10489682284181064,1.8780114922881068,-34.834390731477846,0,0.9068328609258072,True,False
extend1,55,6.4,0.2,5.505692645825153,-5.505692645825153,0.3755299835050191,38.30965268433592,11.385027803059154,169.01457889467667,54.18751791512424,0.3404193843563558,0.0169495906773395,137.02856627236545,15.186923334887393,0.08639884727828348,1.6719723573161158,-35.011986573317635,0,0.8744440999333698,True,False
extend1,55,6.4,0.4,5.6478660927155016,-5.6478660927155016,0.25610812644301,36.56194229288315,12.585313898702013,174.49068137866445,71.59818080082647,0.3404193843563558,0.017020605922814278,164.08859472833905,14.167623921148548,0.0771144627635165,1.6165342382892405,-35.11114128801594,0,0.8567455726529396,True,False
extend1,55,6.4,0.8,4.05552184563482,-4.05552184563482,0.4535473126686963,29.02451728644895,12.609067532561658,170.9096365918947,97.23013166266846,0.3404193843563558,0.019203008539430584,165.82665759042195,18.18278861897835,0.10151037428989992,2.0426939252367586,-33.40540775529226,0,0.7640644130739251,True,False
extend1,55,6.4,1.2,5.125135025184436,-5.125135025184436,2.624619767375411,21.488704908023514,13.689050065805997,178.09755323530726,107.19803329799751,0.3404193843563558,0.03320220654300026,142.18858772638825,18.623715806017387,0.4794987437656517,6.910980743859193,-34.51808713521184,0,1.3151615226602311,True,False
extend1,55,6.4,1.6,14.023474388646807,-11.691790545662325,25.12890649475353,21.700642643361007,32.97742242693725,154.09894758831794,115.9731913995105,0.6785588790561738,0.10015715425376448,126.36892873813815,53.470099362672144,4.698623957805926,61.23354159677732,-46.38542747286559,1926,7.703085803497379,True,False
extend1,55,6.4,2.4,25.38537728490526,-25.38537728490526,22.4185777400625,17.23724127919324,28.931784270912914,174.10708585188436,99.34811503389838,16.250165392027736,1.3571424524677917,179.6744961347557,57.48262080911809,3.8753309155818636,54.07157386065146,-62.59673885327218,3792,7.49029854964163,True,False
extend1,55,6.4,3.2,12.002889388589114,3.121646133811369,7.493938661881238,51.0968993364729,29.892559975062607,169.42035775551523,90.71357509860557,119.75607195497369,13.5158087175159,177.45808412700688,25.218420838501405,1.8279171391196385,20.379961679620536,-32.21960835418588,4638,3.3878771518387154,True,False
extend1,55,6.4,4.8,79.52110018441878,-12.135063030493331,26.88966329096838,41.609870135529874,22.752393528433693,167.90997095882082,93.41720098456511,125.1220428166518,58.86336710451974,175.9775574075183,60.249639118728396,14.639870143334557,111.28618841625098,-12.071779686012583,3492,11.416990885844633,True,False
extend1,55,6.4,6.4,1.1330234170545235,1.1330234170545235,3.0800726190839063,21.513948631645256,11.543040107573878,178.95540017008145,73.99850552096157,177.3889222921218,56.54129817574901,167.81129337586782,18.76450453040578,0.7932438954902981,13.20816138647947,-28.978739333004384,4318,1.1945639973510387,True,False
fine,11,0.0,3.46666667,2.989254316416249,2.989254316416249,0.330121148946737,4.067331288133689,0.6592369174766113,29.777349806762103,15.212170095474495,0.22155394914063353,0.01981116386445652,27.061312318639384,4.783238389506528,0.14328064112332406,1.2469942760256287,-27.061312318639384,0,0.2766592755154182,True,True
fine,11,0.0,3.73333333,2.932233439352334,2.932233439352334,0.32949158967808534,3.979580425869396,0.6630433371740752,29.775756075957133,15.211951803085997,0.2232323246692592,0.01981116386445652,27.12847026020587,4.789938986912852,0.13653395422069461,1.2296921866712667,-27.12847026020587,0,0.2729817810598091,True,True
fine,11,0.0,4.0,2.8712799873437524,2.8712799873437524,0.3295267858909715,3.899873738158997,0.6729535355885289,29.77438661465358,15.211770293884474,0.22468190139204616,0.01981116386445652,27.1782469937674,4.7999063198035685,0.13203575001511444,1.2170128886697602,-27.1782469937674,0,0.2694406164616563,True,True
fine,11,0.0,4.26666667,2.824331989365797,2.824331989365797,0.3274397840063137,3.827906158893795,0.6914285662204829,29.77320422573393,15.211621313511698,0.22593640407450427,0.01981116386445652,27.21064555461891,4.8074859025226635,0.1301763380028947,1.2032302848459426,-27.21064555461891,0,0.26627361584987347,True,True
fine,11,0.0,4.53333333,2.7927939501755317,2.7927939501755317,0.3231775845749538,3.763244947321298,0.7211478647925809,29.772175684036448,15.211499107986878,0.22702780394277738,0.01981116386445652,27.236613415623225,4.811828117523126,0.1295949050780439,1.1864206825569472,-27.236613415623225,0,0.2635779300565419,True,True
fine,11,0.0,5.06666667,2.745722641318618,2.745722641318618,0.3132778027281976,3.65257641823235,0.8191925582219464,29.770472194220396,15.211314602195152,0.2288297253060831,0.01981116386445652,27.29632603458334,4.819732579735458,0.12730509195596829,1.1483196642872917,-27.29632603458334,0,0.2594292188839353,True,True
fine,11,0.0,5.33333333,2.720751383414084,2.720751383414084,0.30923353396084863,3.605513843007924,0.9046757165569158,29.769754867462332,15.211244486951456,0.2295839302051958,0.01981116386445652,27.32709994849946,4.826344699866812,0.12521746656804353,1.1297404063135035,-27.32709994849946,0,0.25817418430292544,True,True
fine,11,0.0,5.6,2.6972022028627634,2.6972022028627634,0.30560380187931063,3.564535415548557,1.0391982861876061,29.76910528583189,15.21118529758284,0.2302632052100686,0.01981116386445652,27.352248182548532,4.834791001248173,0.12308198618802144,1.1115760693211407,-27.352248182548532,0,0.2579458865625961,True,True
fine,11,0.0,5.86666667,2.681721551273129,2.681721551273129,0.301839875057221,3.531922248824776,1.2778589294500275,29.768510817588517,15.211134900590215,0.23088094545431925,0.01981116386445652,27.36721092492276,4.845490477627717,0.12124423552453574,1.0926650571872998,-27.36721092492276,0,0.25985877960166537,True,True
fine,11,0.0,6.13333333,2.6869264681189873,2.6869264681189873,0.2974382165586702,3.6366010343731077,1.7364829156783919,29.767961172889343,15.21109157553609,0.23144816588347664,0.01981116386445652,27.3623555890946,4.861742649049054,0.1197538425363966,1.0708756581331684,-27.3623555890946,0,0.2673847900163469,True,True
fine,11,0.00416667,0.0,14.755809148487913,14.755809148487913,13.841094440119647,21.768106593763168,14.463753289621499,29.872696102857407,15.20485066956653,0.12713163029894825,0.01981116386445652,16.299830166639353,1.089302089421351,11.905589949254207,51.11077379421922,-16.299830166639353,0,4.615800793801378,True,True
fine,11,0.00833333,0.0,0.9608842375361079,0.6450186215427489,12.602193421684571,13.927973392936511,13.770634200570063,29.86926059783793,15.204798009466773,0.13040340162083316,0.01981116386445652,31.18077255207197,2.0890766735608466,10.92722228974538,48.38599606559818,-31.18077255207197,0,3.539669374993499,True,True
fine,11,0.0125,0.0,11.093893312969731,-11.093893312969731,11.479031529549037,11.759200683206831,13.122757607836368,29.865910024597383,15.204746798401422,0.13359850100029738,0.01981116386445652,43.25185541760844,2.9912066530408814,10.041393451629018,45.921248251593646,-43.25185541760844,0,3.7368700309813643,True,True
fine,11,0.01666667,0.0,20.240771140180776,-20.240771140180776,10.463140080783873,13.397544486949888,12.517517196343968,29.862642584291248,15.204697007651161,0.13671846243363484,0.01981116386445652,52.4197701398086,3.8039042244233814,9.240182182009352,43.689983921267,-52.4197701398086,0,3.944004375974426,True,True
fine,11,0.02083333,0.0,27.20544157181331,-27.20544157181331,9.546689739514987,15.996357878515933,11.952473266746695,29.859456513473866,15.204648609058557,0.1397647915427286,0.01981116386445652,59.256442035560084,4.534829635613511,8.51627509860927,41.66800938067701,-59.256442035560084,0,4.0755493465542125,True,True
fine,11,0.02916667,0.0,36.616267025393455,-36.616267025393455,7.983652303721985,21.328994611714013,10.93396766437301,38.01919619821876,15.204555877487497,0.14564249830689718,0.01981116386445652,68.30528594179636,5.779327394010885,7.273868315416864,38.16603072690465,-68.30528594179636,0,4.183127651323488,True,True
fine,11,0.03333333,0.0,39.83269206631081,-39.83269206631081,7.324107594165758,23.716357740026304,10.47635182580387,41.0948174254752,15.204511490963334,0.14847674676259326,0.01981116386445652,71.35078326719425,6.305590319556009,6.74337637349042,36.6481442557663,-71.35078326719425,0,4.191480035733079,True,True
fine,11,0.0375,0.0,42.397166400226396,-42.397166400226396,6.737950709224937,25.87370232739,10.050589234399279,43.53277143682592,15.204468388815645,0.15124314784673237,0.01981116386445652,73.76202447078862,6.775519062400662,6.266116820779887,35.26348769212593,-73.76202447078862,0,4.184185497666708,True,True
fine,11,0.04166667,0.0,44.47281468799411,-44.47281468799411,6.219674166512641,27.816618043197696,9.654882802563582,45.49642398397674,15.204426545591298,0.1539430697834716,0.01981116386445652,75.70223122026927,7.194285307955633,5.837176076070915,33.99756154422593,-75.70223122026927,0,4.168123949305553,True,True
fine,11,0.04583333,0.0,46.175469012547296,-46.175469012547296,5.764034646978355,29.56625593742715,9.287519736047262,47.1002878628403,15.204385936335452,0.15657785537366847,0.01981116386445652,77.28552740961663,7.566638724517995,5.452014492254535,32.83740412944239,-77.28552740961663,0,4.1479244369493244,True,True
fine,11,0.05,2.8,0.9908547313143389,0.9908547313143389,0.2531712528296999,2.4124864812360136,0.5772976802016352,29.80757879726122,15.212911020891905,0.19201134667730171,0.01981116386445652,28.959031610505274,4.9214516999426134,0.11277643003021542,1.2003570058378112,-28.959031610505274,0,0.1423725724141877,True,True
fine,11,0.05,3.6,1.3601183984997,1.3601183984997,0.2374555285732805,2.4987230154979914,0.5833923415330704,29.800128021792474,15.212202118769898,0.1996946802920802,0.01981116386445652,28.716440762477607,4.876384883983418,0.11348449355915302,1.1241073872548628,-28.716440762477607,0,0.15772504846433527,True,True
fine,11,0.05,3.73333333,1.3733220576163792,1.3733220576163792,0.23970717517144985,2.5080741423015835,0.5887920723275977,29.799190098336783,15.212098490833398,0.2006788249130264,0.01981116386445652,28.70642611856361,4.877367576191176,0.11155374505035236,1.1184404023228334,-28.70642611856361,0,0.15911430002174357,True,True
fine,11,0.05,4.0,1.391514651069625,1.391514651069625,0.24463336790589207,2.5235764958186406,0.6039881102107009,29.79751899677193,15.211916075578563,0.20243806767618983,0.01981116386445652,28.679034958958084,4.882919491400692,0.10831742156279359,1.110096893406192,-28.679034958958084,0,0.161632965429925,True,True
fine,11,0.05,4.26666667,1.414911670885505,1.414911670885505,0.24767612899747923,2.5367214592486746,0.62805474358842,29.79608103807615,15.21176488326201,0.20395538748764688,0.01981116386445652,28.640922579306434,4.88791793407126,0.10680507173925986,1.1019069078750916,-28.640922579306434,0,0.16406629369895948,True,True
fine,11,0.05,4.4,1.430422723492168,1.430422723492168,0.24818994094081387,2.5429283966842013,0.644335562798009,29.79543599126045,15.211699652501764,0.20463627619652042,0.01981116386445652,28.620648444585328,4.889293946913593,0.10663211087558852,1.0969386684366167,-28.620648444585328,0,0.16528805025142873,True,True
fine,11,0.05,5.33333333,1.5371695855046332,1.5371695855046332,0.24432908986502752,2.583644002789833,0.8677575720403429,29.79191361934138,15.211382646560228,0.20862401021245475,0.01981116386445652,28.533512100743476,4.896843775506193,0.10578730074388323,1.0476797896936163,-28.533512100743476,0,0.17365016372618067,True,True
fine,11,0.05,5.86666667,1.5688229276607433,1.5688229276607433,0.2433075403092654,2.7005986599538003,1.277277612318475,29.790423604276953,15.21127269411069,0.21043636000096366,0.01981116386445652,28.508567178013802,4.9156616279654175,0.1036987136657622,1.0140940502551334,-28.508567178013802,0,0.18264356951419197,True,True
fine,11,0.075,2.4,0.11889122873624927,-0.11889122873624927,0.21161925152383376,1.487698207349923,0.5434805036465737,29.824809487570253,15.213043067566359,0.18511239352196254,0.01981116386445652,30.083126007898983,4.945590005565115,0.11187671414612299,1.196236882603051,-30.083126007898983,0,0.08012725976540218,True,True
fine,11,0.075,2.8,0.29468152316804,0.29468152316804,0.21267870816977621,1.6119068693844008,0.5375843438047468,29.819270877624852,15.212956884251067,0.18710385118685882,0.01981116386445652,29.6413880112148,4.9625578555359,0.10185280677424044,1.1517365902077543,-29.6413880112148,0,0.09012036835102238,True,True
fine,11,0.075,3.2,0.6227932795068305,0.6227932795068305,0.20219161469327926,1.7518088358877204,0.5398490760189085,29.814748899847643,15.21262354888181,0.1884198943023537,0.01981116386445652,29.390361844412816,4.929480567658524,0.10539558745951005,1.114229958385763,-29.390361844412816,0,0.10510703794803464,True,True
fine,11,0.075,3.6,0.7771112567633183,0.7771112567633183,0.2035908003882847,1.861444020247308,0.5516372698119805,29.81116461932543,15.212276756170375,0.19032068835166854,0.01981116386445652,29.29465094146217,4.910222717865859,0.10418075462506002,1.0884665687709192,-29.29465094146217,0,0.11427897731657871,True,True
fine,11,0.075,3.73333333,0.8037977379507899,0.8037977379507899,0.20652155509993234,1.8917747123078392,0.558134407311042,29.81014780735366,15.212173498612835,0.19080905567248385,0.01981116386445652,29.27241006073687,4.909884896554197,0.10281945972264639,1.083159350478652,-29.27241006073687,0,0.11670490819847094,True,True
fine,11,0.075,4.0,0.8459041633068024,0.8459041633068024,0.21302729761965183,1.945507713807465,0.5755034294268379,29.808338385512194,15.211990541918274,0.19233127698231042,0.01981116386445652,29.222594503534257,4.913795381583055,0.10019468211134666,1.0754814361623424,-29.222594503534257,0,0.12116824765961003,True,True
fine,11,0.075,4.26666667,0.8904297205725218,0.8904297205725218,0.21782872908478268,1.9927407717909695,0.6019438868914178,29.806783870066386,15.211838100329276,0.1942159969009762,0.01981116386445652,29.163663527484616,4.9181138671317735,0.09877458228144356,1.06845536830577,-29.163663527484616,0,0.12542052582441018,True,True
fine,11,0.075,4.4,0.9158094211674221,0.9158094211674221,0.21920549213402024,2.014681011551615,0.6193721017514461,29.80608733374255,15.211772210436658,0.19508937791843622,0.01981116386445652,29.133466992047133,4.919278777546377,0.0985843144547047,1.0642569632356589,-29.133466992047133,0,0.12750131170041815,True,True
fine,11,0.075,4.8,0.9961137434810172,0.9961137434810172,0.22020866970325098,2.0753581045825733,0.6879625668570688,29.80426072140231,15.211609014629243,0.1974822718265431,0.01981116386445652,29.055646724055777,4.919823799991756,0.09899215226779184,1.047644549940523,-29.055646724055777,0,0.13339372388408224,True,True
fine,11,0.075,5.33333333,1.0760379997823375,1.0760379997823375,0.21959800860454265,2.1614485975341493,0.8540811621834704,29.802293531485496,15.211452349234872,0.20021885120693853,0.01981116386445652,28.995920642351773,4.924795273012964,0.0986036306492438,1.0192021431128542,-28.995920642351773,0,0.14066904833185198,True,True
fine,11,0.075,5.86666667,1.1081690800836934,1.1081690800836934,0.2210468012975753,2.371797026337931,1.283010099602721,29.800694579990182,15.211341904122436,0.2025491392558582,0.01981116386445652,28.974484826498582,4.945387154818349,0.09712255783631055,0.985227322318217,-28.974484826498582,0,0.1513993468618312,True,True
fine,11,0.075,6.4,1.06944786181305,1.06944786181305,0.26213760401169234,3.100806353228859,2.889463756626521,29.799342204210976,15.878924522787777,0.20454923743017048,0.01981116386445652,29.035482529745856,5.025450976665269,0.1070406298190488,0.9565083416098883,-29.035482529745856,0,0.1920603071127462,True,True
fine,11,0.1,2.8,0.24879680516350353,-0.24879680516350353,0.18045602819825535,1.1600248614253228,0.5033959207928722,29.83044436618117,15.213004683652148,0.1851885897429434,0.01981116386445652,30.16292054532279,4.994850715456651,0.09459298130063357,1.116142095917704,-30.16292054532279,0,0.07544614469531723,True,True
fine,11,0.1,3.6,0.3155126893227228,0.3155126893227228,0.17650170365191864,1.2968036674625112,0.5238904658915177,29.821718633640245,15.212352361413178,0.18896670408794247,0.01981116386445652,29.745395337546114,4.937460956041838,0.09689739377474577,1.0632410384494366,-29.745395337546114,0,0.07926805933822362,True,True
fine,11,0.1,3.73333333,0.3512355495368012,0.3512355495368012,0.17988816668148475,1.3452397390158235,0.5313147950522428,29.820627201413473,15.212249450743462,0.18934911043272354,0.01981116386445652,29.715563106024454,4.935976638008094,0.09601369661482624,1.0580533580515579,-29.715563106024454,0,0.0824257646039157,True,True
fine,11,0.1,4.0,0.40899860488811635,0.40899860488811635,0.18749165765936399,1.4319224703115214,0.5505606999190858,29.818687219813505,15.212065898673032,0.1901142089514593,0.01981116386445652,29.651754088829612,4.938539328923649,0.09395306398447616,1.0504044153669547,-29.651754088829612,0,0.08825162177980175,True,True
fine,11,0.1,4.26666667,0.4672275503278585,0.4672275503278585,0.1935809374692844,1.5084671327214771,0.579109320869101,29.817023106457636,15.211912123363167,0.19185083312972182,0.01981116386445652,29.579478657786442,4.942493893400208,0.09261408749926872,1.0437774909004982,-29.579478657786442,0,0.09378974192549594,True,True
fine,11,0.1,4.4,0.49903386296055013,0.49903386296055013,0.19560558780106227,1.5439014554409565,0.5975668536457059,29.81627831626928,15.21184552048179,0.1926198998219516,0.01981116386445652,29.542824121838187,4.943626673713801,0.09237608965801046,1.039968724233875,-29.542824121838187,0,0.09648309983555768,True,True
fine,11,0.1,5.33333333,0.6907309748617649,0.6907309748617649,0.1990580554895423,1.798091983848267,0.843198120340894,29.81223221802123,15.21152237333648,0.19615098697256633,0.01981116386445652,29.377233557141345,4.948368923719659,0.09272666232887232,0.9971519789548804,-29.377233557141345,0,0.11306290954526974,True,True
fine,11,0.1,5.86666667,0.706325568776218,0.706325568776218,0.20237654288855617,2.0730797889417247,1.2919960386835858,29.81053304174254,15.21141124699328,0.19897626664206391,0.01981116386445652,29.376236201856283,4.9716153789945725,0.09159351746673881,0.9616227088503863,-29.376236201856283,0,0.12429712545251637,True,True
fine,11,0.125,2.4,1.1683811446682273,-1.1683811446682273,0.1462703006256592,1.5693494470816127,0.47504735649319746,29.84751166842441,15.213053495469978,0.18203517333011154,0.01981116386445652,31.084432675655197,4.996985768199554,0.1062068631050513,1.1251827798666434,-31.084432675655197,0,0.11582675615624478,True,True
fine,11,0.125,2.8,0.6614368731854352,-0.6614368731854352,0.1559012067460138,1.2313744994353226,0.47458470278037285,29.841121150091247,15.213054284389058,0.1842362950616206,0.01981116386445652,30.54817755105606,5.019386483212301,0.09019771884553493,1.0912403240863364,-30.54817755105606,0,0.09006325151395146,True,True
fine,11,0.125,3.2,0.2520080135642938,-0.2520080135642938,0.15155924190709974,1.0439899248602056,0.48273424439339463,29.83591826326727,15.212762898658273,0.18630904858271757,0.01981116386445652,30.226524584326217,4.985723712154884,0.0904581836102665,1.0672456089184386,-30.226524584326217,0,0.0670779416463638,True,True
fine,11,0.125,3.6,0.04073357036171541,-0.04073357036171541,0.15546139909719947,0.9500958044133766,0.4998955841944067,29.831810156617358,15.212428819453985,0.1876065005127475,0.01981116386445652,30.086649089905166,4.958942936719046,0.0913614230510741,1.0463902482788223,-30.086649089905166,0,0.05698772182907238,True,True
fine,11,0.125,3.73333333,0.024978384453325845,0.0003387655274165749,0.1591010757714077,0.9494966948184291,0.5080737483076199,29.830648158262537,15.212326232320528,0.18809803166337818,0.01981116386445652,30.05306303829323,4.95645889407912,0.09083772337361504,1.0411589404911796,-30.05306303829323,0,0.057238519254815906,True,True
fine,11,0.125,4.0,0.06685286229157666,0.06685286229157666,0.16736708336701064,0.9965943771763598,0.5289006966943607,29.828584978494963,15.212142034602666,0.1899497435031086,0.01981116386445652,29.982255294274363,4.957907160078954,0.08925240874621931,1.0330958242603823,-29.982255294274363,0,0.06213153534610771,True,True
fine,11,0.125,4.26666667,0.13255816446222926,0.13255816446222926,0.17431260767727216,1.078501114557941,0.5592949012552226,29.82681785917063,15.211986848886669,0.1915367978790129,0.01981116386445652,29.90279106711341,4.961748656012747,0.0879871376556071,1.0262967193845403,-29.90279106711341,0,0.06833237500647807,True,True
fine,11,0.125,4.4,0.1679173740972655,0.1679173740972655,0.17678524734245796,1.1254452829061532,0.5786670438338929,29.826027878250578,15.211919484043054,0.1922310850405102,0.01981116386445652,29.86250308658524,4.96299590457382,0.08768878127261812,1.022581166414204,-29.86250308658524,0,0.07142623508485735,True,True
fine,11,0.125,4.8,0.2754159601152907,0.2754159601152907,0.18059376215942757,1.2691527212493678,0.6540799904136833,29.82396208196265,15.21175245087859,0.19391701189024288,0.01981116386445652,29.75827093080269,4.963464738079666,0.08785320187996758,1.008037990058996,-29.75827093080269,0,0.08018309276540674,True,True
fine,11,0.125,5.33333333,0.37324193174014125,0.37324193174014125,0.18217582642786312,1.4739077789586803,0.8348520792129183,29.821747597504793,15.21159265391959,0.19523878834904373,0.01981116386445652,29.68655814412899,4.967999364138613,0.08795173664543171,0.9804457771683044,-29.68655814412899,0,0.09012999186197686,True,True
fine,11,0.125,5.86666667,0.3591824962257487,0.3591824962257487,0.1867003346642239,1.802273765395611,1.30393429433352,29.819956448032908,15.21148067044952,0.20005447200313467,0.01981116386445652,29.71856406821002,4.994530100957383,0.08689774407989978,0.9424304039492186,-29.71856406821002,0,0.10095927244278918,True,True
fine,11,0.125,6.4,0.06509178071721475,-0.029381923750242338,0.2751909460462494,2.537855359648413,3.028084824130007,29.818449001725604,16.005116408978566,0.2064929665870897,0.01981116386445652,30.145391367773126,5.112488378781183,0.10594453776783033,0.9317509873608076,-30.145391367773126,0,0.14267963040936257,True,True
fine,11,0.15,2.4,1.4887092118524794,-1.4887092118524794,0.12844589468663867,1.9158337392551683,0.45158399503679425,29.858095348109558,15.213064374965333,0.18102845392442338,0.01981116386445652,31.378355322950593,5.010851061101547,0.1045350682940616,1.1077881678265609,-31.378355322950593,0,0.129891038873057,True,True
fine,11,0.15,2.8,0.9631773614769965,-0.9631773614769965,0.13855714133612168,1.5219286887892356,0.45113821077460947,29.85132221270764,15.213105558110096,0.18357300105088262,0.01981116386445652,30.81949411065625,5.03719933465747,0.08788056281584879,1.07505055504138,-30.81949411065625,0,0.10285243187286586,True,True
fine,11,0.15,3.2,0.5308045045101336,-0.5308045045101336,0.13559156191311733,1.1954227205736072,0.4606344424854741,29.845807651815775,15.212834016774837,0.18527591910277286,0.01981116386445652,30.480398538890274,5.004962705882937,0.08632939797401104,1.0554427886983304,-30.480398538890274,0,0.0779266782851261,True,True
fine,11,0.15,3.6,0.30638664374785496,-0.30638664374785496,0.13985096178564604,0.98662043098497,0.47945954908695343,29.84145847691247,15.212506021769498,0.18711593396409934,0.01981116386445652,30.33488038335064,4.975493562897928,0.08736008706777673,1.0362549317615992,-30.33488038335064,0,0.06633821591630897,True,True
fine,11,0.15,3.73333333,0.2629744811562125,-0.2629744811562125,0.14355129696200802,0.9438037840283877,0.48820920742429097,29.840229764511687,15.212403735073327,0.1880662455312851,0.01981116386445652,30.300672543390316,4.972130863726912,0.0870652011237704,1.0308691839808777,-30.300672543390316,0,0.06487885446299839,True,True
fine,11,0.15,4.0,0.19341406906353545,-0.19341406906353545,0.15208048212060388,0.877683294105959,0.5103129244315222,29.838050371989578,15.212218845017352,0.18976837349628717,0.01981116386445652,30.228597538904474,4.972641999004861,0.08582780336346388,1.022090407204839,-30.228597538904474,0,0.06334329791184999,True,True
fine,11,0.15,4.26666667,0.12540109268326952,-0.12540109268326952,0.1594902271347979,0.8367610231990049,0.5422877787995918,29.836186492574885,15.212062179556755,0.19120585919442462,0.01981116386445652,30.146946469374935,4.976560652394485,0.08461687272449077,1.0147028864317078,-30.146946469374935,0,0.06197653136281531,True,True
fine,11,0.15,4.4,0.08886233104556648,-0.08886233104556648,0.16222834501551628,0.8428092982316183,0.5624611582569227,29.835354221190524,15.211994008379964,0.191825366987857,0.01981116386445652,30.105290161255507,4.978038790262733,0.08425445207894339,1.0108551541078192,-30.105290161255507,0,0.06121415542633792,True,True
fine,11,0.15,4.8,0.021861690907566518,0.021861690907566518,0.16670437459212975,0.9600963822331415,0.6409113105897045,29.833181005682263,15.21182481420777,0.19328697208703377,0.01981116386445652,29.997903686697633,4.979105610497685,0.08414699962349911,0.996343279207843,-29.997903686697633,0,0.06124238841446643,True,True
fine,11,0.15,5.33333333,0.11592027424606752,0.11592027424606752,0.16852464150736993,1.1991302297914601,0.8288218274913867,29.830856903991847,15.21166313012621,0.19469355924157758,0.01981116386445652,29.932596642569695,4.984138115117425,0.08412003819686845,0.9682079035902469,-29.932596642569695,0,0.0714627663225614,True,True
fine,11,0.15,5.86666667,0.06249720683230693,0.06249720683230693,0.173563191983326,1.5652526049180395,1.319034311445942,29.828981594940124,15.211550125758077,0.2011326442334576,0.01981116386445652,30.006413880523766,5.014372483614744,0.08288231790334774,0.9270227435642105,-30.006413880523766,0,0.08111227827133806,True,True
fine,11,0.15,6.4,0.5459578104118854,-0.5459578104118854,0.28304093689892257,2.459125969346551,3.095284782489455,29.827406814533,16.068749380657913,0.20757098080989345,0.01981116386445652,30.657758519180717,5.153849151590923,0.1055182128105939,0.9231472701402732,-30.657758519180717,0,0.169127389890034,True,True
fine,11,0.175,2.4,1.701637134116264,-1.701637134116264,0.11934059031017619,2.2583055188456687,0.43598909740064495,29.86819676491361,15.213078743472309,0.18075208408097387,0.01981116386445652,31.56701730358495,5.018346722651723,0.10322493612855846,1.099610047964973,-31.56701730358495,0,0.14086022179989216,True,True
fine,11,0.175,2.8,1.1723632039814174,-1.1723632039814174,0.12785762080171384,1.8022210534090042,0.433141176434261,29.86106767089209,15.213158382559477,0.18289465549923686,0.01981116386445652,30.99729040546035,5.049272866988667,0.08695329997960502,1.0658749017737716,-30.99729040546035,0,0.1126785443810819,True,True
fine,11,0.175,3.2,0.7253573327846258,-0.7253573327846258,0.12509269050803146,1.436300421847457,0.4427131121955334,29.855259349935842,15.212905959175133,0.18423251469678362,0.01981116386445652,30.64855097116816,5.0194438053686214,0.08397054065404563,1.0494024494674008,-30.64855097116816,0,0.08674408383058126,True,True
fine,11,0.175,3.6,0.4950482524494156,-0.4950482524494156,0.12906828030565282,1.143395842989531,0.4624294939153895,29.850682111366066,15.212583866060223,0.187142038367886,0.01981116386445652,30.505170344063266,4.987895836213227,0.08470940681581735,1.0314752668922162,-30.505170344063266,0,0.07410381887274102,True,True
fine,11,0.175,3.73333333,0.4516922493438204,-0.4516922493438204,0.1326458385013265,1.0603029128479091,0.47155559325271074,29.8493903463384,15.2124818570524,0.18801755296765452,0.01981116386445652,30.472841014844686,4.98375176896525,0.08451441886143636,1.025861328198974,-30.472841014844686,0,0.07228708645208383,True,True
fine,11,0.175,4.0,0.3837083388021416,-0.3837083388021416,0.14107843665779007,0.9469397708964955,0.49461804921810887,29.84710137169523,15.212296231458033,0.1895700990536822,0.01981116386445652,30.40410799701951,4.983451896520821,0.0834722242030296,1.016167902611543,-30.40410799701951,0,0.07042818513029514,True,True
fine,11,0.175,4.26666667,0.31761096195689725,-0.31761096195689725,0.14861005095288554,0.8837377154614414,0.5279033793945767,29.845146651601883,15.212138023863167,0.1908580170047437,0.01981116386445652,30.324255147495624,4.987582641018982,0.0822767547540227,1.007896537214308,-30.324255147495624,0,0.06902341401057462,True,True
fine,11,0.175,4.4,0.28182141808777417,-0.28182141808777417,0.15145471948166292,0.8695736959454983,0.5487649986612088,29.844274836233865,15.212069006320068,0.19140274549485822,0.01981116386445652,30.283003755932015,4.989380502822696,0.08184819758103126,1.0037497041327397,-30.283003755932015,0,0.06816794658515432,True,True
fine,11,0.175,4.8,0.17298094415719176,-0.17298094415719176,0.15618135943169217,0.8564544574185973,0.6300088606926691,29.84200174084319,15.211897508550345,0.1926400274403939,0.01981116386445652,30.177141595536096,4.99136457749916,0.08142911549588064,0.9888061513947195,-30.177141595536096,0,0.06512576997388972,True,True
fine,11,0.175,5.33333333,0.08850593529913861,-0.08850593529913861,0.15775222290986815,1.0104948379290828,0.8249221128638531,29.83957671170532,15.211733744990049,0.19577185634897934,0.01981116386445652,30.12359607478618,4.99723285769582,0.0811048962360175,0.9597163170075781,-30.12359607478618,0,0.06576326229973908,True,True
fine,11,0.175,5.86666667,0.1880197743827591,-0.1880197743827591,0.1626269766877329,1.4227680730032943,1.337694235659773,29.83762463972359,15.211619567548116,0.2022107833333801,0.01981116386445652,30.244807538020744,5.0314158469034735,0.0794407862325934,0.9149274124678719,-30.244807538020744,0,0.08377188244812107,True,True
fine,11,0.175,6.4,1.0326399387355252,-1.0326399387355252,0.29001357827225266,2.5686871368205546,3.163796022496471,29.835988842318347,16.132736813183747,0.20864896190428503,0.01981116386445652,31.13284222201906,5.1930228345761344,0.10479891910092387,0.9161599637484409,-31.13284222201906,0,0.19723713108449553,True,True
fine,11,0.2,2.8,1.3058844627474442,-1.3058844627474442,0.12290297582128243,2.066418694567303,0.42072360203294956,29.870376810767983,15.213212641330925,0.18220161687463773,0.01981116386445652,31.100172579314556,5.056522869524465,0.0868822196534766,1.062260684290488,-31.100172579314556,0,0.12011469154142278,True,True
fine,11,0.2,3.6,0.6192136041414884,-0.6192136041414884,0.12245611109969168,1.3403774414372598,0.4486670253396624,29.859498835198597,15.212662255965109,0.18715123533236372,0.01981116386445652,30.611242466578044,4.9968763419637225,0.08323167730314955,1.0309257567279442,-30.611242466578044,0,0.08007568053874023,True,True
fine,11,0.2,3.73333333,0.5777509360527445,-0.5777509360527445,0.12574675626058712,1.2490475747803067,0.45796137499329903,29.858147499014503,15.212560502330192,0.18795195426548247,0.01981116386445652,30.582726633231232,4.99202648468762,0.08302569718867232,1.0250387481197436,-30.582726633231232,0,0.07821599466077837,True,True
fine,11,0.2,4.0,0.5149883143039966,-0.5149883143039966,0.13377934250559093,1.0989194755063791,0.48165035636574327,29.855755238226475,15.212374101390994,0.1893549202736337,0.01981116386445652,30.520949907072616,4.990995701761991,0.0820199908383754,1.0143068304931446,-30.520949907072616,0,0.07622201749966939,True,True
fine,11,0.2,4.26666667,0.4541840696580867,-0.4541840696580867,0.1411565607463848,1.005514685775898,0.5159710948165754,29.85371528883083,15.212214295841676,0.1904932712121082,0.01981116386445652,30.445987069803046,4.995423825734778,0.08078167613434128,1.0049482243683705,-30.445987069803046,0,0.07480853295973391,True,True
fine,11,0.2,4.4,0.42067747016805024,-0.42067747016805024,0.14398069410299807,0.9765034810211308,0.5374085904307428,29.8528065307235,15.212144395986646,0.19096322036694638,0.01981116386445652,30.406483121407476,4.99760542656971,0.08028167160235054,1.0003821269236917,-30.406483121407476,0,0.07394776216081084,True,True
fine,11,0.2,5.33333333,0.24689645785692216,-0.24689645785692216,0.14955167781397236,1.0132685488902402,0.823001148595012,29.847922958867503,15.211804445248426,0.196850120324943,0.01981116386445652,30.267292344948405,5.007713375863774,0.07880078530998343,0.9543634145957895,-30.267292344948405,0,0.07162437810661754,True,True
fine,11,0.2,5.86666667,0.3966304751030871,-0.3966304751030871,0.15364644535886884,1.415081785157892,1.3589265649560418,29.845901123644612,15.211688953640495,0.20328888930406272,0.01981116386445652,30.438737117577233,5.0459474886913895,0.07650053811053707,0.905778330102323,-30.438737117577233,0,0.09224016573844292,True,True
fine,11,0.25,3.2,0.9421119631698701,-0.9421119631698701,0.11876057702753204,2.0803857901864418,0.4133075294666533,29.881168580776592,15.213125791380062,0.18476858684045322,0.01981116386445652,30.789004424429404,5.041999441796826,0.08384813645137551,1.0544944542420474,-30.789004424429404,0,0.10088568167128727,True,True
fine,11,0.25,3.73333333,0.6843599540845896,-0.6843599540845896,0.12115937674131813,1.6294889691713699,0.43931312854452553,29.87451841276027,15.212719007473357,0.18777003948694806,0.01981116386445652,30.66173754148936,5.001039867905566,0.08262664507851367,1.0324365810619809,-30.66173754148936,0,0.08526523572651856,True,True
fine,11,0.25,4.26666667,0.5965610880868565,-0.5965610880868565,0.1343505576177056,1.3336059012912143,0.49878873338967,29.869742502095203,15.212367805062039,0.18971306830004156,0.01981116386445652,30.56246580438961,5.003737269785757,0.07974582012719826,1.0075901604140187,-30.56246580438961,0,0.08267921902197492,True,True
fine,11,0.25,4.8,0.4874523926399381,-0.4874523926399381,0.14078775308058694,1.1686393234418921,0.609318296637325,29.866235700400313,15.212116912407927,0.19256734777107054,0.01981116386445652,30.44388186023541,5.012800283452772,0.07766711735966234,0.9840894379793591,-30.44388186023541,0,0.07926440024842943,True,True
fine,11,0.25,5.33333333,0.450737132741832,-0.450737132741832,0.13973655900106935,1.2080234114428487,0.824830043841712,29.863555481798702,15.211945906339523,0.19900654888559785,0.01981116386445652,30.44086155851917,5.022409974745632,0.07596426153525153,0.9510618834299691,-30.44086155851917,0,0.08101547324483549,True,True
fine,11,0.25,5.86666667,0.7046723668837357,-0.7046723668837357,0.14090175222352128,1.6712201817400092,1.4085286300588848,29.86141362558413,15.211827405003762,0.2054450018600908,0.01981116386445652,30.71250827992989,5.06862115771662,0.0719422521556185,0.895189886145188,-30.71250827992989,0,0.10740106494167315,True,True
fine,11,0.25,6.4,2.2698152119947808,-2.2698152119947808,0.30104096994800844,3.417405052480492,3.35552095889893,29.859629342129974,16.32679914169438,0.21188270642705087,0.01981116386445652,32.287143822629325,5.292893642944142,0.10014862084378968,0.9060283800006041,-32.287143822629325,0,0.2720581523622964,True,True
fine,11,0.3,3.2,0.8967774489933014,-0.8967774489933014,0.1266205487003847,2.5058896428461885,0.41285837063924247,29.89657090654544,15.213274829707624,0.1851174264296133,0.01981116386445652,30.70144598952869,5.046027728371384,0.08645262085641073,1.0685752262795933,-30.70144598952869,0,0.10412247512297691,True,True
fine,11,0.3,3.73333333,0.6569668342475448,-0.6569668342475448,0.12432880026383597,1.9761801815920585,0.43086041127565744,29.889469701958713,15.212878592929464,0.18752050302306666,0.01981116386445652,30.61661691222151,5.003507234656684,0.08467274245887221,1.0473753071080487,-30.61661691222151,0,0.08743891275689192,True,True
fine,11,0.3,4.26666667,0.6159933973277882,-0.6159933973277882,0.1347890554169186,1.6502680917269283,0.48935891992135394,29.884390874150668,15.21252212035426,0.188865249165741,0.01981116386445652,30.565020112091148,5.005280867472514,0.08057867144411679,1.0176599109995204,-30.565020112091148,0,0.08624522860137213,True,True
fine,11,0.3,4.8,0.5422175712276623,-0.5422175712276623,0.1399984139004295,1.4493133635650632,0.6040391541216351,29.880684952344676,15.212263688614097,0.19472395981512536,0.01981116386445652,30.472376163828304,5.0184808381471875,0.07756662328789543,0.9904107493487941,-30.472376163828304,0,0.08405801421851365,True,True
fine,11,0.3,5.33333333,0.5409952777013343,-0.5409952777013343,0.13687888626151853,1.4159416476523738,0.8347553394911393,29.87787011413947,15.21208715469798,0.20116284492956577,0.01981116386445652,30.503278207752548,5.03104227475765,0.07495459764764327,0.9549051809128966,-30.503278207752548,0,0.08670879230982298,True,True
fine,11,0.3,5.86666667,0.8930092079753343,-0.8930092079753343,0.13441514443149633,1.9868111910036306,1.4682276848122144,29.87563193095587,15.211965200229658,0.20760098190783224,0.01981116386445652,30.86410566724917,5.084572122651897,0.06896022459169096,0.8934029832318876,-30.86410566724917,0,0.11880165487631508,True,True
fine,11,0.3,6.4,2.878159399384322,-2.878159399384322,0.2997437717356311,4.071466225676813,3.46536035474632,29.873774389468245,16.596203861031125,0.21403837048243388,0.01981116386445652,32.803689181565595,5.341965018640393,0.0950259108476433,0.9134277314176531,-32.803689181565595,0,0.3093963333253705,True,True
fine,11,0.35,3.2,0.7830638250999524,-0.7830638250999524,0.13759689719633844,2.8372951500695054,0.4245738574325095,29.910620933535576,15.213425143633039,0.1853986263504522,0.01981116386445652,30.552817507276,5.04587271814016,0.0893649457117867,1.085523562560707,-30.552817507276,0,0.104134023135258,True,True
fine,11,0.35,3.73333333,0.5524620185004775,-0.5524620185004775,0.1310924210633764,2.25462475379496,0.43107142811753524,29.903118575982827,15.21303868036131,0.18720334629064328,0.01981116386445652,30.505451314960062,5.0027175726125765,0.08807791485436203,1.0658901986521176,-30.505451314960062,0,0.08622839659206022,True,True
fine,11,0.35,4.26666667,0.5618342785839576,-0.5618342785839576,0.13895441813584394,1.880145228404615,0.4862907513247262,29.897773643211387,15.212676727371278,0.1904411219911561,0.01981116386445652,30.505244630354618,5.002937476636726,0.08262200518181785,1.0316623196881425,-30.505244630354618,0,0.08644412267575821,True,True
fine,11,0.35,4.8,0.5253957377027337,-0.5253957377027337,0.14342008989713373,1.6611901786002883,0.6042084430920056,29.893898265002505,15.212410386013401,0.1968804393403519,0.01981116386445652,30.43673549041468,5.020303800982486,0.07850960278694202,1.0005497050891652,-30.43673549041468,0,0.0858407478263834,True,True
fine,11,0.35,5.33333333,0.5548384329167997,-0.5548384329167997,0.13890857252819427,1.6420618004005292,0.8506378804035272,29.890973715504874,15.212227880094936,0.20331900846274673,0.01981116386445652,30.49433328946234,5.03585047070442,0.07519935938494648,0.9633100474781792,-30.49433328946234,0,0.0900522248858591,True,True
fine,11,0.35,5.86666667,0.9895340269528317,-0.9895340269528317,0.13356114604007266,2.276708634608263,1.537395575698431,29.888660351180633,15.212102101052297,0.20975682945303045,0.01981116386445652,30.925389056694357,5.09571166989132,0.0673906178298491,0.8990020001478586,-30.925389056694357,0,0.12696040255289903,True,True
fine,11,0.35,6.4,3.2975557925137857,-3.2975557925137857,0.29348962773760434,4.699760444839977,3.56496327027576,29.886747531937438,17.199023060148576,0.21619390204379382,0.01981116386445652,33.11365231003646,5.376714288652819,0.08864165312438366,0.9378983772556408,-33.11365231003646,0,0.33566590076179215,True,True
fine,11,0.4,3.73333333,0.4112654365130027,-0.4112654365130027,0.13901386324982679,2.4772420388585403,0.4387055521913858,29.915573020017913,15.213198763133873,0.18681857029561233,0.01981116386445652,30.367302190707203,5.001010102844296,0.09200037395651613,1.085345392160432,-30.367302190707203,0,0.08312881267093757,True,True
fine,11,0.4,4.26666667,0.4700466914532214,-0.4700466914532214,0.14453400169945796,2.042851152089395,0.4883176639363994,29.909995250597447,15.21283117721001,0.19259778499103125,0.01981116386445652,30.419144149062234,4.99877101214783,0.08540278234908867,1.047255591820616,-30.419144149062234,0,0.08463864139461691,True,True
fine,11,0.4,5.33333333,0.5212487636523162,-0.5212487636523162,0.14408042653887515,1.8219187259509368,0.8714489017761717,29.902964994195557,15.212367816014313,0.20547503949147847,0.01981116386445652,30.443966965496497,5.038522854788696,0.07621776784897545,0.9743476215694411,-30.443966965496497,0,0.09150456200705927,True,True
fine,11,0.4,5.86666667,1.017963027196764,-1.017963027196764,0.13772299019205161,2.5638484802869708,1.6148608969541391,29.90059528461663,15.212237906296682,0.21191254450204502,0.019811163864460937,30.922948315649457,5.10363227227852,0.06707340611385486,0.9108890126645619,-30.922948315649457,0,0.13308091887354545,True,True
fine,22,0.0,3.46666667,2.4753116090680587,2.4753116090680587,0.20108041205688307,3.488307574491843,0.533406148234001,29.86614978780687,15.40531396886091,0.14054195318004545,0.011908307615814826,27.527757092050564,5.042735079913276,0.09981972190045298,0.9565481297745972,-27.527757092050564,0,0.21182069999090544,True,True
fine,22,0.0,3.73333333,2.468942014780095,2.468942014780095,0.1945918062616275,3.4127850754746354,0.5357019898586661,29.866202406661625,15.405231251113754,0.14054195318004545,0.011908307615814826,27.548593230597287,5.043464298851244,0.09847905913667836,0.9342666818767622,-27.548593230597287,0,0.2092882284212536,True,True
fine,22,0.0,4.0,2.450836752939866,2.450836752939866,0.18957309493729102,3.3462183514595054,0.5442063414872564,29.86623789418169,15.40516436944548,0.14054195318004545,0.011908307615814826,27.580832940728378,5.0435123355821005,0.09698145670853626,0.9163479961343179,-27.580832940728378,0,0.20671252479196317,True,True
fine,22,0.0,4.26666667,2.4231114018510675,2.4231114018510675,0.18590869561031204,3.286435301173597,0.5599118693161109,29.866258940047096,15.405111032231646,0.14054195318004545,0.011908307615814826,27.618918971116205,5.043913899109848,0.0954575910272055,0.9023032783704995,-27.618918971116205,0,0.20416859159177594,True,True
fine,22,0.0,4.53333333,2.390263587044124,2.390263587044124,0.1831752537312422,3.2321696165874925,0.585339182476504,29.86626772067184,15.405069104908788,0.14054195318004545,0.011908307615814826,27.657885007400473,5.045112375687302,0.09399157085737428,0.8911214703525779,-27.657885007400473,0,0.2018061053166528,True,True
fine,22,0.0,5.06666667,2.3256623811020027,2.3256623811020027,0.1789382072147236,3.138290151471209,0.6724490707345221,29.866255538854862,15.405012347137836,0.14054195318004545,0.011908307615814826,27.7264646410926,5.050075486752101,0.09144218063919751,0.8746314651564104,-27.7264646410926,0,0.19815781870167057,True,True
fine,22,0.0,5.33333333,2.299989750726283,2.299989750726283,0.17697836601178468,3.099072358120718,0.7451189724304189,29.866237499627406,15.404994644233112,0.14054195318004545,0.011908307615814826,27.752631381236643,5.053635370618482,0.0904879128523475,0.8694671000760351,-27.752631381236643,0,0.1972448286319398,True,True
fine,22,0.0,5.6,2.2825723273506817,2.2825723273506817,0.17502880446003938,3.0979998123475836,0.8536185275675974,29.866213116876644,15.404982531101643,0.14054195318004545,0.011908307615814826,27.77092809349249,5.05788449101713,0.08989644687472179,0.8678807426433321,-27.77092809349249,0,0.19765049774177376,True,True
fine,22,0.0,5.86666667,2.2786676365377816,2.2786676365377816,0.17316193100599953,3.1321497424114266,1.0331076821057215,29.866183396978414,15.404975091876159,0.14054195318004545,0.011908307615814826,27.776883068260283,5.063180887978875,0.08991629357117854,0.8731860011534422,-27.776883068260283,0,0.20020595691066917,True,True
fine,22,0.0,6.13333333,2.30186043802025,2.30186043802025,0.1716447696148891,3.3073933038454877,1.37020844166299,29.8661492009684,15.404971554983158,0.14054195318004545,0.011908307615814826,27.757822415934804,5.070787669479468,0.09120077922501267,0.8941552753252981,-27.757822415934804,0,0.20795485199467248,True,True
fine,22,0.00416667,0.0,13.500666263351064,13.500666263351064,13.990211451020565,21.08685853602112,14.6305573655215,29.861485524665603,15.394261972330025,0.14054195318004545,0.011908307615814826,17.63806977883861,1.088022169928744,11.926557433806993,51.09669276438776,-17.63806977883861,0,4.5873713919176655,True,True
fine,22,0.00833333,0.0,1.5941713418807615,-1.5891420179820694,12.722461139435401,13.007354488258747,13.919724176303982,29.86347203807713,15.394559115098009,0.14054195318004545,0.011908307615814826,33.51837752578763,2.0541926741002254,10.93859163475428,48.46983582710496,-33.51837752578763,0,3.596164946157397,True,True
fine,22,0.0125,0.0,13.853938731615306,-13.853938731615306,11.578094756071835,12.049615328351686,13.25756043290416,29.865418395273856,15.394850735747005,0.14054195318004545,0.011908307615814826,46.076430466976404,2.9152730131521176,10.046021308982485,46.089401049507735,-46.076430466976404,0,3.9042608911275396,True,True
fine,22,0.01666667,0.0,23.186223603575694,-23.186223603575694,10.546009743539429,14.355890016793882,12.640569502802219,29.867325375183906,15.39513693826897,0.14054195318004545,0.011908307615814826,55.38284709161639,3.6822826902727037,9.23989937552356,43.928752370977165,-55.38284709161639,0,4.121991286184019,True,True
fine,22,0.02083333,0.0,30.160959418215704,-30.160959418215704,9.616391505201626,17.360025384662748,12.06560195044502,31.84885587211065,15.395417824819067,0.14054195318004545,0.011908307615814826,62.19768341817015,4.364990269981437,8.512161132890924,41.963962251581634,-62.19768341817015,0,4.253963084084116,True,True
fine,22,0.02916667,0.0,39.43187912325986,-39.43187912325986,8.03065539025688,23.12334263090899,11.030611931428561,40.80421577212604,15.395964055406559,0.14054195318004545,0.011908307615814826,71.08371871402045,5.5112628206514875,7.263351345090074,38.538388503988344,-71.08371871402045,0,4.352191082700942,True,True
fine,22,0.03333333,0.0,42.57061152893288,-42.57061152893288,7.359828077692109,25.620762521788993,10.565665599505754,43.801601212054884,15.396229594619909,0.14054195318004545,0.011908307615814826,74.05112225740683,5.989439496336417,6.729676191130844,37.04130818417512,-74.05112225740683,0,4.354635544981079,True,True
fine,22,0.0375,0.0,45.0671257582223,-45.0671257582223,6.761767995782279,27.85999682962902,10.132822604289466,46.17375701507013,15.396490212209295,0.14054195318004545,0.011908307615814826,76.3971978227327,6.412766741646779,6.249020372640996,35.66708520103767,-76.3971978227327,0,4.341533923905709,True,True
fine,22,0.04166667,0.0,47.08648993050461,-47.08648993050461,6.230765025555959,29.866579142041104,9.730112337089102,48.08467565774183,15.396746001381256,0.14054195318004545,0.011908307615814826,78.28553979950017,6.786756575322041,5.81639767596002,34.402197491109156,-78.28553979950017,0,4.319892676109156,True,True
fine,22,0.04583333,0.0,48.74416943354083,-48.74416943354083,5.761559176322924,31.658511297107275,9.35571033589969,49.64777292247928,15.39699705368522,0.14054195318004545,0.011908307615814826,79.82903995122507,7.116351421667877,5.4272478854071675,33.2346671010569,-79.82903995122507,0,4.294290277153596,True,True
fine,22,0.05,2.8,0.6511666199109584,0.6511666199109584,0.11213897467157223,1.7683900286785925,0.4615822238493027,29.88158614766359,15.406148008426316,0.14054195318004545,0.011908307615814826,29.365033414085207,5.107569223529866,0.08382390525853123,0.8890332230256046,-29.365033414085207,0,0.08287185143591459,True,True
fine,22,0.05,3.6,0.9786665617909579,0.9786665617909579,0.1177988545201343,1.903466973506258,0.46247446743445375,29.88121441020915,15.405872291105377,0.14054195318004545,0.011908307615814826,29.02740806984169,5.114499963602083,0.07792847138442033,0.8525107099498097,-29.02740806984169,0,0.1018020388425005,True,True
fine,22,0.05,3.73333333,1.0207809563092776,1.0207809563092776,0.11716405153483074,1.9204200500825024,0.46672795818625873,29.881151925394708,15.40583933351616,0.14054195318004545,0.011908307615814826,28.993599657917866,5.112540347154618,0.0776083637776423,0.845986933915459,-28.993599657917866,0,0.1039598349430986,True,True
fine,22,0.05,4.0,1.086740245561534,1.086740245561534,0.11624558582456349,1.9499952091935462,0.47978186524475797,29.88102738168522,15.405783751082314,0.14054195318004545,0.011908307615814826,28.944191202485474,5.108506648496222,0.07714979672196384,0.8347238120990739,-28.944191202485474,0,0.10748794177234612,True,True
fine,22,0.05,4.26666667,1.1313064009359297,1.1313064009359297,0.1160516851651459,1.9739555632895123,0.49994995287556676,29.880903617034964,15.405740457399745,0.14054195318004545,0.011908307615814826,28.912550507417002,5.105381998154643,0.07679914873071408,0.8260017964250199,-28.912550507417002,0,0.11019698790921398,True,True
fine,22,0.05,4.4,1.147330360043819,1.147330360043819,0.11618990146475472,1.9839210355414019,0.5135581514440979,29.88084207984044,15.405722842660523,0.14054195318004545,0.011908307615814826,28.901109024869253,5.104365149200444,0.07663312228779212,0.8224698016924815,-28.901109024869253,0,0.11133814172737004,True,True
fine,22,0.05,5.33333333,1.1971735364744465,1.1971735364744465,0.11739853586380891,2.0838913734424476,0.705962995767808,29.880419355792473,15.4056559697375,0.14054195318004545,0.011908307615814826,28.86050655577844,5.107767273499848,0.0754846149569333,0.8083243211291853,-28.86050655577844,0,0.11810941530312974,True,True
fine,22,0.05,5.86666667,1.191853910542753,1.191853910542753,0.11618558030585273,2.255118895334367,1.0222257220780935,29.88018561100069,15.405648462783775,0.14054195318004545,0.011908307615814826,28.87023836477866,5.119157944738839,0.07581772240224081,0.8161233265360968,-28.87023836477866,0,0.12413478273919923,True,True
fine,22,0.075,2.4,0.18447830524311376,-0.18447830524311376,0.045615642100531206,1.1497166420763443,0.4431779551535415,29.88932256258996,15.406560299016766,0.14054195318004545,0.011908307615814826,30.242825738245827,5.122073083057727,0.08714909151870867,0.8579971754491981,-30.242825738245827,0,0.037450267660041385,True,True
fine,22,0.075,2.8,0.00765019984292625,-0.002235031444330059,0.07359527128177623,1.0857955094253413,0.4268467224408378,29.88896402322839,15.40641283593914,0.14054195318004545,0.011908307615814826,30.00554952224382,5.1371917725891825,0.07942170463303862,0.8497086729007188,-30.00554952224382,0,0.03480424337219432,True,True
fine,22,0.075,3.2,0.2263043098710238,0.2263043098710238,0.08539803537920083,1.1558047789102937,0.42497197796248437,29.888621076369283,15.406273934547098,0.14054195318004545,0.011908307615814826,29.751961778112417,5.145131242577024,0.07425128205904344,0.8395806916937605,-29.751961778112417,0,0.04924041739728496,True,True
fine,22,0.075,3.6,0.4368721875265621,0.4368721875265621,0.0883519754152686,1.255872443721786,0.4336913726618684,29.888298786842725,15.406163187219743,0.14054195318004545,0.011908307615814826,29.5554614579848,5.141110467776296,0.07167782269393945,0.8240070169351223,-29.5554614579848,0,0.061483667265439024,True,True
fine,22,0.075,3.73333333,0.4945421424660588,0.4945421424660588,0.08863519555819598,1.2932270904332033,0.4388600614460191,29.888195925456294,15.4061331657912,0.14054195318004545,0.011908307615814826,29.506831545740656,5.1384555007647315,0.07127322517593687,0.8188233501655334,-29.506831545740656,0,0.06483371446982829,True,True
fine,22,0.075,4.0,0.5883882426883575,0.5883882426883575,0.08918717343531771,1.3616418356352356,0.4536801489185276,29.887996592920842,15.40608282457291,0.14054195318004545,0.011908307615814826,29.431477036864678,5.132993082705475,0.07088698951556802,0.8096479082064845,-29.431477036864678,0,0.07047629511894171,True,True
fine,22,0.075,4.26666667,0.6564827960757158,0.6564827960757158,0.09017308838098244,1.4193662311612063,0.4756757357611675,29.88780515108703,15.406044146211597,0.14054195318004545,0.011908307615814826,29.37829486537388,5.128590288576671,0.07080531328347475,0.8024517903949757,-29.37829486537388,0,0.07496794316787751,True,True
fine,22,0.075,4.4,0.6827088877391734,0.6827088877391734,0.09084525714620359,1.4444861277049994,0.4902208974375867,29.88771215808328,15.406028657585317,0.14054195318004545,0.011908307615814826,29.357495137396317,5.127038419104216,0.07080515512514604,0.7995542421572652,-29.357495137396317,0,0.07689428845401833,True,True
fine,22,0.075,4.8,0.7389106220132583,0.7389106220132583,0.09313148804281002,1.5328390069218645,0.5506388865771367,29.887443114078675,15.405995151365332,0.14054195318004545,0.011908307615814826,29.31016553275478,5.1252182327654365,0.07078020568221385,0.7930159858487034,-29.31016553275478,0,0.08199942893011195,True,True
fine,22,0.075,5.33333333,0.7754824165679902,0.7754824165679902,0.09522234534519528,1.6551534723364327,0.6916783137909996,29.887105154679453,15.405974148536378,0.14054195318004545,0.011908307615814826,29.276540774528776,5.129012238181613,0.07062842545092521,0.788665117147816,-29.276540774528776,0,0.08767458599938102,True,True
fine,22,0.075,5.86666667,0.7560759368028462,0.7560759368028462,0.09653020978513746,1.8862206019360497,1.0245872143433756,29.88678807727908,15.405972078042984,0.14054195318004545,0.011908307615814826,29.30152952950354,5.142486228260175,0.07133283219513964,0.7974626488055306,-29.30152952950354,0,0.09439647545196198,True,True
fine,22,0.075,6.4,0.5352876976844432,0.5352876976844432,0.136274792377513,2.427447450997429,2.298862892861128,29.886489581949196,15.405982619511644,0.14054195318004545,0.011908307615814826,29.537950479602934,5.195727036142092,0.08448645782912202,0.9053510941373155,-29.537950479602934,0,0.11862493090130984,True,True
fine,22,0.1,2.8,0.5076875927787721,-0.5076875927787721,0.043267119608675624,1.1663074739665955,0.39996414015288295,29.896051717075466,15.406672075101985,0.14054195318004545,0.011908307615814826,30.493115912602224,5.159729156647117,0.07696439794698712,0.8234058321803115,-30.493115912602224,0,0.05245575025803311,True,True
fine,22,0.1,3.6,0.01637854481506788,0.009298761840174762,0.06447775699498134,0.8501563616445509,0.4093827730912031,29.89510752236151,15.406447583406335,0.14054195318004545,0.011908307615814826,29.963920786103348,5.162504223182422,0.06761466004225251,0.803978629085309,-29.963920786103348,0,0.030712263834758925,True,True
fine,22,0.1,3.73333333,0.0785079763705561,0.0785079763705561,0.06550724639947583,0.8511831358680348,0.4152081370015079,29.894966086892655,15.406420368567474,0.14054195318004545,0.011908307615814826,29.904616414559527,5.159377524163819,0.06699895866214342,0.7997800342084989,-29.904616414559527,0,0.03417984990032823,True,True
fine,22,0.1,4.0,0.19292485859079256,0.19292485859079256,0.06722404746150412,0.9048774298483773,0.431384039434121,29.894695271567265,15.406375010350585,0.14054195318004545,0.011908307615814826,29.810949286919506,5.152838408699124,0.06644168208865135,0.7921074221673591,-29.810949286919506,0,0.04104165885793516,True,True
fine,22,0.1,4.26666667,0.27797221102098535,0.27797221102098535,0.06910085136659602,0.9617612567707463,0.4549031013567215,29.894439147329496,15.40634069148476,0.14054195318004545,0.011908307615814826,29.743125249433568,5.147421983189149,0.06643984675941059,0.7859267940841899,-29.743125249433568,0,0.046621557744165626,True,True
fine,22,0.1,4.4,0.31133745024415005,0.31133745024415005,0.07016768945831535,0.9961911878960688,0.4702581098302699,29.89431610249304,15.406327203265924,0.14054195318004545,0.011908307615814826,29.716174838256034,5.1454500242889525,0.06653267118878833,0.7834195761816389,-29.716174838256034,0,0.04909434415223185,True,True
fine,22,0.1,5.33333333,0.4285961968038685,0.4285961968038685,0.0770787362213558,1.2994876574791312,0.6808163180828766,29.893533381230398,15.406284265295106,0.14054195318004545,0.011908307615814826,29.613713888010782,5.146766911922867,0.0670209582395144,0.7742902823394224,-29.613713888010782,0,0.06265300734973553,True,True
fine,22,0.1,5.86666667,0.3842554313143727,0.3842554313143727,0.0818841990247313,1.5650054498319859,1.0322461129735028,29.893137110508032,15.40628726217699,0.14054195318004545,0.011908307615814826,29.664522206009632,5.162881257617667,0.06800078218339503,0.7834628672004912,-29.664522206009632,0,0.06959229995568929,True,True
fine,22,0.125,2.4,1.122234972713287,-1.122234972713287,0.028668194282109087,1.9840499072609579,0.41618640466955614,29.903557647068084,15.407029344440017,0.14054195318004545,0.011908307615814826,31.142313220871618,5.168628702595215,0.07937376466194258,0.8280366690783983,-31.142313220871618,0,0.08661297788221523,True,True
fine,22,0.125,2.8,0.8858539300974654,-0.8858539300974654,0.023794598683308573,1.548335263776335,0.38791701560453873,29.902859517869405,15.406925832599955,0.14054195318004545,0.011908307615814826,30.85089482931784,5.17595753479473,0.07566721237123017,0.8077598629551824,-30.85089482931784,0,0.06948265336737475,True,True
fine,22,0.125,3.2,0.5944048037351654,-0.5944048037351654,0.03754214647779837,1.2187509369315257,0.38101007597184855,29.9022236371106,15.406816128162246,0.14054195318004545,0.011908307615814826,30.52970206255473,5.184053426084886,0.06985190204533567,0.8002129870635782,-30.52970206255473,0,0.055487689450111885,True,True
fine,22,0.125,3.6,0.31923746948273835,-0.31923746948273835,0.04541833807844202,0.9492321970135847,0.3901830035542694,29.90165029559957,15.406725605871793,0.14054195318004545,0.011908307615814826,30.269599377961786,5.1792993163248955,0.06525141070952026,0.7906424413949958,-30.269599377961786,0,0.04160226557595653,True,True
fine,22,0.125,3.73333333,0.2417624722325012,-0.2417624722325012,0.04700427567960146,0.8869071352820288,0.39617053648571793,29.901472017624265,15.406701072525486,0.14054195318004545,0.011908307615814826,30.202960582927446,5.175903455936607,0.06435180438262508,0.7871362330401528,-30.202960582927446,0,0.037703460104720726,True,True
fine,22,0.125,4.0,0.11275904121688625,-0.11275904121688625,0.04959359567438224,0.7953540381553138,0.41302206015831,29.90113289773153,15.406660449130683,0.14054195318004545,0.011908307615814826,30.09718853270396,5.168597600682709,0.06344236556171373,0.780509125545473,-30.09718853270396,0,0.03141302777057582,True,True
fine,22,0.125,4.26666667,0.01618167958589693,-0.01618167958589693,0.052108784669281503,0.7533014336587024,0.4376258500460364,29.9008149730533,15.406630244705338,0.14054195318004545,0.011908307615814826,30.02039337386256,5.162388945546553,0.06335682003377605,0.7749652820474381,-30.02039337386256,0,0.02726454127752984,True,True
fine,22,0.125,4.4,0.021782930182989144,0.021782930182989144,0.05344929151758534,0.7534573467648727,0.45362357810939463,29.900663228604095,15.406618636604586,0.14054195318004545,0.011908307615814826,29.98993849817766,5.160090096128345,0.06347699643372604,0.7726691619120951,-29.98993849817766,0,0.028142430580694155,True,True
fine,22,0.125,4.8,0.1036637646406112,0.1036637646406112,0.05760710003531837,0.8400228252878484,0.5193145267774691,29.900233742846137,15.406595647198495,0.14054195318004545,0.011908307615814826,29.921068424591965,5.156939566400977,0.06397778208374486,0.7674638945094311,-29.921068424591965,0,0.0350706849348842,True,True
fine,22,0.125,5.33333333,0.14837604040201097,0.14837604040201097,0.06232780064249952,1.0263906406096652,0.6734601582571377,29.899713052447584,15.406586510800816,0.14054195318004545,0.011908307615814826,29.881185815930696,5.161370792046197,0.0643678890482364,0.7641623170231622,-29.881185815930696,0,0.042558258471053316,True,True
fine,22,0.125,5.86666667,0.0707521049205289,0.0707521049205289,0.07160629383707051,1.2947352714188234,1.0451423585782738,29.89924159190765,15.406594221594466,0.14054195318004545,0.011908307615814826,29.96555537527374,5.180549478355239,0.06551154013345883,0.7731870014694576,-29.96555537527374,0,0.04930612881970377,True,True
fine,22,0.125,6.4,0.5326317774522877,-0.5326317774522877,0.17524250564196253,2.1497418291729717,2.4795111167455124,29.898810977956305,15.40661274439967,0.14054195318004545,0.011908307615814826,30.585015721581037,5.2649754370383866,0.0872125781514679,0.9034287085314725,-30.585015721581037,0,0.12887161805473454,True,True
fine,22,0.15,2.4,1.382906934369372,-1.382906934369372,0.04916843176262779,2.466464379317221,0.4185648313375003,29.910248680005743,15.407256991468635,0.14054195318004545,0.011908307615814826,31.385093559958335,5.182426264004849,0.07745242254293935,0.8324340428893059,-31.385093559958335,0,0.10883061911646678,True,True
fine,22,0.15,2.8,1.1556956026099532,-1.1556956026099532,0.023859351723950782,1.9198784426965247,0.3868298640387417,29.909397386500356,15.407174213692256,0.14054195318004545,0.011908307615814826,31.100083540637335,5.186639761291745,0.0750913037149361,0.8009376181737382,-31.100083540637335,0,0.08606935449635414,True,True
fine,22,0.15,3.2,0.8550458272757601,-0.8550458272757601,0.023566484508869032,1.5384405342598702,0.3742331172615474,29.908626584416346,15.407078367965491,0.14054195318004545,0.011908307615814826,30.765258447456276,5.196086606488377,0.06957848419892868,0.7910948982702465,-30.765258447456276,0,0.06757917049319613,True,True
fine,22,0.15,3.6,0.5627211311249033,-0.5627211311249033,0.030786090186900227,1.2348172547433878,0.37890081909618234,29.907936479166874,15.406997379575992,0.14054195318004545,0.011908307615814826,30.487922776101858,5.19210694995502,0.06416614112014335,0.7826288512609927,-30.487922776101858,0,0.052313912747011235,True,True
fine,22,0.15,3.73333333,0.4795819016026995,-0.4795819016026995,0.03262996501442968,1.1456440293981038,0.38384492815288473,29.907723021958564,15.406975406956278,0.14054195318004545,0.011908307615814826,30.4165652390275,5.1886239325363706,0.0629598392208074,0.7795711112800005,-30.4165652390275,0,0.04795559586227045,True,True
fine,22,0.15,4.0,0.3407770250635468,-0.3407770250635468,0.03572365778750508,1.0069725398317233,0.3995009850977391,29.907318652576773,15.406939279855445,0.14054195318004545,0.011908307615814826,30.303626088255555,5.18082063821972,0.06158527701598694,0.7736279226985426,-30.303626088255555,0,0.0408889974061307,True,True
fine,22,0.15,4.26666667,0.23706230622264313,-0.23706230622264313,0.03862230262085544,0.9081319849013895,0.4242009360975361,29.90694170056716,15.406912955146556,0.14054195318004545,0.011908307615814826,30.222446569690323,5.174000050716338,0.06128415237131796,0.7684402202198768,-30.222446569690323,0,0.03600784535192191,True,True
fine,22,0.15,4.4,0.19657319005407844,-0.19657319005407844,0.04012205073640647,0.8781631707519313,0.4405427054252753,29.906762558703296,15.406903112071587,0.14054195318004545,0.011908307615814826,30.190640885239738,5.171446967171655,0.0613742708091579,0.7662250499108451,-30.190640885239738,0,0.03437560882910554,True,True
fine,22,0.15,4.8,0.11110347563723985,-0.11110347563723985,0.04473422818537457,0.8304965949848745,0.5082215611873094,29.906258372725382,15.406884877414326,0.14054195318004545,0.011908307615814826,30.120424971549763,5.167964384137621,0.06194327493726365,0.7610469221412022,-30.120424971549763,0,0.03196380966202256,True,True
fine,22,0.15,5.33333333,0.07288127036874127,-0.07288127036874127,0.05042385063956052,0.8935707876914739,0.6696095471649254,29.905652900685357,15.406881072164087,0.14054195318004545,0.011908307615814826,30.087629806319924,5.173174975105583,0.06244221234716814,0.7574966044255774,-30.087629806319924,0,0.034637781879104594,True,True
fine,22,0.15,5.86666667,0.18990716686842438,-0.18990716686842438,0.06497104572048833,1.1647415583557845,1.0629318724696426,29.90511012121457,15.40689315849837,0.14054195318004545,0.011908307615814826,30.210822796221965,5.195729835182491,0.06363470816529536,0.7659747987137734,-30.210822796221965,0,0.05281246727731933,True,True
fine,22,0.15,6.4,1.0142463219460638,-1.0142463219460638,0.19868628318509607,2.5089270204849026,2.577634078249298,29.904618724369442,15.444201720431122,0.14054195318004545,0.011908307615814826,31.051146333561313,5.298409945565479,0.08959549556417142,0.9082493197550774,-31.051146333561313,0,0.1634098159572471,True,True
fine,22,0.175,2.4,1.5326575794955777,-1.5326575794955777,0.06590739123427074,2.9527477766860772,0.4286504062279965,29.916669074522897,15.407480162068293,0.14054195318004545,0.011908307615814826,31.52124587615443,5.190989527370006,0.0774095197016269,0.8475040486733556,-31.52124587615443,0,0.12472004986076318,True,True
fine,22,0.175,2.8,1.3347942522009149,-1.3347942522009149,0.03551539453021096,2.312386588869898,0.3907003480386745,29.91567496509261,15.407417322231204,0.14054195318004545,0.011908307615814826,31.26020634243756,5.192506070435539,0.07508219331007032,0.8015440278855168,-31.26020634243756,0,0.10127244209819199,True,True
fine,22,0.175,3.2,1.0363736975637443,-1.0363736975637443,0.01997359053555829,1.851350585299609,0.3743855834881561,29.914776491514207,15.407334854680252,0.14054195318004545,0.011908307615814826,30.921154254553937,5.204047466692041,0.07000755693093808,0.7872980206198419,-30.921154254553937,0,0.0783574155511447,True,True
fine,22,0.175,3.6,0.7340782744551111,-0.7340782744551111,0.020911840638800132,1.5055443358058265,0.37470737069375537,29.913975148104782,15.407263028180566,0.14054195318004545,0.011908307615814826,30.633050548066755,5.201514946790064,0.06401436762453373,0.7788750748041983,-30.633050548066755,0,0.06060074613661779,True,True
fine,22,0.175,3.73333333,0.6472579101683867,-0.6472579101683867,0.02236415968301447,1.4252935543252803,0.3784623207307878,29.91372810916957,15.407243499714507,0.14054195318004545,0.011908307615814826,30.558931681354007,5.198107029151536,0.06251604862242101,0.7760606664649409,-30.558931681354007,0,0.05601540656375924,True,True
fine,22,0.175,4.0,0.5023411401286391,-0.5023411401286391,0.025297339467830908,1.2832399982536309,0.39225187909326636,29.91326142675549,15.40721163966403,0.14054195318004545,0.011908307615814826,30.44262090675198,5.190036929232381,0.0606261863672341,0.7705128353059181,-30.44262090675198,0,0.04854440295513181,True,True
fine,22,0.175,4.26666667,0.39495067628624164,-0.39495067628624164,0.028237846959979024,1.16376368819316,0.4157092683704187,29.9128281155142,15.407188969858602,0.14054195318004545,0.011908307615814826,30.36068087342785,5.1827461100196786,0.06001236661782261,0.7654735677326302,-30.36068087342785,0,0.043297661393341645,True,True
fine,22,0.175,4.4,0.35359501680206434,-0.35359501680206434,0.02976623394468807,1.111978712859301,0.43172197486057834,29.912622830098638,15.407180781704232,0.14054195318004545,0.011908307615814826,30.329243614278916,5.179992321217341,0.06002423164784393,0.7632459465367848,-30.329243614278916,0,0.04144207923507951,True,True
fine,22,0.175,4.8,0.269151876960523,-0.269151876960523,0.03449595093424929,1.012776297407521,0.5003520022556224,29.912047447767385,15.40716698542686,0.14054195318004545,0.011908307615814826,30.262309359390017,5.176325085395806,0.06055126092043015,0.757822016491584,-30.262309359390017,0,0.03869707037135086,True,True
fine,22,0.175,5.33333333,0.24245008603663223,-0.24245008603663223,0.04090184732127613,1.0438503929409,0.6691681325624089,29.911361381758706,15.407168132863458,0.14054195318004545,0.011908307615814826,30.241217318684356,5.182527805707433,0.06107401643072219,0.7536890166813548,-30.241217318684356,0,0.041980839219769396,True,True
fine,22,0.175,5.86666667,0.403009734380993,-0.403009734380993,0.061158162486834276,1.304219276429866,1.0854053079570107,29.910751024766594,15.407184270943944,0.14054195318004545,0.011908307615814826,30.406327430699452,5.208677364544142,0.06220651420360218,0.7613602045992363,-30.406327430699452,0,0.06404390215997786,True,True
fine,22,0.175,6.4,1.461546772238132,-1.461546772238132,0.22204654682310526,2.894604384330884,2.6764940391236833,29.910202208569345,15.513002422362787,0.14054195318004545,0.011908307615814826,31.480050080986764,5.331240031342429,0.09216864373460672,0.9160456871843914,-31.480050080986764,0,0.19644424125121943,True,True
fine,22,0.2,2.8,1.439491346233671,-1.439491346233671,0.047529051949347895,2.696174087126831,0.39918606130967194,29.92170158584011,15.407655260677142,0.14054195318004545,0.011908307615814826,31.34921307416309,5.194241957229218,0.07568501067233427,0.808532260211779,-31.34921307416309,0,0.11284759575235967,True,True
fine,22,0.2,3.6,0.8452303565385485,-0.8452303565385485,0.01706654823557409,1.8034696629619904,0.37543113778765125,29.9197750883321,15.407522674003213,0.14054195318004545,0.011908307615814826,30.717909768367903,5.208076915710567,0.06453010923979517,0.7785413351441135,-30.717909768367903,0,0.06769156445932203,True,True
fine,22,0.2,3.73333333,0.7561390048110865,-0.7561390048110865,0.016933199297274514,1.7075215384370572,0.37800523724589247,29.919496001867806,15.407505477176025,0.14054195318004545,0.011908307615814826,30.642388454827213,5.204887597361722,0.06277620472071355,0.7757963708313546,-30.642388454827213,0,0.06244615238266367,True,True
fine,22,0.2,4.0,0.6077945087841989,-0.6077945087841989,0.018376942972430556,1.5442387360195338,0.3897093692003034,29.918969828636207,15.407477663865146,0.14054195318004545,0.011908307615814826,30.525475283881462,5.1967449396660355,0.06037038634266086,0.7704126124660629,-30.525475283881462,0,0.054220417466145455,True,True
fine,22,0.2,4.26666667,0.49934676136586276,-0.49934676136586276,0.02076636364465973,1.4172348736595222,0.4117860816709504,29.9184827249803,15.407458433661189,0.14054195318004545,0.011908307615814826,30.445546217294666,5.189089750265962,0.05938106252062754,0.7653692328297219,-30.445546217294666,0,0.04869775033954478,True,True
fine,22,0.2,4.4,0.4584085730110014,-0.4584085730110014,0.02213412617654604,1.3643040961949964,0.4273406022041414,29.918252503181108,15.407451795109427,0.14054195318004545,0.011908307615814826,30.415815310099184,5.186171183851374,0.05927642165962131,0.763063370668652,-30.415815310099184,0,0.04680585057481059,True,True
fine,22,0.2,5.33333333,0.36716401494296314,-0.36716401494296314,0.03336642336218325,1.2470597055524955,0.671967260497369,29.916846682837818,15.40744787278849,0.14054195318004545,0.011908307615814826,30.349587616011373,5.189764871465777,0.060138578173341686,0.7522616932590358,-30.349587616011373,0,0.048071827998300856,True,True
fine,22,0.2,5.86666667,0.5736314652509885,-0.5736314652509885,0.059339683308527826,1.5233048654413768,1.1115924958299097,29.916172363374805,15.40746775289746,0.14054195318004545,0.011908307615814826,30.557833180731528,5.219651331862623,0.06111473575017405,0.7590087077187386,-30.557833180731528,0,0.07437397737734497,True,True
fine,22,0.25,3.2,1.238116832215526,-1.238116832215526,0.04012623782487877,2.7684504501948988,0.39529531323468525,29.931796652605616,15.408070911924748,0.14054195318004545,0.011908307615814826,31.055015252567838,5.209425364324761,0.0736847715232573,0.7992869746468185,-31.055015252567838,0,0.1014668952309516,True,True
fine,22,0.25,3.73333333,0.8381062731042584,-0.8381062731042584,0.019865947305891817,2.2204255775962336,0.3859159304693184,29.930353709610042,15.408011584096858,0.14054195318004545,0.011908307615814826,30.6759436290104,5.212277145575919,0.06470319337210713,0.7825144501752768,-30.6759436290104,0,0.0716811628189963,True,True
fine,22,0.25,4.26666667,0.581715300312967,-0.581715300312967,0.014638583673816319,1.8558476777683608,0.41377809712456565,29.92912921028858,15.407978276637774,0.14054195318004545,0.011908307615814826,30.49213982395939,5.196243130217504,0.059568327820892164,0.7715933487612189,-30.49213982395939,0,0.054971888267214025,True,True
fine,22,0.25,4.8,0.48106772093316286,-0.48106772093316286,0.0167549871090049,1.660190556113974,0.49550066087844735,29.92808335808403,15.407972196077374,0.14054195318004545,0.011908307615814826,30.42949521731698,5.189231738705246,0.059035175290755526,0.7619427597836873,-30.42949521731698,0,0.050173470152284766,True,True
fine,22,0.25,5.33333333,0.507033378229535,-0.507033378229535,0.022977526134074753,1.6507973110790395,0.6863078302835021,29.927179196443223,15.40798609219927,0.14054195318004545,0.011908307615814826,30.458370957053145,5.199132238550638,0.05922625670804098,0.7550503384502895,-30.458370957053145,0,0.05606687493737799,True,True
fine,22,0.25,5.86666667,0.8065094260421235,-0.8065094260421235,0.05901844360845075,1.9884083178280663,1.1708454258464305,29.926387307136526,15.408012581099042,0.14054195318004545,0.011908307615814826,30.75043539806861,5.236688839518254,0.059666788551916004,0.7601584569327127,-30.75043539806861,0,0.09078161272609378,True,True
fine,22,0.25,6.4,2.6009862839262077,-2.6009862839262077,0.28714356664950924,4.115474058632131,2.9822448039810654,29.92568530309344,15.721616249179213,0.14054195318004545,0.011908307615814826,32.53523379308148,5.424783288550798,0.09964662985731974,0.955523390602601,-32.53523379308148,0,0.28486031327508393,True,True
fine,22,0.3,3.2,1.2008246678587593,-1.2008246678587593,0.05161389252866615,3.228852403978742,0.4150916647430144,29.94203588715185,15.40853487448503,0.14054195318004545,0.011908307615814826,30.984644507685797,5.20268759222585,0.07780825805473099,0.8209980812099478,-30.984644507685797,0,0.10663435343314653,True,True
fine,22,0.3,3.73333333,0.7967891362363033,-0.7967891362363033,0.02813724875689238,2.6365894017562423,0.4013573898956319,29.9403604978708,15.40849470781305,0.14054195318004545,0.011908307615814826,30.591834444975966,5.214218526990322,0.06775315302154705,0.7957686262769439,-30.591834444975966,0,0.07540347463488328,True,True
fine,22,0.3,4.26666667,0.5441778372927749,-0.5441778372927749,0.017210704453364343,2.202387839540068,0.42370875597021557,29.938943937671706,15.408473597892394,0.14054195318004545,0.011908307615814826,30.42631332844694,5.1984128091263155,0.061116907136968934,0.7836677344925853,-30.42631332844694,0,0.056788145659934904,True,True
fine,22,0.3,4.8,0.4706786360411178,-0.4706786360411178,0.013993352364022252,1.973439851051682,0.5033452226868889,29.937742043521215,15.408476310528046,0.14054195318004545,0.011908307615814826,30.398212826548985,5.19095468155607,0.05951693155180747,0.7722811326544038,-30.398212826548985,0,0.05170219712710143,True,True
fine,22,0.3,5.33333333,0.5375660303961334,-0.5375660303961334,0.017263885396848276,1.963473896338116,0.7082961792775454,29.936710853400594,15.408497099438318,0.14054195318004545,0.011908307615814826,30.463287103266854,5.20350678625467,0.0592242543795917,0.763398476680947,-30.463287103266854,0,0.05913002232016228,True,True
fine,22,0.3,5.86666667,0.9238803455330835,-0.9238803455330835,0.06051453686574717,2.3890007196047685,1.2358931896176846,29.93581441459674,15.40852911527842,0.14054195318004545,0.011908307615814826,30.82834708917559,5.248741169919416,0.058949271484510034,0.7679967789683186,-30.82834708917559,0,0.10142532398681836,True,True
fine,22,0.3,6.4,3.1918173024072507,-3.1918173024072507,0.3262084000648251,4.9877487150231,3.183122233387459,29.93502511010658,15.862480386230631,0.14054195318004545,0.011908307615814826,33.02971915442929,5.479257254541596,0.1034404382144829,0.9966918835847945,-33.02971915442929,0,0.3347193389609028,True,True
fine,22,0.35,3.2,1.1093979098393807,-1.1093979098393807,0.059245821532780095,3.5668320034901306,0.43232674482150896,29.951462285933182,15.408978439335218,0.14054195318004545,0.011908307615814826,30.869362853913195,5.191530711451596,0.08368372084985734,0.8503973755845416,-30.869362853913195,0,0.10706911340133196,True,True
fine,22,0.35,3.73333333,0.6874532548366059,-0.6874532548366059,0.03577355138666861,2.948792509788814,0.41797277304708647,29.94957663430436,15.408955802732024,0.14054195318004545,0.011908307615814826,30.445364041748835,5.213416961045487,0.07145072511780828,0.8128866997789158,-30.445364041748835,0,0.07471894197802983,True,True
fine,22,0.35,4.26666667,0.4336841195887134,-0.4336841195887134,0.022085418744618644,2.477260187338229,0.43865517645957014,29.947985717351106,15.408945475462469,0.14054195318004545,0.011908307615814826,30.296551395302338,5.19791041558658,0.06353169727186883,0.799194494014789,-30.296551395302338,0,0.05501696380287901,True,True
fine,22,0.35,4.8,0.3890774515678417,-0.3890774515678417,0.015679836250352512,2.204582112156919,0.5169812429433801,29.946642969715455,15.40895568097255,0.14054195318004545,0.011908307615814826,30.305749491986155,5.1895901434138425,0.06077737842214563,0.7860657989834627,-30.305749491986155,0,0.05019275517273526,True,True
fine,22,0.35,5.33333333,0.4956952187953375,-0.4956952187953375,0.01507641026167198,2.2031506432552637,0.7335236424850708,29.94549823936662,15.40898220900266,0.14054195318004545,0.011908307615814826,30.403717524118793,5.204689480951353,0.059846275401904715,0.7754537485135213,-30.403717524118793,0,0.058899132631741326,True,True
fine,22,0.35,5.86666667,0.9561481295626475,-0.9561481295626475,0.0626999283538461,2.748535751334127,1.307362274934738,29.94450936923854,15.409018765937398,0.14054195318004545,0.011908307615814826,30.825210345800276,5.2574573298218255,0.058803604123677425,0.7815264338547462,-30.825210345800276,0,0.10774898183644917,True,True
fine,22,0.35,6.4,3.6435288872379865,-3.6435288872379865,0.3614802865302544,5.859769622387956,3.3781628965065145,29.943643674385303,16.004725185287725,0.14054195318004545,0.011908307615814826,33.35467969307289,5.52525859364331,0.10536984169815156,1.0534875464107334,-33.35467969307289,0,0.3765766696533579,True,True
fine,22,0.4,3.73333333,0.5497140901328542,-0.5497140901328542,0.0424941006740931,3.1797011511533073,0.43295751209850425,29.95805853458427,15.409395796878389,0.14054195318004545,0.011908307615814826,30.273799692168808,5.211895854012654,0.07566040612951942,0.8322379710804357,-30.273799692168808,0,0.07168120842004655,True,True
fine,22,0.4,4.26666667,0.2845761931108048,-0.2845761931108048,0.02727320729917252,2.692466491068397,0.45435195653172256,29.956309614299414,15.40939495174334,0.14054195318004545,0.011908307615814826,30.136842975453312,5.196439509691867,0.06648322253518237,0.8165765690513744,-30.136842975453312,0,0.05090838381655241,True,True
fine,22,0.4,5.33333333,0.41026348124065415,-0.41026348124065415,0.015804763418038815,2.4014084948611836,0.7616219682089118,29.95359433250023,15.409442682301336,0.14054195318004545,0.011908307615814826,30.309435420739966,5.20405999853823,0.060899883651721796,0.7898128736372548,-30.309435420739966,0,0.05692090577582534,True,True
fine,22,0.4,5.86666667,0.928437320557095,-0.928437320557095,0.06568249126448818,3.0913051587711577,1.3849161145498616,29.952524293356305,15.40948288377594,0.14054195318004728,0.011908307615836947,30.76826083251409,5.264208637106789,0.059136497005051136,0.8000132602579807,-30.76826083251409,0,0.1112327134440283,True,True
fine,33,0.0,3.46666667,1.9081014222087542,1.9081014222087542,0.18221556208936668,3.0307481667146225,0.572657676981719,30.477604999803063,15.271714702572314,0.4776391982327689,0.023921976911028438,28.169888738497928,5.016886608002799,0.11903570761917973,0.8480376332958178,-28.169888738497928,0,0.17557234794006982,True,True
fine,33,0.0,3.73333333,1.8214333537423886,1.8214333537423886,0.19009617791516337,2.9359995387715374,0.5704569988183192,30.477559190574148,15.271057965487778,0.47765163496337726,0.023957623493889583,28.243468705033553,5.021673897349226,0.10173643754869069,0.8125915867239406,-28.243468705033553,0,0.17238356778015543,True,True
fine,33,0.0,4.0,1.7528696135351012,1.7528696135351012,0.1966787810793495,2.8493526699189133,0.5737349743006332,30.47748701159372,15.270501366356598,0.4776646508171094,0.023993906074056322,28.294501575376938,5.033868541427644,0.08781149519005091,0.7843934340397268,-28.294501575376938,0,0.16993253601128652,True,True
fine,33,0.0,4.26666667,1.7035912282155414,1.7035912282155414,0.20148255923225095,2.7704912508332944,0.5846501411616366,30.477390840815957,15.270031037970423,0.4776764745424152,0.024030821768318306,28.324198574626024,5.050537734219568,0.07825346015617023,0.7624577463790485,-28.324198574626024,0,0.16819073519084335,True,True
fine,33,0.0,4.53333333,1.6727239931024265,1.6727239931024265,0.2043178627499383,2.6990423894041653,0.6037817537802753,30.47727307274819,15.269634857978229,0.47768751065462184,0.024068367661098874,28.33573451108083,5.068879172508246,0.0735381258397684,0.7456853033481667,-28.33573451108083,0,0.16707340018535755,True,True
fine,33,0.0,5.06666667,1.6555969906245402,1.6555969906245402,0.20428161441344664,2.576147121301802,0.674012208306275,30.476981978873802,15.26902410682473,0.47771349673931995,0.02414533823619941,28.322790596643678,5.10175272728123,0.0760004192770596,0.7227817535152992,-28.322790596643678,0,0.1663314171896572,True,True
fine,33,0.0,5.33333333,1.6618206605414436,1.6618206605414436,0.20182511252574337,2.523140613832699,0.7342756782791818,30.476812949473643,15.268792425259306,0.4777216352925218,0.024184756934113944,28.308502605374972,5.113501981005098,0.08041326321750648,0.7142651395154707,-28.308502605374972,0,0.16657145153978023,True,True
fine,33,0.0,5.6,1.672200283907739,1.672200283907739,0.1981380239049785,2.474362209517274,0.8252134839465116,30.47663085961242,15.268600358391557,0.47773704581398446,0.024224793872365383,28.29539944797719,5.121416006338595,0.08517733618697418,0.7062484697470977,-28.29539944797719,0,0.16724808570758454,True,True
fine,33,0.0,5.86666667,1.6822310414324335,1.6822310414324335,0.19352729994670864,2.4281845338940604,0.9709184792009747,30.4764374358803,15.268441982473385,0.47774373532988057,0.024265445988323642,28.287615372662394,5.125774644180529,0.08940949598039132,0.6976551357859597,-28.287615372662394,0,0.16859292920677835,True,True
fine,33,0.0,6.13333333,1.6867039201975351,1.6867039201975351,0.1881950840735968,2.462666254864197,1.2368417000624077,30.476234229436944,15.268312198719048,0.4777602380275569,0.02430671019275104,28.289222976830764,5.127543222429747,0.09252783173264831,0.6869870245361628,-28.289222976830764,0,0.17211601751917707,True,True
fine,33,0.00416667,0.0,11.79305653035756,11.79305653035756,13.80341510642126,20.41509487998855,14.473376017622991,30.455808271747607,15.27814812627302,0.45763133023436753,0.02355297406816466,19.485538787600163,1.415093796520695,11.886347046351583,51.37512626761727,-19.485538787600163,0,4.447125465973146,True,True
fine,33,0.00833333,0.0,4.759879638565694,-4.759879638565694,12.50436317211548,12.370171028738834,13.736534606545499,30.45401273371288,15.278089597875516,0.45763133023436753,0.023589674200368244,36.8101299102336,2.6702196468505326,10.862383175114422,49.11641968195605,-36.8101299102336,0,3.691622713375493,True,True
fine,33,0.0125,0.0,17.4933412190537,-17.4933412190537,11.36552386573418,12.835745833486806,13.062905840949302,30.452244182400545,15.278033738510754,0.45763133023436753,0.023627737961413795,49.73157794078586,3.7831688987107563,9.944318070931683,47.09862152552164,-49.73157794078586,0,4.036458749870341,True,True
fine,33,0.01666667,0.0,26.741608967119088,-26.741608967119088,10.373028758304413,15.855279512051402,12.44816055493084,30.450502107132095,15.277980485290751,0.45763133023436753,0.0236671115564008,58.871718432717344,4.769323297900454,9.121941993184322,45.292006489875504,-58.871718432717344,0,4.265866283456192,True,True
fine,33,0.02083333,0.0,33.44115152079684,-33.44115152079684,9.514275738104423,19.230186776408466,11.888325238590344,35.042334958249576,15.277929776577468,0.45763133023436753,0.023707742930469945,65.37202302432291,5.6423158227957435,8.386064712313246,43.670105532193794,-65.37202302432291,0,4.405131747405142,True,True
fine,33,0.02916667,0.0,42.14945205974533,-42.14945205974533,8.151809415362717,25.276795999337637,10.918766204364994,43.42974936963128,15.277835751269919,0.45763133023436753,0.0237925801469814,73.69044219433395,7.095818116507662,7.141375019295031,40.88932136310466,-73.69044219433395,0,4.534476135978716,True,True
fine,33,0.03333333,0.0,45.07311205141859,-45.07311205141859,7.626247827563387,27.815875762172688,10.502165196627253,46.22209084371573,15.277792317549622,0.45763133023436753,0.023836690192779116,76.45530159996045,7.696600343194125,6.61820512776621,39.6915485807839,-76.45530159996045,0,4.563620530627386,True,True
fine,33,0.0375,0.0,47.40140656885919,-47.40140656885919,7.19030871703954,30.067994986466477,10.126598670961192,48.43867791473607,15.277751193360578,0.45763133023436753,0.02388186693838241,78.64872455099668,8.225087492497495,6.152629470493687,38.60021004597196,-78.64872455099668,0,4.583681431135181,True,True
fine,33,0.04166667,0.0,49.29306770789036,-49.29306770789036,6.833551837799137,32.0600315853243,9.788830395981506,50.235397161921036,15.27771232307753,0.45763133023436753,0.023928066352848613,80.42587875237251,8.68885883160869,5.738936832830095,37.60144721096976,-80.42587875237251,0,4.6001564838066695,True,True
fine,33,0.04583333,0.0,50.856777330914746,-50.856777330914746,6.545724178861137,33.837111684685354,9.485671679139415,51.71804575000249,15.277675652191522,0.45763133023436753,0.02397524585977769,81.89189578478761,9.094682077098646,5.371884773762631,36.68322931987929,-81.89189578478761,0,4.616240477246789,True,True
fine,33,0.05,2.8,0.8811694739709732,0.8811694739709732,0.0877939363694488,1.7898933852846397,0.5355617384439955,30.43499245188247,15.276137152837844,0.46640499808421976,0.02385409997478234,29.224470228626508,5.149807742140916,0.1631975944044219,0.9954498664127589,-29.224470228626508,0,0.0896737447997207,True,True
fine,33,0.05,3.6,0.7151103348026513,0.7151103348026513,0.091914526699281,1.795323345886819,0.5073909203600889,30.43549684288813,15.273494309700158,0.4680649229233685,0.023957117725995222,29.382943187717306,5.085273938345495,0.10840024864405384,0.788529491742384,-29.382943187717306,0,0.08198587761041633,True,True
fine,33,0.05,3.73333333,0.6948770108986115,0.6948770108986115,0.09695257136862583,1.7876211534784037,0.5078826444192833,30.435559718969678,15.273166642458374,0.4682827136291954,0.023974847627365996,29.39210895397828,5.086049005381606,0.09985801080453947,0.7633339486525028,-29.39210895397828,0,0.08217757235266333,True,True
fine,33,0.05,4.0,0.6692178580810852,0.6692178580810852,0.10766767682181526,1.7691061156875687,0.5131623817640483,30.435664225739767,15.272590172936734,0.46877001424708886,0.024010784504772384,29.39171413620147,5.094443230444864,0.0842518379072755,0.7216161487805778,-29.39171413620147,0,0.08350536931154579,True,True
fine,33,0.05,4.26666667,0.6640009812555354,0.6640009812555354,0.11781904097586171,1.748221752492166,0.5261734196409741,30.43574030216786,15.27210679838371,0.4693095194964654,0.02404735509718759,29.36886242534257,5.109043256834374,0.07153919202126732,0.6911462109465001,-29.36886242534257,0,0.08582092880693792,True,True
fine,33,0.05,4.4,0.6685599482449585,0.6685599482449585,0.1223439600145489,1.7373155511892235,0.5358406241152555,30.435767896253353,15.271895834283963,0.46956285361610406,0.024065877134658215,29.35062487455831,5.117602475013081,0.0666108486296749,0.6797829325637086,-29.35062487455831,0,0.08724718276264593,True,True
fine,33,0.05,5.33333333,0.7776525327687144,0.7776525327687144,0.1391846644653142,1.6505975639962345,0.6885050311615878,30.435784525155153,15.270862023802001,0.47102979579859255,0.024199916387128546,29.181898903481834,5.171222154228791,0.06045148169601925,0.6479482904482754,-29.181898903481834,0,0.09868385466325558,True,True
fine,33,0.05,5.86666667,0.8165677789074332,0.8165677789074332,0.13752630038673747,1.6803940543971279,0.9437359495325357,30.43567688192394,15.270522300230807,0.47162737925149684,0.024279922776607857,29.14803531994148,5.184992761100596,0.06644205211734075,0.6416683556567413,-29.14803531994148,0,0.10463376987988397,True,True
fine,33,0.075,2.4,0.46923225278174197,0.46923225278174197,0.10817142442511576,1.3763765111646704,0.5462271226116551,30.414137375180246,15.279080885286323,0.4631937697165214,0.023814317900378412,29.584985507188744,5.277824279097567,0.18761133700007662,1.1651719818078419,-29.584985507188744,0,0.07089955278630783,True,True
fine,33,0.075,2.8,0.4566482139297777,0.4566482139297777,0.08481214970828124,1.3465334729993126,0.5147068176243573,30.414513571083262,15.277211273940921,0.464327438369641,0.023863389215098375,29.661357722629443,5.190163179789372,0.16334839197406784,1.0294788464144353,-29.661357722629443,0,0.06366680251659852,True,True
fine,33,0.075,3.2,0.3656439002696503,0.3656439002696503,0.06618056239962336,1.3376900015259792,0.4951250813686097,30.414926909465734,15.275701774549418,0.4653625002703894,0.023913915194456865,29.766758659684093,5.133136505764236,0.13767519720700833,0.9033541892895987,-29.766758659684093,0,0.05406503140010174,True,True
fine,33,0.075,3.6,0.28221608847719387,0.28221608847719387,0.06433487238847786,1.3299745809115069,0.48784410076770535,30.41531346064564,15.274511668548406,0.46629898485511684,0.023965886634596856,29.826824434499127,5.111162278534222,0.11154570343366735,0.7957157311197667,-29.826824434499127,0,0.049248952864648664,True,True
fine,33,0.075,3.73333333,0.2638587997761939,0.2638587997761939,0.06747559976603695,1.3271039496156214,0.4882127088106472,30.415430444774618,15.274177066972916,0.46658924515935196,0.023983530043852643,29.831803403377474,5.110648156656772,0.10310855406821393,0.7654414808580106,-29.831803403377474,0,0.04909837135376034,True,True
fine,33,0.075,4.0,0.24527138552578398,0.24527138552578398,0.0769329657851353,1.3213374520644683,0.49343017755512,30.41564276503543,15.273589387852551,0.4671369199322941,0.024019294149169864,29.819051835645418,5.117391120915784,0.08728787736678725,0.7146249884579099,-29.819051835645418,0,0.050570540757017446,True,True
fine,33,0.075,4.26666667,0.25095530073168903,0.25095530073168903,0.0879560601961957,1.3148292463125837,0.5066166799933987,30.415824333622737,15.273098139734426,0.4676408065926403,0.024055692263860423,29.77993557421578,5.131338144445215,0.07371703206221242,0.6772056970662369,-29.77993557421578,0,0.053771740798261095,True,True
fine,33,0.075,4.4,0.2620433691947929,0.2620433691947929,0.09335447423299793,1.3116201011428987,0.5164833688777599,30.41590333811113,15.272884360048309,0.4678763316832148,0.024074128177022494,29.75271557783547,5.139845182579532,0.068107836053079,0.6633306153742209,-29.75271557783547,0,0.05581022526081002,True,True
fine,33,0.075,4.8,0.31997669065861206,0.31997669065861206,0.10732011802396484,1.2993270161199524,0.5603352957744454,30.41609403899655,15.272351762863856,0.468517244663683,0.024130378989779655,29.654005686978646,5.1666430168356055,0.05721945873938487,0.6381381441309095,-29.654005686978646,0,0.06281239465976529,True,True
fine,33,0.075,5.33333333,0.41720978506788126,0.41720978506788126,0.11866734764703672,1.3015847488944772,0.6744357358718219,30.416247169877458,15.271845777730011,0.46921861439123663,0.024207566848217194,29.530217558761553,5.195161016364907,0.05572796635653132,0.6295598362367455,-29.530217558761553,0,0.07239405750188535,True,True
fine,33,0.075,5.86666667,0.45492891501210664,0.45492891501210664,0.12315174289899666,1.3949713990786203,0.9416194043306442,30.41629938721224,15.27150995597272,0.4701569185919659,0.024287231985768484,29.50113081301142,5.210641316934455,0.05958027405504042,0.6289434933601886,-29.50113081301142,0,0.0805450811136019,True,True
fine,33,0.075,6.4,0.21799656038097534,0.21799656038097534,0.1496965159465267,1.729703613280035,1.9070939990894282,30.4162678598535,15.271292757724508,0.47144639574945174,0.024369350095987143,29.773919434004714,5.230889343592694,0.05563821730593789,0.6307576869566958,-29.773919434004714,0,0.0938998204348021,True,True
fine,33,0.1,2.8,0.16748991381060777,0.16748991381060777,0.09501278109677297,1.1783453428469302,0.5007512185127954,30.394567446795726,15.278257164368373,0.4628600438000012,0.02387272506495945,29.96303875929652,5.225598063040959,0.16639573834942395,1.0753654855174233,-29.96303875929652,0,0.05012944494127151,True,True
fine,33,0.1,3.6,0.08018870121706403,-0.06599139423471549,0.054152361788315805,1.0674122261422672,0.4761982345645759,30.39568738565954,15.275500781207766,0.4647247284419783,0.023974702346528622,30.18680073872085,5.132255195240177,0.11634061954190016,0.8163440270963083,-30.18680073872085,0,0.03422364429710098,True,True
fine,33,0.1,3.73333333,0.09146814873141504,-0.08794392799452785,0.05266415431070506,1.0601306755500388,0.4762188120221883,30.39586432597064,15.275158916981828,0.46499717937041546,0.023992259292212926,30.19258751456909,5.13044836436236,0.10799694974600027,0.7807441220596039,-30.19258751456909,0,0.034355221448114794,True,True
fine,33,0.1,4.0,0.10830674444002737,-0.10830674444002737,0.056184876598059194,1.0465355566520074,0.4807521205315033,30.396196542673287,15.274559258914355,0.46550923607227274,0.02402785067982699,30.175190822622422,5.135612190381922,0.09208472449679017,0.7198832327884943,-30.175190822622422,0,0.03603811281635321,True,True
fine,33,0.1,4.26666667,0.09819218653468963,-0.09819218653468963,0.06538954060458563,1.0323494749565225,0.49348922860077093,30.396495708413934,15.274059305585924,0.46597750548355493,0.024064076367023807,30.125081716335234,5.149083930396947,0.07796838482534396,0.674169873528993,-30.125081716335234,0,0.03792345625612594,True,True
fine,33,0.1,4.4,0.08307474558389358,-0.08307474558389358,0.0708788831948938,1.0241896209609602,0.5032852918512297,30.396632048009646,15.273842296001582,0.46619522222614457,0.024082426179363056,30.090813990977413,5.157659839931047,0.07188757390172225,0.6570552157503303,-30.090813990977413,0,0.038631987465848186,True,True
fine,33,0.1,5.33333333,0.10907781241835235,0.10907781241835235,0.10317915797220678,1.0378800155343924,0.6660119269491535,30.397339592283572,15.27279651675168,0.46831122542641507,0.02421526440616426,29.821529357005673,5.215690418214701,0.05393466331166123,0.6176600999626259,-29.821529357005673,0,0.050780228069389144,True,True
fine,33,0.1,5.86666667,0.1425393812212225,0.1425393812212225,0.11465905736296475,1.156042075106452,0.9466657516018824,30.397567844327877,15.272463675498305,0.4696008859973086,0.024294588348190562,29.80052811446605,5.233279314643683,0.05535001153432979,0.6222484241267645,-29.80052811446605,0,0.06089381199504043,True,True
fine,33,0.125,2.4,0.13407627189788798,0.13407627189788798,0.11621640605410581,1.5006505391962388,0.520423596430139,30.374606892768387,15.28119257265047,0.46065908986668846,0.023852428214090622,29.90998818614461,5.357190849693049,0.19838033308436265,1.2751371647610141,-29.90998818614461,0,0.05676698980482969,True,True
fine,33,0.125,2.8,0.061923959275060315,0.00542542395783036,0.108537453234319,1.1981096751971498,0.4922089567699963,30.375143949103496,15.279275197448206,0.46162701735418754,0.02388210746979009,30.140102527124515,5.256703977429135,0.1728434974662135,1.1334579735622519,-30.140102527124515,0,0.04825743857822399,True,True
fine,33,0.125,3.2,0.1886734335637283,-0.1886734335637283,0.08544163921298284,1.0552686947039702,0.47694434252204837,30.375858327529762,15.277705581792675,0.4625948565127493,0.023932112853492206,30.357940662421576,5.183192964659193,0.14798147275450607,0.9866310788819321,-30.357940662421576,0,0.04738119548177646,True,True
fine,33,0.125,3.6,0.3377329370742859,-0.3377329370742859,0.06026009916188939,0.9931854782022965,0.47055142578989945,30.376606396119772,15.276462137887012,0.46356260735420357,0.023983564810153048,30.47316185134949,5.148988001370976,0.12259794044522335,0.8484851187713136,-30.47316185134949,0,0.0479169660832891,True,True
fine,33,0.125,3.73333333,0.36862341627566136,-0.36862341627566136,0.05388475318630204,0.980993009491878,0.4704266266391225,30.37684879742776,15.2761127125742,0.4638851713360421,0.024001035321539032,30.484452761341203,5.1458452231736045,0.1142248743521248,0.8073093848964362,-30.484452761341203,0,0.0477640104417308,True,True
fine,33,0.125,4.0,0.39918646507408484,-0.39918646507408484,0.04757034011001726,0.9617931630545193,0.4742346303247674,30.377312350614808,15.275500362929748,0.46453026989028584,0.024036454046662138,30.469324787783158,5.149428458320924,0.09811466811186752,0.7355733928659713,-30.469324787783158,0,0.04761578317471464,True,True
fine,33,0.125,4.26666667,0.3904920766903085,-0.3904920766903085,0.05069813468575564,0.9451280228172239,0.4861502393835832,30.377740635922788,15.27499092202928,0.4651753292030148,0.02407250735752375,30.4124956993499,5.162542090153961,0.0835367854010002,0.6803747799125749,-30.4124956993499,0,0.04801883572524139,True,True
fine,33,0.125,4.4,0.3734748862824093,-0.3734748862824093,0.0548498520931154,0.9367918743246764,0.4956659409279053,30.377939965078284,15.274770289596388,0.4654978441327223,0.024090771093236117,30.37256709562735,5.171282931407423,0.07709594567987103,0.6593538311530291,-30.37256709562735,0,0.048291922971933465,True,True
fine,33,0.125,4.8,0.28688410043808915,-0.28688410043808915,0.07113392842758752,0.954316917306558,0.5402816793474748,30.378475661807027,15.274224793390982,0.46646533009300056,0.0241465063108956,30.229526314279937,5.200312209083626,0.06236606852312805,0.6207979220833554,-30.229526314279937,0,0.04890846012183761,True,True
fine,33,0.125,5.33333333,0.15014479090792285,-0.15014479090792285,0.09126639143399745,0.9983750088306229,0.6624799381242067,30.379046118731544,15.273714988182771,0.4677551740579676,0.02422300901611026,30.059448464173993,5.232918521903618,0.05445963685919908,0.6106815916629633,-30.059448464173993,0,0.04946846473441551,True,True
fine,33,0.125,5.86666667,0.12139994357238701,-0.12139994357238701,0.10971573564961949,1.1682186255650868,0.9575479040639069,30.379465783407934,15.273384243124145,0.46904486114965216,0.02430199182111108,30.047165071189934,5.252873432873927,0.05335575950899067,0.6196617142357079,-30.047165071189934,0,0.058880293886810195,True,True
fine,33,0.125,6.4,0.5813153730124079,-0.5813153730124079,0.18346534663418873,2.0397093702366234,2.006685558507184,30.37975578541336,15.273175796486912,0.4703343913475114,0.02438343061396315,30.557473858306956,5.2881678135406744,0.04856981782986451,0.6605295006382017,-30.557473858306956,0,0.12471866310864244,True,True
fine,33,0.15,2.4,0.20050045933978944,0.20050045933978944,0.12046244197413451,1.8182466151513466,0.5221069281037604,30.35562178856805,15.28220408941309,0.46010290036467677,0.023883991652326856,29.836304199348014,5.38897618870743,0.2125803029380223,1.359275250099967,-29.836304199348014,0,0.06382384754272812,True,True
fine,33,0.15,2.8,0.07310977148010303,-0.038712898413633866,0.12187989945051456,1.3402894148800362,0.48927231045746566,30.356233030558972,15.280265753831603,0.46107084774740265,0.023891536374627872,30.204384266097545,5.284157502218612,0.18323684535351265,1.206050864471922,-30.204384266097545,0,0.05328918748967765,True,True
fine,33,0.15,3.2,0.32857214192789547,-0.32857214192789547,0.10235914385040716,1.1251747023036347,0.47405961574350536,30.357109100478226,15.278666961605012,0.46203870680058706,0.023941281616656433,30.524769060585534,5.2026062385763625,0.1567039672325067,1.0462592512471605,-30.524769060585534,0,0.05914092106419851,True,True
fine,33,0.15,3.6,0.5422267622591853,-0.5422267622591853,0.07438516405921217,1.0242558212407862,0.46857519014252114,30.358058489936454,15.277396225587536,0.4630064775357902,0.023992473973636075,30.69744051647045,5.1618896159857295,0.13044543374333795,0.891553361541086,-30.69744051647045,0,0.061899551660038805,True,True
fine,33,0.15,3.73333333,0.5872828014868716,-0.5872828014868716,0.06527570587992053,1.0039854902100471,0.46857204859133567,30.358371528194777,15.27703896897203,0.4633290481486489,0.0240098580804231,30.718634211650407,5.157327908379008,0.12183314726530865,0.8444011371813268,-30.718634211650407,0,0.06170601831880835,True,True
fine,33,0.15,4.0,0.6360695265956553,-0.6360695265956553,0.05064774075203439,0.9741462968476362,0.4721134989466916,30.358977238320872,15.276413269208106,0.46397415996499375,0.024045104199398974,30.711881560940764,5.1592547266321525,0.10523525665475722,0.7608232914994226,-30.711881560940764,0,0.06029757018346107,True,True
fine,33,0.15,4.26666667,0.6340362528465653,-0.6340362528465653,0.04479181793712795,0.9718404232782678,0.48324857978403807,30.359545600953595,15.275893605930813,0.4646192325392828,0.024080985186215806,30.651582233039075,5.172065942340419,0.09008132591743967,0.6949296819339598,-30.651582233039075,0,0.058894655944518,True,True
fine,33,0.15,4.4,0.6168792505825981,-0.6168792505825981,0.04575930016427453,0.9781998141862168,0.4923993449375317,30.359813311513854,15.275668978483045,0.4649417540997443,0.024099162869861523,30.606815906213008,5.181042524563825,0.0832907173943983,0.669338180418902,-30.606815906213008,0,0.05848119361876883,True,True
fine,33,0.15,4.8,0.5206513944278016,-0.5206513944278016,0.058794504750198116,0.9981589718218509,0.5367684322590953,30.360544948644417,15.275115417037716,0.4659092599516068,0.024154640390825755,30.443128720648982,5.21169660945448,0.0671513838001416,0.6212053472905943,-30.443128720648982,0,0.05781991335809385,True,True
fine,33,0.15,5.33333333,0.3649141127481316,-0.3649141127481316,0.08172124274763819,1.070898332273766,0.6626151824952822,30.361351404641233,15.274601928035281,0.46719913043762656,0.02423080063297825,30.248771626389193,5.247054408214247,0.056684754624405906,0.6076367244828151,-30.248771626389193,0,0.058427214558873355,True,True
fine,33,0.15,5.86666667,0.3389429731972543,-0.3389429731972543,0.10651668775251757,1.2851780962562789,0.972427881439533,30.361977090926143,15.274272431140815,0.46848884404906976,0.02430944236142381,30.24347679213936,5.269517468220566,0.05315595789254979,0.6199656539501622,-30.24347679213936,0,0.07017548253476065,True,True
fine,33,0.15,6.4,0.9112668749185524,-0.9112668749185524,0.19883004754203967,2.333044964661304,2.0606961665214887,30.36244539512334,15.274067459554946,0.4697784007655738,0.024390541562093637,30.872182216957818,5.31157969907039,0.04806008727667743,0.6792619839648842,-30.872182216957818,0,0.14838440299252828,True,True
fine,33,0.175,2.4,0.4087619748869849,0.4087619748869849,0.12739778367145388,2.24023570058064,0.5347469148575855,30.337143894275112,15.283186673809759,0.4595467186177352,0.02391606867314422,29.62280066931895,5.41642905693246,0.23267628541057914,1.4695987607128655,-29.62280066931895,0,0.07969387018760016,True,True
fine,33,0.175,2.8,0.08299379386267873,0.02481043267048353,0.13520960285381398,1.5994957403053616,0.49294994410212717,30.337824731455807,15.281229220564974,0.46051468589463046,0.023901011724479723,30.16904806259147,5.308680137817175,0.19796814827030845,1.2963718224703569,-30.16904806259147,0,0.05933595922452635,True,True
fine,33,0.175,3.2,0.39027769391019745,-0.39027769391019745,0.11941677516351926,1.2624971581191715,0.47501029922784765,30.338868777987706,15.279601874329368,0.4614825648414999,0.02395049693084818,30.62280199712429,5.219173743981074,0.16836974538387628,1.1195721004086223,-30.62280199712429,0,0.06765049433391625,True,True
fine,33,0.175,3.6,0.6895791207989705,-0.6895791207989705,0.09087283057296801,1.1132195119932125,0.46928128985385065,30.340031881167647,15.278303527967832,0.4624503554697004,0.02400142978505734,30.872171784447563,5.17154228881388,0.14019411698015555,0.9460454114478057,-30.872171784447563,0,0.0741419878820531,True,True
fine,33,0.175,3.73333333,0.7538977095877131,-0.7538977095877131,0.08044335255005144,1.0830921260921325,0.4693283626319952,30.340420417379136,15.277938196484925,0.46277293271319986,0.024018727517363267,30.907343349210045,5.165439245625802,0.13107325692958027,0.8922862574478916,-30.907343349210045,0,0.07450025542962699,True,True
fine,33,0.175,4.0,0.8285059142352159,-0.8285059142352159,0.060847150538457684,1.0649591310636135,0.47280671867344265,30.341178507942256,15.277298539631069,0.46341805779097417,0.024053801087583534,30.91421622247284,5.1655594400526255,0.11356352444824136,0.7955966826180502,-30.91421622247284,0,0.07323734275022956,True,True
fine,33,0.175,4.26666667,0.8377419089708151,-0.8377419089708151,0.04687498548757588,1.0678262626590924,0.48338185752336205,30.341897358543125,15.276767965043597,0.4640631436263826,0.02408950980362993,30.85262113836356,5.178062260319758,0.09756553796648411,0.717637056289375,-30.85262113836356,0,0.07040279037402132,True,True
fine,33,0.175,4.4,0.8218229576084488,-0.8218229576084488,0.04363001097085039,1.0716066804399103,0.4921702658935493,30.342238587248776,15.276538990623806,0.46438567181721996,0.024107601460277978,30.80324963450422,5.187320187969164,0.0903520632462344,0.6867564789549936,-30.80324963450422,0,0.06897070410218575,True,True
fine,33,0.175,4.8,0.7173257254730807,-0.7173257254730807,0.049606984902589114,1.087819331849416,0.5360682511256696,30.343180852078053,15.27597635354912,0.4653531975596965,0.024162821353885686,30.617501928076603,5.219863131551754,0.07282025066335462,0.6269738494851339,-30.617501928076603,0,0.06609247874715869,True,True
fine,33,0.175,5.33333333,0.5404572782945485,-0.5404572782945485,0.07362875338552896,1.1776528182723414,0.6651452217509224,30.344240427869302,15.275458061055117,0.4666430945656156,0.02423863921130401,30.3950856258524,5.258369771713676,0.06011046318016461,0.6079749485616879,-30.3950856258524,0,0.06611221172303478,True,True
fine,33,0.175,5.86666667,0.5131030186604182,-0.5131030186604182,0.1038890343001841,1.4318519821655524,0.9894315705545583,30.34508600196315,15.275128999858126,0.4679328346954827,0.024316939925900567,30.392994550155237,5.283390354012993,0.0543125842803178,0.622428119267799,-30.392994550155237,0,0.07972669188484782,True,True
fine,33,0.175,6.4,1.1915980846533107,-1.1915980846533107,0.2114022615753338,2.639364944875059,2.114707509740348,30.345743360311747,15.274926946731748,0.46922241792916025,0.024397699581420004,31.133880586875016,5.331250278612242,0.04856586263033633,0.6985560456099158,-31.133880586875016,0,0.16897922177726088,True,True
fine,33,0.2,2.8,0.184582161220984,0.184582161220984,0.1502075271917837,1.937415724932017,0.5039173649974826,30.319909184630085,15.282165990224843,0.4599585317960445,0.02392419192255942,30.04849277624779,5.331009144041731,0.21717404682537889,1.4076795430444775,-30.04849277624779,0,0.07116006477260314,True,True
fine,33,0.2,3.6,0.7906148379363159,-0.7906148379363159,0.10812082603729327,1.272523230459114,0.47280255740312926,30.322514996556087,15.279184525212061,0.4618942411557406,0.02401043219208475,31.010593735286932,5.178551182145307,0.15222182595580697,1.0132204489349559,-31.010593735286932,0,0.08489084064367633,True,True
fine,33,0.2,3.73333333,0.8791283853362037,-0.8791283853362037,0.09687529221683717,1.2442210928424786,0.47255773663144646,30.322983590144663,15.278810900463776,0.4622168250298335,0.024027643580709444,31.06345584423162,5.170745446722552,0.14229433236774827,0.9519807275848604,-31.06345584423162,0,0.08626528307234482,True,True
fine,33,0.2,4.0,0.986679205446894,-0.986679205446894,0.07419556560178658,1.207545173811857,0.47564754769622397,30.32390370963454,15.278156728715391,0.4628619633683385,0.024062544660511567,31.088282126137504,5.16883489371495,0.12336485156949525,0.8405381073662805,-31.088282126137504,0,0.08571774687442976,True,True
fine,33,0.2,4.26666667,1.0111196762851529,-1.0111196762851529,0.05438997714074496,1.1968644084489228,0.48568982727423676,30.324782928885593,15.277614598114535,0.4635070624640228,0.02409808116005306,31.026428885363558,5.180962006691217,0.10614459931326273,0.7488935681460591,-31.026428885363558,0,0.0820634564586463,True,True
fine,33,0.2,4.4,0.997415925851112,-0.997415925851112,0.04719255689530123,1.193647139939524,0.49412380607280343,30.32520256472609,15.277380944402719,0.46382959728502804,0.024116086815400152,30.972063928693416,5.190521952205227,0.098371732308102,0.7119094833354224,-30.972063928693416,0,0.07968991341575934,True,True
fine,33,0.2,5.33333333,0.6825139237968039,-0.6825139237968039,0.06635658971891731,1.3114289011756362,0.6691157211593641,30.327698482235512,15.276284100765675,0.4660870664417567,0.02424652470561997,30.50441824154573,5.2671696059330895,0.06440432956121618,0.6114752510162422,-30.50441824154573,0,0.07257668121366984,True,True
fine,33,0.2,5.86666667,0.6476034093612818,-0.6476034093612818,0.10118570802933233,1.6030802471582664,1.0074338631692543,30.32877709268377,15.27595469765543,0.4673768330890093,0.024324484471015387,30.500010536752157,5.294723870519871,0.05644031351852298,0.6266229857011355,-30.500010536752157,0,0.08749693716853393,True,True
fine,33,0.25,3.2,0.25199530147971777,-0.2206056495959535,0.17766623654062996,2.0209521553158867,0.507129815373336,30.287095513389158,15.282251952827677,0.45981418548274067,0.025601708601358925,30.646036368022315,5.258823078658764,0.22408219901831225,1.443890398682013,-30.646036368022315,0,0.08214402706183027,True,True
fine,33,0.25,3.73333333,1.050108596596066,-1.050108596596066,0.13293231121926669,1.6337016515296778,0.48823664350403906,30.289606394119776,15.280478734153707,0.46110463291830517,0.025008222001545736,31.33065298551972,5.1751920884451375,0.17205618042998064,1.1129836786119098,-31.33065298551972,0,0.10733041099710647,True,True
fine,33,0.25,4.26666667,1.3064438508878524,-1.3064438508878524,0.07776261920957003,1.5142947960277071,0.49624449188728176,30.29210488470669,15.279227036690385,0.4623949233911659,0.024574961418737145,31.336310440972017,5.179188455762356,0.12766337290976543,0.840919337563825,-31.336310440972017,0,0.10549054077589318,True,True
fine,33,0.25,4.8,1.1632654222439947,-1.1632654222439947,0.03923214261152784,1.5033109264324396,0.54432728758644,30.29435059853469,15.27838765971435,0.4636850568805174,0.02427115248714842,30.988304464363328,5.228578852651237,0.09471922462302365,0.6788816936665866,-30.988304464363328,0,0.08939313454395398,True,True
fine,33,0.25,5.33333333,0.8902825804052815,-0.8902825804052815,0.05286192148115813,1.5874439289755937,0.6794915865766127,30.296264401655396,15.277848698540858,0.46497503343844143,0.024262436258872408,30.63662414056175,5.278480990650833,0.07501668994393751,0.6283563297463493,-30.63662414056175,0,0.08206111250091577,True,True
fine,33,0.25,5.86666667,0.8148029020320979,-0.8148029020320979,0.09462847096655672,1.962521107189454,1.0446702780387587,30.297845779541703,15.27751641468907,0.46626485311654836,0.024339714328187503,30.605838682321526,5.3108219178189096,0.0624461524399287,0.6392889878905045,-30.605838682321526,0,0.09782138118810321,True,True
fine,33,0.25,6.4,1.7361814738642072,-1.7361814738642072,0.23377297372649103,3.4911111234321295,2.2769997168579352,30.299128223827374,15.2773200877327,0.46755451589450214,0.024419455651381105,31.621995257106512,5.3685194458072925,0.05248727572045518,0.7579412741398917,-31.621995257106512,0,0.21155078754653772,True,True
fine,33,0.3,3.2,0.2902777160223645,0.06590530004841832,0.23397738801281792,2.668818983056057,0.5529867443247352,30.25493348734063,15.283893944599358,0.45870197134194696,0.02790586667163548,30.580852493122634,5.283581716352749,0.27905091894106,1.7658351650614459,-30.580852493122634,0,0.10428412211287376,True,True
fine,33,0.3,3.73333333,1.1900069609565895,-1.1900069609565895,0.17716248058158932,2.0903048304038,0.51851970556925,30.258149317253935,15.282046411939664,0.4599924718137153,0.02735113679748391,31.623448363340465,5.174923624237628,0.2131850145662158,1.340654035465425,-31.623448363340465,0,0.12968271932190634,True,True
fine,33,0.3,4.26666667,1.5987784906591083,-1.5987784906591083,0.10854230023630644,1.853078526110194,0.5164781057866813,30.26141274707423,15.280735535246428,0.4612828153204287,0.026937844568487634,31.66630053580581,5.169958302220373,0.15691947022271424,0.9814315238277592,-31.66630053580581,0,0.1309560053780268,True,True
fine,33,0.3,4.8,1.4199678025663292,-1.4199678025663292,0.04660908652966469,1.7741710023786539,0.5580641284129102,30.26438271273935,15.279858714682712,0.4625730018408751,0.026643717943419472,31.188599076511846,5.224581835750956,0.1149460477936256,0.7508028965848822,-31.188599076511846,0,0.10655411502259576,True,True
fine,33,0.3,5.33333333,1.0358862883654383,-1.0358862883654383,0.03997914123187078,1.8309847505268924,0.6927104995665374,30.266937595826427,15.279301207090635,0.46386303142734886,0.02644130507480212,30.691549415638956,5.283377451733597,0.08841644574148497,0.661316274071474,-30.691549415638956,0,0.0883661049931555,True,True
fine,33,0.3,5.86666667,0.8770109425447232,-0.8770109425447232,0.08664436709656173,2.258623011630214,1.0836860137931794,30.269066309228833,15.278963332876462,0.4651529041315547,0.026305295171969497,30.600685384264864,5.319923456666372,0.06953061880114829,0.6567039858946393,-30.600685384264864,0,0.10204078513870649,True,True
fine,33,0.3,6.4,1.87447147426388,-1.87447147426388,0.24110389891925826,3.9641551394544976,2.3800974224203086,30.2708075858064,15.27876859160157,0.46644261993281205,0.026215208685587757,31.74329293390003,5.376602578139639,0.05615006259816861,0.8027831335188992,-31.74329293390003,0,0.22592465536363115,True,True
fine,33,0.35,3.2,0.5104474331882596,0.37834739378832627,0.31118657551162293,3.38485616265938,0.6138646439010159,30.22456112395816,15.285440033910843,0.45763133023436753,0.030089914942398353,30.576831346040038,5.312539852319714,0.3469314061410147,2.18042533220325,-30.576831346040038,0,0.14155661826374516,True,True
fine,33,0.35,3.73333333,1.3836089999859797,-1.3836089999859797,0.2346971693620684,2.6008429350166855,0.5630797584851212,30.228525114759034,15.28351779350757,0.4588803417155247,0.029568348968829962,32.03463293805651,5.173588776939459,0.26646076134105984,1.6460186046078804,-32.03463293805651,0,0.15872908311340483,True,True
fine,33,0.35,4.26666667,1.9615673129155908,-1.9615673129155908,0.14819933545980873,2.242193738008311,0.5481753075150179,30.23261173021034,15.282144569318278,0.4601707382510976,0.029169000744965742,32.091463632881315,5.155925253277113,0.1957186190756133,1.1821341482067749,-32.091463632881315,0,0.1627702601953601,True,True
fine,33,0.35,4.8,1.7127820724823752,-1.7127820724823752,0.06667037388346625,2.047253584374351,0.5806605328717572,30.23636448969297,15.281226399843398,0.46146097779776335,0.02887858997290228,31.41495323154037,5.215316323217939,0.1417841248480976,0.8649084890334796,-31.41495323154037,0,0.12885506083522513,True,True
fine,33,0.35,5.33333333,1.1623422093615,-1.1623422093615,0.028688073020337667,2.0296485364890775,0.7096035239243632,30.23961116271068,15.28064693622239,0.46275106040788594,0.02867464209486157,30.706568045622248,5.283841602813104,0.10558293395568782,0.7168815107805857,-30.706568045622248,0,0.09379769534952856,True,True
fine,33,0.35,5.86666667,0.8709950979786516,-0.8709950979786516,0.07813669811765127,2.496613090080774,1.1238145403882698,30.242326848161643,15.280301015961994,0.4640409861331418,0.028534392231176587,30.52231993509961,5.323925269492384,0.07688590377004109,0.6779313219866723,-30.52231993509961,0,0.1022520211984347,True,True
fine,33,0.35,6.4,1.8744789028983824,-1.8744789028983824,0.24851312755632243,4.437767422171298,2.485439593329852,30.244555317002593,15.32891493255054,0.4653307549529259,0.028438589189893455,31.761403074259512,5.372164155279603,0.0625108682996638,0.859692117799384,-31.761403074259512,0,0.23344538027970585,True,True
fine,33,0.4,3.73333333,1.7037628346549294,-1.7037628346549294,0.30898009598862697,3.172114730826976,0.6199529869999297,30.20064980862631,15.284896655001948,0.4577682426233258,0.031663944276931776,32.63943615171635,5.174046411841917,0.33172642268172525,2.035647319910898,-32.63943615171635,0,0.19899740592143406,True,True
fine,33,0.4,4.26666667,2.4575464346646294,-2.4575464346646294,0.19954189338149814,2.701234339035003,0.5912796428975217,30.205610839572056,15.283458479097767,0.45905869218263984,0.03127318878845348,32.671516977237495,5.139017466296307,0.2450533452983356,1.4526847895793,-32.671516977237495,0,0.20493451331071993,True,True
fine,33,0.4,5.33333333,1.3040614022806611,-1.3040614022806611,0.02432503432506484,2.2360598017573183,0.7329295352860605,30.21418268250353,15.281891022026409,0.46163912037967814,0.0307706250601475,30.706220028112128,5.281290971207893,0.12791762071591933,0.8044980843266509,-30.706220028112128,0,0.1018941331754021,True,True
fine,33,0.4,5.86666667,0.8306408703157635,-0.8306408703157635,0.0699144373836298,2.6927044947232135,1.165173749775453,30.217520363611513,15.281534843171436,0.4629290991210155,0.03062171877027807,30.40300558776151,5.324303462273564,0.08427156866520255,0.7023188914437901,-30.40300558776151,0,0.10048864374542589,True,True
fine,44,0.0,3.46666667,2.4851659256488574,2.4851659256488574,0.20185494472216395,3.951337190660907,0.4589365906916565,30.215022339850073,15.211922934641024,0.2160050798389662,0.039149056355302,27.5905475106995,4.832278996298676,0.1027192833668156,0.9215978616992448,-27.5905475106995,0,0.21514880628534855,True,True
fine,44,0.0,3.73333333,2.3992969677586116,2.3992969677586116,0.20670749313139586,3.8298439566404427,0.4669445635900026,30.215129792985376,15.212427118093458,0.2161024807970452,0.039149056355302,27.647139433058324,4.837226125525309,0.09834477873689425,0.9139078230076813,-27.647139433058324,0,0.21118690110667215,True,True
fine,44,0.0,4.0,2.3466249780968527,2.3466249780968527,0.20809045096630419,3.7206181366079063,0.4789923813199093,30.215237063475247,15.212945415395584,0.21629115706652913,0.039149056355302,27.67731009390994,4.841369650420287,0.09582909573622563,0.906592560591443,-27.67731009390994,0,0.20818568568220205,True,True
fine,44,0.0,4.26666667,2.3172382081806493,2.3172382081806493,0.2075961403465881,3.622471286006861,0.49547421390309887,30.215339773724182,15.213464726503394,0.2163965372281166,0.039149056355302,27.69212035512279,4.84562937672339,0.09375489656995648,0.8983451874184734,-27.69212035512279,0,0.20604419009970887,True,True
fine,44,0.0,4.53333333,2.302122857374262,2.302122857374262,0.20632109148148872,3.533818728306765,0.5244547994912088,30.215434871743586,15.213975674440459,0.21669264991137124,0.039149056355302,27.69891159835263,4.850608817989264,0.09166818652991172,0.8895681849271628,-27.69891159835263,0,0.20470442800914504,True,True
fine,44,0.0,5.06666667,2.292242074428702,2.292242074428702,0.20329472762960696,3.4085765870978655,0.614175984348024,30.21559482568373,15.214948498583036,0.21720540388959836,0.039149056355302,27.70078429718715,4.862840949265353,0.0878792376107638,0.8732536694912383,-27.70078429718715,0,0.20387614582112337,True,True
fine,44,0.0,5.33333333,2.292553520929302,2.292553520929302,0.20163462422230255,3.3814867233242984,0.6880904225760577,30.215657690492684,15.215403231308489,0.21764788152753475,0.039149056355302,27.69747474162583,4.869657276281004,0.08653729432559135,0.8663057137954479,-27.69747474162583,0,0.20445869568817554,True,True
fine,44,0.0,5.6,2.2956018547590635,2.2956018547590635,0.1997170897409452,3.355273756304743,0.797077986569791,30.215708617368097,15.215834361786163,0.2178320749565644,0.039149056355302,27.691605363620674,4.8769396065576345,0.08562903609438433,0.8600829597897336,-27.691605363620674,0,0.20569412991641184,True,True
fine,44,0.0,5.86666667,2.3016504636348394,2.3016504636348394,0.19742588190010052,3.3253426190370234,0.9704944715714567,30.21574761666602,15.21624120983492,0.22002218347959543,0.039149056355302,27.683324233722765,4.885407613684874,0.08507826749008926,0.8545697778222993,-27.683324233722765,0,0.20800793495219747,True,True
fine,44,0.0,6.13333333,2.311630301926015,2.311630301926015,0.19466763530446968,3.3272783012704386,1.2845741701379247,30.215774913569007,15.216623731819965,0.2227621489304775,0.039149056355302,27.672041475863345,4.8972028617692365,0.08480095086030603,0.8502870447816774,-27.672041475863345,0,0.21296551712153333,True,True
fine,44,0.00416667,0.0,14.516399565785798,14.516399565785798,13.699302840225048,21.73553265794945,14.367156569117224,30.163457450651553,15.168809918958246,0.16327230231541773,0.039149056355302,16.55745637754737,1.2913277605107365,11.875966733614982,51.28550149342002,-16.55745637754737,0,4.566532587441491,True,True
fine,44,0.00833333,0.0,0.869188594224893,0.3651840451668055,12.400861965318374,13.792031165860603,13.632193925879374,30.167148541632574,15.169440428364094,0.16678767559031596,0.039149056355302,31.438933948900203,2.411063094261395,10.855618016228657,48.731058629935504,-31.438933948900203,0,3.481356780852411,True,True
fine,44,0.0125,0.0,11.13827890973503,-11.13827890973503,11.255808977127106,11.720311799446621,12.958005034374972,30.170745806094732,15.170057020092845,0.1702183393551531,0.039149056355302,43.23525866430997,3.3998611186205654,9.941359729398807,46.438621853047025,-43.23525866430997,0,3.6802675631687367,True,True
fine,44,0.01666667,0.0,19.999447478055966,-19.999447478055966,10.24924259530451,13.326170857470345,12.339889891881825,30.174251308562983,15.17065999238456,0.173566054527302,0.039149056355302,52.105699648910935,4.272790039633222,9.12245098354773,44.37788510687339,-52.105699648910935,0,3.874966634317026,True,True
fine,44,0.02083333,0.0,26.731983248055826,-26.731983248055826,9.367992657791103,15.854415933388768,11.773623742877538,30.1776670709597,15.171249637570646,0.1768325478496242,0.039149056355302,58.71891171183299,5.043068815848098,8.389298318637385,42.521800517001864,-58.71891171183299,0,4.003096932551642,True,True
fine,44,0.02916667,0.0,35.891268930540846,-35.891268930540846,7.935388278135592,21.034143763595957,10.781628455961126,37.271041679772985,15.172390099094466,0.18312867519511491,0.039149056355302,67.55336222122327,6.320634089916968,7.146737539440238,39.32992223821598,-67.55336222122327,0,4.129865447031448,True,True
fine,44,0.03333333,0.0,39.0629455084665,-39.0629455084665,7.363476210711083,23.359710376453442,10.349141739643349,40.3172559844472,15.172941470975342,0.18616159426694406,0.039149056355302,70.5727394982477,6.847064306575147,6.622643072386374,37.953808933918424,-70.5727394982477,0,4.157784204434995,True,True
fine,44,0.0375,0.0,41.61785763881305,-41.61785763881305,6.8752853506817315,25.468293495871087,9.954863144220038,42.75940118982267,15.173480635270998,0.1891199082364623,0.039149056355302,72.99106215293268,7.309495780446464,6.154720916545996,36.701201916439246,-72.99106215293268,0,4.1746111612306,True,True
fine,44,0.04166667,0.0,43.70877406016325,-43.70877406016325,6.462033900058266,27.376569994214492,9.595906555962813,44.75032229884371,15.174007855850192,0.19200517930391633,0.039149056355302,74.96102679574088,7.714923911347683,5.737267484478766,35.55737432999992,-74.96102679574088,0,4.185881120065412,True,True
fine,44,0.04583333,0.0,45.44404928471889,-45.44404928471889,6.115313557142137,29.09742791398305,9.26951392378557,46.39716910756682,15.174523391312883,0.1948189392829763,0.039149056355302,76.58943551127702,8.069546287471525,5.365102235122887,34.509388117103114,-76.58943551127702,0,4.194972065284827,True,True
fine,44,0.05,2.8,1.119841680721248,1.119841680721248,0.06691260347368869,2.5297916780873533,0.3962211170622779,30.19287942363572,15.209906322590152,0.21138733618843905,0.039149056355302,29.013656002753738,4.898454186079385,0.12036323766138231,0.8647381476968622,-29.013656002753738,0,0.10027603348106673,True,True
fine,44,0.05,3.6,1.0319841328691155,1.0319841328691155,0.1187193643106339,2.507042466442487,0.40237281275762526,30.194591787329724,15.21097932566417,0.21323553147802116,0.039149056355302,29.036478052726224,4.904459597923662,0.08173602551434986,0.7862881456787446,-29.036478052726224,0,0.10874578743750793,True,True
fine,44,0.05,3.73333333,1.0368943280549452,1.0368943280549452,0.12294803541184499,2.4986981654977067,0.40826638879987254,30.194862024339308,15.21120113419299,0.21351747807811508,0.039149056355302,29.018101583568228,4.9060390725645195,0.07937391268674923,0.7850444836799895,-29.018101583568228,0,0.1100752293930239,True,True
fine,44,0.05,4.0,1.0629559477100812,1.0629559477100812,0.12873603576699652,2.4819447792639178,0.42281581174743854,30.19537811887273,15.211659437724286,0.21390510494857276,0.039149056355302,28.96962890201166,4.908467988253733,0.07648166999963028,0.7838903251186524,-28.96962890201166,0,0.11292343458169822,True,True
fine,44,0.05,4.26666667,1.1047048390609735,1.1047048390609735,0.13201102332664855,2.4661585903352887,0.4423015317979174,30.195858305666942,15.212126175316945,0.21439164619697684,0.039149056355302,28.91279637746224,4.910513735738726,0.07483189372116503,0.7821694286249987,-28.91279637746224,0,0.11601646858322248,True,True
fine,44,0.05,4.4,1.129155745865388,1.129155745865388,0.13305254500870073,2.458793939140569,0.4571871990340699,30.196084261414867,15.212359363610059,0.2148909988952332,0.039149056355302,28.883387816320706,4.911638285173109,0.07417812206784899,0.7808306783311071,-28.883387816320706,0,0.1176812521074668,True,True
fine,44,0.05,5.33333333,1.3134967552425239,1.3134967552425239,0.13624161922507408,2.5593606342216213,0.6517481585354348,30.197403682151663,15.213910246205673,0.21686066232983192,0.039149056355302,28.68933710618092,4.925445284116437,0.07032888597706513,0.7686846551772935,-28.68933710618092,0,0.13171272756820618,True,True
fine,44,0.05,5.86666667,1.418781652775967,1.418781652775967,0.1376794488099557,2.625974062768073,0.9626935867877009,30.19796768474939,15.214693749732483,0.22234104987414519,0.039149056355302,28.585558919767006,4.940774520767812,0.06925983314918092,0.7644177868302754,-28.585558919767006,0,0.14297234939683334,True,True
fine,44,0.075,2.4,0.44625862353614154,0.44625862353614154,0.04030458362976762,1.6007706290532149,0.41513137502971187,30.181330627721934,15.209299709360375,0.20922889125613486,0.039149056355302,29.655150282290656,4.96768598328233,0.13940490641558162,0.9517858434500216,-29.655150282290656,0,0.05251202472880538,True,True
fine,44,0.075,2.8,0.4815638494339929,0.4815638494339929,0.04790804201811581,1.7686989952314576,0.3836841652882153,30.182447621982007,15.209446973534249,0.21029026105186213,0.039149056355302,29.639285730210464,4.931559696712145,0.1121627561465826,0.8254554306458134,-29.639285730210464,0,0.05706371037584067,True,True
fine,44,0.075,3.2,0.4785659224893338,0.4785659224893338,0.06942828249969746,1.8609518428116385,0.374477804322404,30.183658122693856,15.209848738433404,0.2115433602023955,0.039149056355302,29.620977231742266,4.927327539754057,0.08946234736274139,0.7586093996354544,-29.620977231742266,0,0.06291221714410249,True,True
fine,44,0.075,3.6,0.5059214831332908,0.5059214831332908,0.08753436107026262,1.9140004234505916,0.38255435066025045,30.184837328956366,15.21040454840217,0.21249498715463672,0.039149056355302,29.554001092843272,4.931823260460868,0.0759014492157756,0.7396624340103182,-29.554001092843272,0,0.06938055603566895,True,True
fine,44,0.075,3.73333333,0.5254794169561291,0.5254794169561291,0.09195795848932671,1.9269762492078883,0.38804275289700474,30.18521223529433,15.210610471967149,0.2126853188434803,0.039149056355302,29.521555819247396,4.933203291874839,0.0732620910747023,0.7385605487660165,-29.521555819247396,0,0.07166216373799805,True,True
fine,44,0.075,4.0,0.5782481376220145,0.5782481376220145,0.0985732173217024,1.9489307287560684,0.40223749498249306,30.185927411854745,15.2110399157167,0.2133445374116812,0.039149056355302,29.447220006646372,4.935211780459443,0.06991770259923236,0.7387498628681236,-29.447220006646372,0,0.07636930870577613,True,True
fine,44,0.075,4.26666667,0.6438955483833065,0.6438955483833065,0.10285074343540306,1.9744415422033832,0.42223404586453733,30.186592455961076,15.211481379240551,0.2143953291789248,0.039149056355302,29.367118819253818,4.936636580848215,0.06810308927550199,0.7390306364321451,-29.367118819253818,0,0.08126039191181124,True,True
fine,44,0.075,4.4,0.6793976108067081,0.6793976108067081,0.10437421142279205,2.004464645393633,0.4375828323872913,30.18690549856476,15.211703144093583,0.21482386792887487,0.039149056355302,29.326993195273076,4.937372753097701,0.06746690779732642,0.7387136893050371,-29.326993195273076,0,0.08391735172181845,True,True
fine,44,0.075,4.8,0.7881184346405611,0.7881184346405611,0.10752828972691905,2.0916106627860667,0.4978276224360183,30.187766893106563,15.212360236481128,0.21572207803763843,0.039149056355302,29.21217249105422,4.940633903431733,0.06590971696182929,0.7360702710830969,-29.21217249105422,0,0.0918525212954067,True,True
fine,44,0.075,5.33333333,0.9236831545718077,0.9236831545718077,0.11040331780032941,2.200954599573845,0.6384320358533419,30.188742286263565,15.213191757452307,0.2180202355663032,0.039149056355302,29.07774484306927,4.948962049888552,0.0641782694197439,0.7314628867768656,-29.07774484306927,0,0.10255817151913031,True,True
fine,44,0.075,5.86666667,1.0413612342032885,1.0413612342032885,0.11615094008862936,2.3212663126775235,0.9669106318758566,30.18953970016393,15.213949653248731,0.22350042154749072,0.039149056355302,28.966435159194393,4.966037127054056,0.06327831195699621,0.7295583264769325,-28.966435159194393,0,0.11624887600260597,True,True
fine,44,0.075,6.4,1.1378793823954905,1.1378793823954905,0.18002326782584696,2.780166313746956,2.151617506733461,30.190183754505135,15.233136334174075,0.22897946146053777,0.039149056355302,28.889312738143282,5.026884211548284,0.07105820310310751,0.7731280135168579,-28.889312738143282,0,0.16022498749362854,True,True
fine,44,0.1,2.8,0.050427294356001705,-0.014476751328917774,0.05517714991070248,1.0948207600679425,0.38653541537968705,30.172356468123244,15.20899843370796,0.2098061117255416,0.039149056355302,30.11694688876515,4.960255613067787,0.10408637899425748,0.7958705565732799,-30.11694688876515,0,0.031755096689174034,True,True
fine,44,0.1,3.6,0.08465112776387798,0.08465112776387798,0.06556492844615465,1.3810303034329805,0.37429268638450947,30.175397413968444,15.209843976762716,0.21174541755708423,0.039149056355302,29.960733301928457,4.954546873601758,0.07149758634299769,0.7033223264120876,-29.960733301928457,0,0.0382482679300484,True,True
fine,44,0.1,3.73333333,0.11467934683563848,0.11467934683563848,0.06891241903905343,1.4128251444194242,0.3784657809911298,30.175874690359663,15.210034423520414,0.21230374185282538,0.039149056355302,29.918435362980045,4.955814255460323,0.06869975635022779,0.701868579342103,-29.918435362980045,0,0.04091969636045109,True,True
fine,44,0.1,4.0,0.1867061048152343,0.1867061048152343,0.0746607708827455,1.4689016016354617,0.3904563619758378,30.176785339617652,15.210435739201051,0.2134711756028943,0.039149056355302,29.825914993558577,4.9576535549504275,0.0649444441796347,0.7024634588601611,-29.825914993558577,0,0.046621350556381475,True,True
fine,44,0.1,4.26666667,0.26958230900075575,0.26958230900075575,0.07894344786042526,1.5601196899231211,0.40927246242396115,30.177632581341747,15.210852579788769,0.2143803232850959,0.039149056355302,29.72955944542052,4.958755742988089,0.06284002492366791,0.704001856874854,-29.72955944542052,0,0.05290343336750934,True,True
fine,44,0.1,4.4,0.3129787740494864,0.3129787740494864,0.0806051462576794,1.603723713312825,0.4242983907617746,30.178031629235015,15.211063226104526,0.21473804587177886,0.039149056355302,29.682055061098087,4.959253631521856,0.062135676145235595,0.7044096873182422,-29.682055061098087,0,0.0560975697857065,True,True
fine,44,0.1,5.33333333,0.5953385033451005,0.5953385033451005,0.08832352781413604,1.8753196720855598,0.6287574136225358,30.180380428235722,15.212491515144185,0.21917976778307544,0.039149056355302,29.40037383353525,4.969614676724048,0.058987068129008655,0.7004156727737131,-29.40037383353525,0,0.07774928500291602,True,True
fine,44,0.1,5.86666667,0.7069852608438683,0.7069852608438683,0.09978382069555033,2.0368344822588162,0.9768249859033201,30.181408748387756,15.213224837448738,0.22465975220652784,0.039149056355302,29.300176526593216,4.989463442882233,0.05818275435229394,0.6999198817068206,-29.300176526593216,0,0.09323003148169073,True,True
fine,44,0.125,2.4,0.4683446913392723,-0.4683446913392723,0.08824889094026993,1.0589920049448245,0.4492474479021068,30.160904455781793,15.208535279490906,0.20800303114277854,0.039149056355302,30.52356053454039,5.037921738239257,0.11219926959103155,0.8775101501657719,-30.52356053454039,0,0.061645035250135136,True,True
fine,44,0.125,2.8,0.37853573998737533,-0.37853573998737533,0.07242219271757423,0.7931131396087299,0.40158496382702846,30.16259772337182,15.208560636548384,0.20966636886522927,0.039149056355302,30.459082508358037,4.98496968662292,0.09621784829043564,0.7739575952505957,-30.459082508358037,0,0.05020345715633554,True,True
fine,44,0.125,3.2,0.32375483008990763,-0.32375483008990763,0.0587703039212488,0.8460548483601767,0.37761038396942576,30.164451350905463,15.208844641603338,0.21062096036224537,0.039149056355302,30.386488380572004,4.971121548426669,0.07997046160936302,0.7022002463497657,-30.386488380572004,0,0.044100878867701636,True,True
fine,44,0.125,3.6,0.24126549444129936,-0.24126549444129936,0.05494014886942859,0.9910606833756382,0.37458047258418836,30.16626434551285,15.209297416926645,0.21194361654012514,0.039149056355302,30.26803327646594,4.972932665539904,0.06799736626486966,0.6757421750919551,-30.26803327646594,0,0.040177746924810416,True,True
fine,44,0.125,3.73333333,0.2047044685584874,-0.2047044685584874,0.055471430087461124,1.02650749107708,0.377051850514561,30.16684168830599,15.2094727838446,0.2125533584296186,0.039149056355302,30.21973149439568,4.974153618264926,0.0652051056682161,0.6735926735563396,-30.21973149439568,0,0.03881828799168298,True,True
fine,44,0.125,4.0,0.12026959204613026,-0.12026959204613026,0.057744204588035475,1.1171227313489827,0.3860858820419515,30.167944167925604,15.209846683835293,0.2135791273296032,0.039149056355302,30.11586253704604,4.976043197915268,0.061211424446995066,0.6738524645819923,-30.11586253704604,0,0.036067479687712976,True,True
fine,44,0.125,4.26666667,0.026114265347603315,-0.026114265347603315,0.06042101168455847,1.2001885464925155,0.4030794701234707,30.168970900020653,15.210239535073159,0.2143466275968661,0.039149056355302,30.00934699352117,4.977100294253891,0.058805400231595084,0.6760041363597276,-30.00934699352117,0,0.032998803260981445,True,True
fine,44,0.125,4.4,0.02241098491701312,0.02241098491701312,0.06167349934743992,1.246552683355286,0.4174165196414575,30.169454846466174,15.210439359123193,0.2146335316203936,0.039149056355302,29.957329996458196,4.977501963457467,0.05798460625935015,0.6768707588413968,-29.957329996458196,0,0.03374739447736183,True,True
fine,44,0.125,4.8,0.16443339436872612,0.16443339436872612,0.0648994739040376,1.40096419665121,0.4759858206535707,30.170789629728585,15.211038865572569,0.21510686820781805,0.039149056355302,29.81335380819728,4.979485259890507,0.056271006891886556,0.6773770709517113,-29.81335380819728,0,0.04389878592231642,True,True
fine,44,0.125,5.33333333,0.32432403165157486,0.32432403165157486,0.06949561903606712,1.5807019687570012,0.6234636855446974,30.1723101504111,15.211809205356342,0.2203392589816895,0.039149056355302,29.662189801518032,4.987524317634872,0.054579537572323075,0.6746899759303799,-29.662189801518032,0,0.056949937871183236,True,True
fine,44,0.125,5.86666667,0.4151377503461634,0.4151377503461634,0.08832940925255144,1.771898049276421,0.9929743558776852,30.173566811206392,15.212518950733969,0.22581904185239907,0.039149056355302,29.587649209250888,5.010988597774622,0.053749798372221935,0.6746910389660241,-29.587649209250888,0,0.07383012808222153,True,True
fine,44,0.125,6.4,0.28599761232563237,0.28599761232563237,0.24238703790887076,2.3394885587049137,2.37482113802717,30.174598758576966,15.363172407400544,0.2312976787202543,0.039149056355302,29.750127292000396,5.110672077366925,0.075321735364489,0.7850057478319642,-29.750127292000396,0,0.1331966450439352,True,True
fine,44,0.15,2.4,0.6952234513711288,-0.6952234513711288,0.10329848843833962,1.4902200629594695,0.4734266775807795,30.151218621357838,15.20816590055046,0.2082063534483579,0.039149056355302,30.720159988485534,5.067335413810508,0.1028392958425191,0.8530281253334311,-30.720159988485534,0,0.08074002522863333,True,True
fine,44,0.15,2.8,0.6206250109260067,-0.6206250109260067,0.08878301805028212,1.0180155037199115,0.4208772738612712,30.153163263002295,15.208133509419728,0.20950828806540617,0.039149056355302,30.678062311886453,5.006155054088461,0.08907929599603386,0.7590915150623122,-30.678062311886453,0,0.0685875472281262,True,True
fine,44,0.15,3.2,0.5692543278359865,-0.5692543278359865,0.06998023516319471,0.7882734534837537,0.3924024298498513,30.15531509862087,15.208361334752537,0.21024124405727057,0.039149056355302,30.610571392111375,4.986990043843176,0.07552610187500304,0.6861158207045075,-30.610571392111375,0,0.058938525037607235,True,True
fine,44,0.15,3.6,0.481292426859713,-0.481292426859713,0.05558678959074494,0.745283017846542,0.3824767351463212,30.157430553692933,15.208764674608513,0.21224538828263564,0.039149056355302,30.487383263170006,4.987316838045668,0.06500754552100162,0.655587610966321,-30.487383263170006,0,0.050421630411391784,True,True
fine,44,0.15,3.73333333,0.44192266982878275,-0.44192266982878275,0.05256683117550307,0.8103382691715231,0.382625672613794,30.158105658689728,15.208925347700117,0.21278428967990043,0.039149056355302,30.436575899195677,4.988537229356456,0.06238245468125958,0.6525117463186476,-30.436575899195677,0,0.04824271366915919,True,True
fine,44,0.15,4.0,0.351373650892608,-0.351373650892608,0.049052476880021505,0.9244408868200568,0.3879347280555411,30.15939629991717,15.20927252540695,0.21366839199026444,0.039149056355302,30.32737405011117,4.9906645449676725,0.058393864443110025,0.6518796829368914,-30.32737405011117,0,0.04387427856747516,True,True
fine,44,0.15,4.26666667,0.2512005484910958,-0.2512005484910958,0.04798112041196554,1.0188045005852806,0.4025001256506641,30.160599772642783,15.209642003698477,0.21429424114363213,0.039149056355302,30.215885987343835,4.991932899943173,0.055775362013032584,0.6541144739086496,-30.215885987343835,0,0.03962214447115985,True,True
fine,44,0.15,4.4,0.19993388414316146,-0.19993388414316146,0.047990474398277465,1.0595443137976304,0.4157994516748783,30.161167487753502,15.209831293330515,0.21451032402020617,0.039149056355302,30.161756371333542,4.992372422364857,0.054832304067777046,0.655212452440517,-30.161756371333542,0,0.037617957442539034,True,True
fine,44,0.15,4.8,0.051830426354788794,-0.051830426354788794,0.04906996403239022,1.1618775125594654,0.4721403353661614,30.162734865876264,15.210403235889236,0.2160179818220953,0.039149056355302,30.014009429085505,4.994284916651347,0.05282067291020922,0.656426711598304,-30.014009429085505,0,0.03225603629269139,True,True
fine,44,0.15,5.33333333,0.10624043467578077,0.10624043467578077,0.05348599926654607,1.3153354927251546,0.6219806483392849,30.164523648430094,15.2111445167703,0.22149870916298262,0.039149056355302,29.868493642061843,5.002853611125994,0.050838355064276766,0.6536156659214528,-29.868493642061843,0,0.039807733145672514,True,True
fine,44,0.15,5.86666667,0.1648031625208337,0.1648031625208337,0.08141096942071677,1.528669545099639,1.01565724234518,30.166006027388985,15.211831645292657,0.22697829048637486,0.039149056355302,29.830404111817607,5.0306053739798235,0.04981622331691083,0.6532992983683457,-29.830404111817607,0,0.05792751993131885,True,True
fine,44,0.15,6.4,0.13240111556732898,-0.13240111556732898,0.28037712351328176,2.297243905495251,2.5009130242499285,30.167227985465665,15.428714982520036,0.23245672583962984,0.039149056355302,30.164505766046126,5.154678023131913,0.07966319430797983,0.8056342471096496,-30.164505766046126,0,0.13672262776865596,True,True
fine,44,0.175,2.4,0.7826520760696309,-0.7826520760696309,0.11248552876662113,1.9839266834944596,0.4976265931145688,30.141872006691745,15.207805128334293,0.20838666984270254,0.039149056355302,30.77549070873773,5.093563830786255,0.09909581011194699,0.8426797050356967,-30.77549070873773,0,0.09191786183985484,True,True
fine,44,0.175,2.8,0.7508651705534408,-0.7508651705534408,0.10134104586890536,1.3659680504501683,0.4404849832512722,30.144045079590562,15.207716974025065,0.20933227789958214,0.039149056355302,30.786521972033594,5.024273289340043,0.08367105532852936,0.7520121119454897,-30.786521972033594,0,0.08145905412857253,True,True
fine,44,0.175,3.2,0.7242256255403506,-0.7242256255403506,0.08247099234700772,0.9890284318624719,0.40909257933607535,30.146480151177528,15.20789032122575,0.21073688551215947,0.039149056355302,30.74533583940124,4.99939378441899,0.07140420397268668,0.6767221503899654,-30.74533583940124,0,0.0717554522328207,True,True
fine,44,0.175,3.6,0.6450346692959099,-0.6450346692959099,0.0630514025294417,0.8265490606351907,0.39585105363955353,30.148888595865387,15.208245555176312,0.21252847473352926,0.039149056355302,30.630460000221014,4.998053189562342,0.062298180457126304,0.6417444990218466,-30.630460000221014,0,0.061370647407017045,True,True
fine,44,0.175,3.73333333,0.606368565421918,-0.606368565421918,0.05752070247154041,0.7995157297243788,0.3944993564757772,30.14965916181233,15.208391909739689,0.2129965353191615,0.039149056355302,30.580285597835584,4.999299132530834,0.059953738179375715,0.6375581596161873,-30.580285597835584,0,0.05780730288628837,True,True
fine,44,0.175,4.0,0.5154458261247681,-0.5154458261247681,0.04855565866476134,0.8035142395352519,0.3958923436504317,30.151134275602455,15.208713039966387,0.21373896893155966,0.039149056355302,30.470927322264004,5.001820095441827,0.056212005899416516,0.6356060674446238,-30.470927322264004,0,0.05107598711317074,True,True
fine,44,0.175,4.26666667,0.4138284264729405,-0.4138284264729405,0.04245910586211256,0.9003029411872479,0.4071508392819935,30.152511701517938,15.209059744897441,0.2142231629036533,0.039149056355302,30.358729782051235,5.003535066059024,0.05353773768800104,0.6375054110988629,-30.358729782051235,0,0.04546151379060474,True,True
fine,44,0.175,4.4,0.36182952628735754,-0.36182952628735754,0.04036296105903055,0.947245710680043,0.4190809097420668,30.153162034198594,15.209238779741211,0.21436842186433497,0.039149056355302,30.304415100769546,5.004138742261894,0.05250590003525718,0.6386512007808394,-30.304415100769546,0,0.042923658118159645,True,True
fine,44,0.175,4.8,0.21305680809442182,-0.21305680809442182,0.03695557309590518,1.0668949992788277,0.47235153983971223,30.15495918889018,15.209783944268404,0.21717759256227243,0.039149056355302,30.158203736734503,5.006328593921678,0.050157874753154516,0.6401300714910688,-30.158203736734503,0,0.03650068775503586,True,True
fine,44,0.175,5.33333333,0.06352074865305236,-0.06352074865305236,0.03992862989002496,1.1933484845890276,0.624066318028518,30.157013270154593,15.210497140747648,0.22265811832837273,0.039149056355302,30.02483095503892,5.015792267198234,0.04769478874019556,0.6366564950429348,-30.02483095503892,0,0.03329992766935693,True,True
fine,44,0.175,5.86666667,0.045449772153722576,-0.045449772153722576,0.07840004561274846,1.4242173281655197,1.0435017913490587,30.158718691503587,15.21116257713695,0.22813749810972528,0.039149056355302,30.03055635161211,5.048348915574675,0.04627515943062429,0.6353609910263758,-30.03055635161211,0,0.050791660610766606,True,True
fine,44,0.175,6.4,0.5379417207633316,-0.5379417207633316,0.3204411235748471,2.6013220569620215,2.634745322833777,30.160127980492938,15.494599944541495,0.23361573195342972,0.039149056355302,30.561359538885146,5.199913461946936,0.08492994840801481,0.8356493923063322,-30.561359538885146,0,0.1717364449038458,True,True
fine,44,0.2,2.8,0.7797060759990866,-0.7797060759990866,0.10949196040082573,1.7373825630542945,0.4595402534666165,30.135235285908198,15.207310946797655,0.20913874694167037,0.039149056355302,30.79753364574624,5.039781692408565,0.08139707044258801,0.754622460633587,-30.79753364574624,0,0.08834530959663636,True,True
fine,44,0.2,3.6,0.7422744961019426,-0.7422744961019426,0.07264801704356481,1.025032681296995,0.4104545017481424,30.140631156802062,15.207739863770092,0.21279287574089029,0.039149056355302,30.709110339062324,5.005500499742956,0.05981905126495107,0.6333671783115394,-30.709110339062324,0,0.07052444098117805,True,True
fine,44,0.2,3.73333333,0.7075968033721821,-0.7075968033721821,0.06591696907422666,0.9772889173632141,0.4082844823178008,30.141494888574925,15.20787226462878,0.21319009501144534,0.039149056355302,30.662322325136245,5.006779240364505,0.05777784027993692,0.6278441864365254,-30.662322325136245,0,0.0666744718190782,True,True
fine,44,0.2,4.0,0.6214619789845343,-0.6214619789845343,0.053598896612118266,0.9069439157751414,0.4076978268450352,30.14315077127602,15.208168003954178,0.21379085744900223,0.039149056355302,30.55710198182521,5.009819254917227,0.05444913843288529,0.6241768434543781,-30.55710198182521,0,0.05869241826386343,True,True
fine,44,0.2,4.26666667,0.5222667734568488,-0.5222667734568488,0.04330107454564881,0.8657173399859002,0.41694379551113414,30.144699329779062,15.208492518659217,0.21413339180294869,0.039149056355302,30.447500492231793,5.012195806300636,0.05189639593287872,0.6254073740048065,-30.447500492231793,0,0.050965725591998814,True,True
fine,44,0.2,4.4,0.4711592091464033,-0.4711592091464033,0.03896804856572006,0.877461278161001,0.42740865838247577,30.145431109586134,15.208661570328704,0.21422616685893914,0.039149056355302,30.39444407632608,5.013082521926198,0.05083737062827661,0.6264608257253189,-30.39444407632608,0,0.04759595152431531,True,True
fine,44,0.2,5.33333333,0.18971729763049278,-0.18971729763049278,0.028524856107891385,1.167441773551029,0.6299959472445653,30.149771514515752,15.209866771398778,0.22381748647933178,0.039149056355302,30.13689520868024,5.02654578035404,0.04511631128084291,0.6233683727105033,-30.13689520868024,0,0.03663981178032085,True,True
fine,44,0.2,5.86666667,0.2174008379632398,-0.2174008379632398,0.07844563041527847,1.478599299168484,1.0753762547708798,30.151697252657623,15.21051140613582,0.22929666472373475,0.039149056355302,30.190687754592417,5.064284527001056,0.04307160366254822,0.6206384858591644,-30.190687754592417,0,0.06037461775928237,True,True
fine,44,0.25,3.2,0.7493913954204421,-0.7493913954204421,0.10633516982446092,1.8487295819919463,0.4567190955537853,30.121709332472005,15.206549504938854,0.21211168998891658,0.039149056355302,30.741447514421044,5.019958147896071,0.06731647582681782,0.6903415363386955,-30.741447514421044,0,0.08692217239657653,True,True
fine,44,0.25,3.73333333,0.759148036068457,-0.759148036068457,0.08284843037924629,1.407009223418629,0.4357918306302097,30.12598442797491,15.20687353238442,0.21352115495364343,0.039149056355302,30.687269242495457,5.013228543705921,0.05437839650792892,0.6217446646871162,-30.687269242495457,0,0.07751536780630158,True,True
fine,44,0.25,4.26666667,0.6098210549308287,-0.6098210549308287,0.054597442257383055,1.1611248510659895,0.44155611806478723,30.129872955553044,15.207402208339026,0.21517511135246406,0.039149056355302,30.500924589577703,5.021836769694665,0.04975283602826583,0.6118937854606953,-30.500924589577703,0,0.06103142298586174,True,True
fine,44,0.25,4.8,0.4330715226918742,-0.4330715226918742,0.027660905621214493,1.0508636406932368,0.4966548146517738,30.133233059875373,15.208021383813294,0.22065617866828674,0.039149056355302,30.328664182219118,5.028535785003763,0.046058481651830116,0.6132528002305941,-30.328664182219118,0,0.0454412742948863,True,True
fine,44,0.25,5.33333333,0.3307982265792046,-0.3307982265792046,0.011479440403590868,1.1869139605191357,0.6515571714530102,30.13606461480379,15.208655843286397,0.22613609974153293,0.039149056355302,30.251121410447972,5.042347469854281,0.04162037840640505,0.6062987234894059,-30.251121410447972,0,0.039947080111520844,True,True
fine,44,0.25,5.86666667,0.4549414572746521,-0.4549414572746521,0.08426885409456879,1.714295423836571,1.1482450666311934,30.13842262716313,15.209261414536593,0.23161487492804012,0.039149056355302,30.403079569495763,5.0910876933339475,0.037697889821553074,0.6004239979920173,-30.403079569495763,0,0.07686225587737226,True,True
fine,44,0.25,6.4,1.6325587273504514,-1.6325587273504514,0.44815772027866013,3.758920020896934,3.0839085649624445,30.14037747215593,15.694255609403598,0.2370925042749036,0.039149056355302,31.614916713053145,5.344091131009134,0.10444590377675111,0.9838540872519396,-31.614916713053145,0,0.27538236277084577,True,True
fine,44,0.3,3.2,0.5066039694411801,-0.5066039694411801,0.10713283617226096,2.2502138781043093,0.4840773163089457,30.10656877817223,15.205714255698366,0.21293479592135778,0.039149056355302,30.527521582530476,5.023651459852348,0.07973731971765448,0.745439567096111,-30.527521582530476,0,0.07877494990306777,True,True
fine,44,0.3,3.73333333,0.673755308950053,-0.673755308950053,0.09426937503530013,1.7754310951122374,0.4605643854567413,30.111518403821805,15.205927512924852,0.21377746578804083,0.039149056355302,30.601013409523986,5.010415284670288,0.05413052219571203,0.6323255487700661,-30.601013409523986,0,0.07957593018613131,True,True
fine,44,0.3,4.26666667,0.579321337614699,-0.579321337614699,0.0675144723764771,1.4515704098267441,0.4661046755083203,30.11606457509493,15.206369172275755,0.21749436684092877,0.039149056355302,30.449558016349478,5.023038607868157,0.04846596662716175,0.6085249098912352,-30.449558016349478,0,0.06555719452583396,True,True
fine,44,0.3,4.8,0.4255802234405812,-0.4255802234405812,0.03621591367892883,1.3059646022595233,0.5218873367730075,30.120011971131625,15.206923090663526,0.22297503098914806,0.039149056355302,30.297263397515763,5.034272147418288,0.04555347899258605,0.6081756449570704,-30.297263397515763,0,0.04974359880622801,True,True
fine,44,0.3,5.33333333,0.3555162132585063,-0.3555162132585063,0.005908566549611378,1.3354859195799378,0.6841485432401038,30.12334591394671,15.207509342617003,0.22845454895992787,0.039149056355302,30.25595605812973,5.0519305607487945,0.0402784361383466,0.5996467768148246,-30.25595605812973,0,0.04156089939552214,True,True
fine,44,0.3,5.86666667,0.5671884738688725,-0.5671884738688725,0.09376358571457995,2.004679298845794,1.2303484164957879,30.126124782398552,15.208079027653731,0.23393292110950237,0.039149056355302,30.494826227780592,5.111818313039921,0.0342111395921059,0.5926016259991991,-30.494826227780592,0,0.08860971324148638,True,True
fine,44,0.3,6.4,2.2209334019676077,-2.2209334019676077,0.539384028881628,4.626247858953019,3.4184697880916843,30.1284293333746,15.828974389794212,0.23941014748496556,0.039149056355302,32.16770123057797,5.447354777600454,0.1200634984601195,1.1327479754411311,-32.16770123057797,0,0.34030209228868485,True,True
fine,44,0.35,3.2,0.1556699412011968,-0.1556699412011968,0.09624440814150588,2.506601780402862,0.5082554949766436,30.092462243334417,15.20492443476785,0.2136831592483979,0.039149056355302,30.259266136560537,5.022458112805231,0.10629272956230093,0.8507374649001701,-30.259266136560537,0,0.061037775614751724,True,True
fine,44,0.35,3.73333333,0.5251832697825856,-0.5251832697825856,0.09862538106373156,2.0342613561439897,0.48197970522834244,30.098043006056464,15.205032575557789,0.21433205078458992,0.039149056355302,30.485613167725788,5.000557979626179,0.06059017314285782,0.6626481059707329,-30.485613167725788,0,0.07574317210247682,True,True
fine,44,0.35,4.26666667,0.4920777231217956,-0.4920777231217956,0.07754372241359403,1.6797437878242722,0.48841150385700444,30.103220301485244,15.205391529312037,0.21981345825300777,0.039149056355302,30.359079047482002,5.017736407985413,0.04805267439011415,0.6119316050360524,-30.359079047482002,0,0.06596826178640632,True,True
fine,44,0.35,4.8,0.35187192873748,-0.35187192873748,0.045330525595278115,1.5082465023118423,0.5467733948534304,30.107737588913704,15.205883729986477,0.2252937192544282,0.039149056355302,30.210963576487845,5.034893085049483,0.0457798031210752,0.6085712872995773,-30.210963576487845,0,0.05042915448655089,True,True
fine,44,0.35,5.33333333,0.3005563078886807,-0.3005563078886807,0.011666295723060643,1.5717064588735539,0.7212723914723032,30.111560708700406,15.206424927218881,0.2307728341440556,0.039149056355302,30.192647149702534,5.056831526357162,0.04080496725774943,0.6008481616536316,-30.192647149702534,0,0.04282743974183017,True,True
fine,44,0.35,5.86666667,0.5764959369546523,-0.5764959369546523,0.10480032395566674,2.3283853589885775,1.3204579338436062,30.114748730907973,15.206961665960636,0.23625080327770728,0.039149056355302,30.49670291105721,5.127317319625112,0.03384488152679576,0.5982237874947252,-30.49670291105721,0,0.0960041991916784,True,True
fine,44,0.35,6.4,2.6534620956324764,-2.6534620956324764,0.6374078331024973,5.531301334424865,3.770002822825964,30.117391565568038,15.964937642069444,0.24172762670278397,0.039149056355302,32.55601260468434,5.552881845782755,0.13886973032529648,1.3266186642463889,-32.55601260468434,0,0.3997205941582717,True,True
fine,44,0.4,3.73333333,0.3794894786817514,-0.3794894786817514,0.09613205060111431,2.202400057612039,0.500318095016804,30.0855064660619,15.204187100173522,0.21665138132121128,0.039149056355302,30.4104018200166,4.985490746573188,0.07603961843328419,0.7197545251892006,-30.4104018200166,0,0.06953595266931621,True,True
fine,44,0.4,4.26666667,0.4018799553368182,-0.4018799553368182,0.08382988277054068,1.8541310587013995,0.5081139715484003,30.091288397693347,15.204467420675815,0.22213238559858112,0.039149056355302,30.283583341899252,5.007552829528905,0.04961598218232331,0.621390506464354,-30.283583341899252,0,0.06480507649029493,True,True
fine,44,0.4,5.33333333,0.19905331574259372,-0.19905331574259372,0.015903793517090828,1.7616202871649715,0.7588026117924687,30.10065658017885,15.205400304031011,0.2330909553038299,0.039149056355302,30.096878324685832,5.058368978772919,0.042660229972179026,0.6074946378052919,-30.096878324685832,0,0.04100751871291553,True,True
fine,44,0.4,5.86666667,0.5075234108222043,-0.5075234108222043,0.11721399325603779,2.653816491027295,1.4197564106546523,30.10424181542718,15.20590681377367,0.23856852144266666,0.03914905635529083,30.44191196473516,5.138354000172108,0.03813933702830445,0.6197239748012747,-30.44191196473516,0,0.09999344044137086,True,True
fine,55,0.0,3.46666667,2.597865663931629,2.597865663931629,0.23787794926079528,4.250000170694844,0.4933797095818699,30.250663080093297,15.39258973882231,0.3404193843563558,0.010610722515678149,27.474317902739973,4.845899511366554,0.12605569423923618,1.0219990703658213,-27.474317902739973,0,0.23284119856139204,True,True
fine,55,0.0,3.73333333,2.5152642378183243,2.5152642378183243,0.24116871551594615,4.116684901569785,0.5021755484852464,30.248196214139398,15.39214850254205,0.3404193843563558,0.010610722515678149,27.547779529854274,4.8502872743581955,0.11870667228497833,1.0038380149928716,-27.547779529854274,0,0.22856658110137065,True,True
fine,55,0.0,4.0,2.44748139143037,2.44748139143037,0.2434798589757116,3.996333030714305,0.5162170686789275,30.245868560087963,15.391700625184903,0.3404193843563558,0.010610722515678149,27.605475195033385,4.857409882918307,0.11227572965724653,0.9870488839889747,-27.605475195033385,0,0.22498172899425722,True,True
fine,55,0.0,4.26666667,2.393306470430125,2.393306470430125,0.24460909803527167,3.8872799122874016,0.5368717889842489,30.243673170920605,15.39126004478926,0.3404193843563558,0.010610722515678149,27.64781111212964,4.866069012557758,0.10709145609490618,0.9715457905189531,-27.64781111212964,0,0.22198401215206964,True,True
fine,55,0.0,4.53333333,2.35235389013807,2.35235389013807,0.24444096530696569,3.78814584291327,0.5677995420463867,30.241602842274872,15.390835065472405,0.3404193843563558,0.010610722515678149,27.676576737264103,4.875422051199836,0.10310501638805877,0.9567599307351298,-27.676576737264103,0,0.21957358815279776,True,True
fine,55,0.0,5.06666667,2.3041528355011387,2.3041528355011387,0.2407827783948074,3.614533745290797,0.6655312626491829,30.237808648472242,15.390048058085181,0.3404193843563558,0.010610722515678149,27.705797865974567,4.894669706783758,0.09765771656026782,0.9276565153656684,-27.705797865974567,0,0.21639914475198574,True,True
fine,55,0.0,5.33333333,2.2923680311945724,2.2923680311945724,0.23784926832172731,3.5374043326708757,0.7441569852630432,30.2360708899524,15.389689081419524,0.3404193843563558,0.010610722515678149,27.71180629282911,4.904243599799947,0.09574569418771683,0.9133715971250791,-27.71180629282911,0,0.21571851594285962,True,True
fine,55,0.0,5.6,2.286466945656209,2.286466945656209,0.23455210421905873,3.492038417587753,0.8580451722782346,30.23443055812717,15.389353259747468,0.3404193843563558,0.010610722515678149,27.713826449537954,4.913676848117381,0.09424365539113744,0.899886740719609,-27.713826449537954,0,0.21608203943639845,True,True
fine,55,0.0,5.86666667,2.286618126862286,2.286618126862286,0.23114854209356017,3.46159012343009,1.0367764214917026,30.232881457569825,15.389039932858822,0.3404193843563558,0.010610722515678149,27.710929668492902,4.922989362422168,0.09317330551403687,0.8883772386441079,-27.710929668492902,0,0.21790541742926658,True,True
fine,55,0.0,6.13333333,2.2958752383237626,2.2958752383237626,0.22797262037668026,3.4611140992117924,1.3406558382272742,30.231417731335586,15.388748142194586,0.3404193843563558,0.010610722515678149,27.69911971258977,4.932437826371713,0.09269457828613023,0.8815609309016063,-27.69911971258977,0,0.22253567565129426,True,True
fine,55,0.00416667,0.0,12.464572040720295,12.464572040720295,13.906678995658709,20.733673390207485,14.578087655674375,30.338662657194487,15.381462682373273,0.3404193843563558,0.010610722515678149,18.766975391852252,1.3266782750158603,11.891756978885187,51.17302866292757,-18.766975391852252,0,4.5108830091971,True,True
fine,55,0.00833333,0.0,3.606642442583726,-3.606642442583726,12.590410004365093,12.581322002111708,13.835827936109478,30.336915166059512,15.381400637449099,0.3404193843563558,0.010610722515678149,35.61719833537769,2.520709030057221,10.872889346566655,48.72522106976919,-35.61719833537769,0,3.658854593109127,True,True
fine,55,0.0125,0.0,16.18638056042999,-16.18638056042999,11.419875414738081,12.541773245516845,13.150809320149051,30.335176832077376,15.381340423520108,0.3404193843563558,0.010610722515678149,48.416577023011996,3.5873130136880893,9.956862682596016,46.53131760466026,-48.416577023011996,0,3.9836851639831874,True,True
fine,55,0.01666667,0.0,25.446481438383536,-25.446481438383536,10.383559789039715,15.304590599064491,12.519448350282634,30.33344758985106,15.381281999989735,0.3404193843563558,0.010610722515678149,57.59013565451585,4.539339729378378,9.134112686915982,44.561928722171345,-57.59013565451585,0,4.200318423685732,True,True
fine,55,0.02083333,0.0,32.208070875502344,-32.208070875502344,9.471044876413448,18.542009725580705,11.938460422614373,33.827040184287625,15.381225327054507,0.3404193843563558,0.010610722515678149,64.16058422714201,5.388333092570855,8.39595808097932,42.790678929025646,-64.16058422714201,0,4.327754393314109,True,True
fine,55,0.02916667,0.0,41.03268043479939,-41.03268043479939,7.9798820572072415,24.45820300941288,10.915647630850321,42.327927873157805,15.381117076503445,0.3404193843563558,0.010610722515678149,72.59147618310355,6.817691359835775,7.142533671825691,39.7508169963102,-72.59147618310355,0,4.428783149859605,True,True
fine,55,0.03333333,0.0,43.99369635613218,-43.99369635613218,7.38388772944513,26.971311329674457,10.4682955901731,45.153286835161765,15.381065423190362,0.3404193843563558,0.010610722515678149,75.38834480644843,7.41577723890698,6.61348822152533,38.44257771068409,-75.38834480644843,0,4.441468259453955,True,True
fine,55,0.0375,0.0,46.346261864473846,-46.346261864473846,6.876574444228143,29.19670495957552,10.06015646001041,47.389435606910986,15.381015368269074,0.3404193843563558,0.010610722515678149,77.60028172443027,7.946487655904548,6.141333013119466,37.25278929162022,-77.60028172443027,0,4.444144220447296,True,True
fine,55,0.04166667,0.0,48.25145085748192,-48.25145085748192,6.44980325120126,31.184611423548517,9.688698664525436,49.19501806618221,15.380966875759361,0.3404193843563558,0.010610722515678149,79.38528308012914,8.416619604404774,5.720538320008515,36.16696437721726,-79.38528308012914,0,4.4432071872191035,True,True
fine,55,0.04583333,0.0,49.820134324889565,-49.820134324889565,6.0954268376217,32.953008517326104,9.351418218724088,50.67818473358691,15.380919910389624,0.3404193843563558,0.010610722515678149,80.85085803161964,8.832292733416141,5.346018945852404,35.17239317602598,-80.85085803161964,0,4.442272781247295,True,True
fine,55,0.05,2.8,0.6718226685389401,0.6718226685389401,0.10193165494015306,2.430887181201343,0.40631843234577536,30.247324108365248,15.393547316265138,0.3404193843563558,0.010610722515678149,29.448642203722994,4.963901855176193,0.11129122382342442,0.9179346891234017,-29.448642203722994,0,0.08597063040967252,True,True
fine,55,0.05,3.6,0.7134819005864907,0.7134819005864907,0.1353291917007026,2.4025331676194135,0.41976817141806755,30.236598967464506,15.392412615194376,0.3404193843563558,0.010610722515678149,29.35227352670738,4.9482365280813,0.09442096706211138,0.8778807160144145,-29.35227352670738,0,0.0963864597339768,True,True
fine,55,0.05,3.73333333,0.7290674475432545,0.7290674475432545,0.13888975150104751,2.394258958192219,0.42655974567726396,30.235070751898782,15.392180359228908,0.3404193843563558,0.010610722515678149,29.331440223334692,4.948678064491028,0.09225660811717935,0.8724417733670364,-29.331440223334692,0,0.09809789872228238,True,True
fine,55,0.05,4.0,0.762497473066468,0.762497473066468,0.14504837455627012,2.3768666642550516,0.44385350775960564,30.232202026054416,15.391711586674642,0.3404193843563558,0.010610722515678149,29.2878865486128,4.951637980639794,0.08817346261019823,0.8620425794201789,-29.2878865486128,0,0.10144669779124194,True,True
fine,55,0.05,4.26666667,0.798581288737725,0.798581288737725,0.14989043562016263,2.3590945524995233,0.46785923311664473,30.229561477925593,15.391249674264266,0.3404193843563558,0.010610722515678149,29.241255192070664,4.95649847609134,0.08463922722871413,0.8524468547592411,-29.241255192070664,0,0.10470555332381255,True,True
fine,55,0.05,4.4,0.8177390357854899,0.8177390357854899,0.1517863038016232,2.3502640619222186,0.4837757625648248,30.228319214101415,15.391024509972487,0.3404193843563558,0.010610722515678149,29.216784983678753,4.959363498470583,0.08312435538127401,0.8478718524921603,-29.216784983678753,0,0.1063238943106796,True,True
fine,55,0.05,5.33333333,0.9684382398348026,0.9684382398348026,0.15604550998014274,2.3625513100701787,0.6942214479107172,30.220846231446874,15.389609231990178,0.3404193843563558,0.010610722515678149,29.041296840297047,4.983164410932731,0.07625130243444955,0.8149793438057229,-29.041296840297047,0,0.1184647047816534,True,True
fine,55,0.05,5.86666667,1.0587676481708257,1.0587676481708257,0.15413033297650885,2.412341027221104,1.015208761554351,30.217361049483664,15.388938342798768,0.3404193843563558,0.010610722515678149,28.949292038074777,5.000242758292392,0.0740696476521074,0.7965328587821017,-28.949292038074777,0,0.12816218600294813,True,True
fine,55,0.075,2.4,0.1921742083899866,-0.1921742083899866,0.053824901912861975,1.3851288079026154,0.4103661001457466,30.249784227450732,15.393650790988806,0.3404193843563558,0.010610722515678149,30.31707042837598,5.0297512457202,0.11975971842299585,0.9432323625080361,-30.31707042837598,0,0.04131300439732398,True,True
fine,55,0.075,2.8,0.12944128142838976,-0.12944128142838976,0.06906512552476898,1.531445855215235,0.3853691699908368,30.242294484041228,15.393570686702951,0.3404193843563558,0.010610722515678149,30.230571688098344,5.0080812334834715,0.09919449824219587,0.8717295489848507,-30.230571688098344,0,0.042797276108667404,True,True
fine,55,0.075,3.2,0.05461888836237405,-0.05028760015671777,0.08589168153500851,1.6073070031007113,0.38127679981984547,30.235860983371364,15.393088494167525,0.3404193843563558,0.010610722515678149,30.119620999625933,4.994252290658039,0.08986708019089355,0.847788942107185,-30.119620999625933,0,0.043828102896661815,True,True
fine,55,0.075,3.6,0.04855784029804661,0.04855784029804661,0.0992027125619977,1.654108524724687,0.392948047170269,30.23032286329943,15.392426493006688,0.3404193843563558,0.010610722515678149,30.000068634189475,4.9877245322398105,0.0844640938479664,0.833958859505862,-30.000068634189475,0,0.04743352758644521,True,True
fine,55,0.075,3.73333333,0.08273251263194406,0.08273251263194406,0.10301505025760109,1.6692060066567138,0.399727014772658,30.228649407444333,15.39218971617878,0.3404193843563558,0.010610722515678149,29.96088287511954,4.98727077333215,0.08283314989882787,0.8295808857942337,-29.96088287511954,0,0.05033192542095797,True,True
fine,55,0.075,4.0,0.1505452150163913,0.1505452150163913,0.10981907487015037,1.6942580949481034,0.41727976472265016,30.225530943245957,15.391711059170632,0.3404193843563558,0.010610722515678149,29.883923815491805,4.988497358966486,0.07970644576469074,0.8211512040229219,-29.883923815491805,0,0.05591914373545165,True,True
fine,55,0.075,4.26666667,0.21719928343268755,0.21719928343268755,0.11544907657790726,1.7140334866476565,0.4419537151721328,30.222687170124598,15.39123897213347,0.3404193843563558,0.010610722515678149,29.8082268217114,4.9917931835986575,0.0768979991459682,0.813350286166945,-29.8082268217114,0,0.06122731163902684,True,True
fine,55,0.075,4.4,0.25019933146367,0.25019933146367,0.11777856277023604,1.7223851204845668,0.45834313570452434,30.221358154685245,15.391008843119474,0.3404193843563558,0.010610722515678149,29.770760207381283,4.993952310767904,0.075657769199191,0.809640945464842,-29.770760207381283,0,0.06379708352639045,True,True
fine,55,0.075,4.8,0.34807203979910945,0.34807203979910945,0.12273606365425416,1.7754479432215355,0.5242298800026722,30.217700319181798,15.390351600766177,0.3404193843563558,0.010610722515678149,29.661255142968262,5.001698863080586,0.0726076024460242,0.7985535022218369,-29.661255142968262,0,0.07144886514282711,True,True
fine,55,0.075,5.33333333,0.47165843175573735,0.47165843175573735,0.12512410658834078,1.8714714083764306,0.6758433438511127,30.21348138541836,15.389565216156981,0.3404193843563558,0.010610722515678149,29.53019305694399,5.01450993406229,0.06967652315142514,0.7821239607469053,-29.53019305694399,0,0.08150273519766768,True,True
fine,55,0.075,5.86666667,0.576728751327875,0.576728751327875,0.12554848077664643,1.979343159851073,1.0120455126122772,30.209875073091315,15.38888404351782,0.3404193843563558,0.010610722515678149,29.427331953301472,5.032635837414671,0.0675545122055302,0.7655287444688421,-29.427331953301472,0,0.09325477547520118,True,True
fine,55,0.075,6.4,0.6625006341084289,0.6625006341084289,0.14894564255764486,2.3657498311040297,1.9579965290684682,30.206764365403764,15.60018591719733,0.3404193843563558,0.010610722515678149,29.35117191021156,5.0704312132172005,0.06883804466467607,0.7760268624182067,-29.35117191021156,0,0.12206943160841965,True,True
fine,55,0.1,2.8,0.746092226490014,-0.746092226490014,0.06185962240922545,1.0970129455363529,0.3855265505253449,30.23730044177944,15.393588804449635,0.3404193843563558,0.010610722515678149,30.818508466514196,5.044684006439454,0.08951271902799683,0.8403010697851563,-30.818508466514196,0,0.06821074491289995,True,True
fine,55,0.1,3.6,0.4702436908808365,-0.4702436908808365,0.07405361950964365,1.2329969869508077,0.38008376838806257,30.224135357819467,15.392435963601264,0.3404193843563558,0.010610722515678149,30.49450496092143,5.020410453835451,0.07640504584128088,0.8018564854122022,-30.49450496092143,0,0.05851108340401767,True,True
fine,55,0.1,3.73333333,0.4224915247092535,-0.4224915247092535,0.07721971982233301,1.2447452444595273,0.3854807195732573,30.22232368639279,15.392194860723391,0.3404193843563558,0.010610722515678149,30.442274205057828,5.0191991398023985,0.07519089282168079,0.7981804356022004,-30.442274205057828,0,0.057101087796399136,True,True
fine,55,0.1,4.0,0.32948882222429393,-0.32948882222429393,0.0833367878226665,1.2581130250876214,0.4008816148816282,30.218968663251786,15.391706686365636,0.3404193843563558,0.010610722515678149,30.34157498349844,5.018941021884899,0.07286417812872567,0.7910971262396033,-30.34157498349844,0,0.054343266460285165,True,True
fine,55,0.1,4.26666667,0.24048662943030724,-0.24048662943030724,0.08878296565649382,1.2614072348364354,0.4243368988980604,30.21593390055878,15.391224748931586,0.3404193843563558,0.010610722515678149,30.245411925566867,5.0209011881406935,0.07070915877211728,0.7845112395445984,-30.245411925566867,0,0.05166540930172774,True,True
fine,55,0.1,4.4,0.19745079737644958,-0.19745079737644958,0.09114249016544948,1.2757732000242474,0.4404315600227576,30.21452394732981,15.390989800620222,0.3404193843563558,0.010610722515678149,30.19892870214101,5.022468846268667,0.06972634959300439,0.781379855046333,-30.19892870214101,0,0.05048619986173916,True,True
fine,55,0.1,5.33333333,0.07088066665438666,0.07088066665438666,0.09957594940814699,1.4344743241195073,0.6622554645341123,30.206279150130964,15.389518629386734,0.3404193843563558,0.010610722515678149,29.918122649829517,5.040745173521839,0.06454310325106735,0.7573551991972404,-29.918122649829517,0,0.05121314110689759,True,True
fine,55,0.1,5.86666667,0.17414386061372208,0.17414386061372208,0.10222512099351391,1.5919711511074222,1.0136612917551833,30.202568527948134,15.388827559838411,0.3404193843563558,0.010610722515678149,29.821076111681325,5.060871929469272,0.0623755303275188,0.7417618435319844,-29.821076111681325,0,0.06409299254082877,True,True
fine,55,0.125,2.4,1.3655544963599158,-1.3655544963599158,0.0981370922419727,1.6596127506898306,0.4463118422814542,30.24158615779046,15.393651311335734,0.3404193843563558,0.010610722515678149,31.41645412937885,5.1033373558250394,0.09703073649433741,0.8980125890282581,-31.41645412937885,0,0.11393478129569923,True,True
fine,55,0.125,2.8,1.1980569013745466,-1.1980569013745466,0.07393593239953736,1.3623298297440363,0.3998519515891067,30.232344767927533,15.393601836916416,0.3404193843563558,0.010610722515678149,31.236056517018426,5.074248066314103,0.08158115389894348,0.8205588948606406,-31.236056517018426,0,0.09627310537054902,True,True
fine,55,0.125,3.2,1.0327552416313792,-1.0327552416313792,0.061831043070173154,1.1677792605888047,0.3784770308261657,30.224572999101945,15.393121119051376,0.3404193843563558,0.010610722515678149,31.045356746248626,5.057003913057055,0.07355713454972021,0.7915379626538483,-31.045356746248626,0,0.08301128189693016,True,True
fine,55,0.125,3.6,0.8598783225051096,-0.8598783225051096,0.061156900084463325,1.0511947203233054,0.37842968154381096,30.218037559901266,15.392441155447415,0.3404193843563558,0.010610722515678149,30.855224253331322,5.046771929384311,0.06990193943469997,0.7794363113183377,-30.855224253331322,0,0.07322658867755917,True,True
fine,55,0.125,3.73333333,0.8030246344534856,-0.8030246344534856,0.062422602809320146,1.063411125439786,0.38206250448554935,30.216094447709974,15.39219591659244,0.3404193843563558,0.010610722515678149,30.794621740761993,5.0449429973020745,0.06899924317290584,0.7761566043757562,-30.794621740761993,0,0.07086149318415204,True,True
fine,55,0.125,4.0,0.6930012355315115,-0.6930012355315115,0.06595347265572617,1.0846462235414553,0.3944665289475641,30.212515553694793,15.3916985857616,0.3404193843563558,0.010610722515678149,30.678657061679836,5.043452150056825,0.06731100202397264,0.7698924788962994,-30.678657061679836,0,0.06662267998877029,True,True
fine,55,0.125,4.26666667,0.5889125546673135,-0.5889125546673135,0.06987579235570139,1.1331034931943371,0.4157992080396548,30.209301558520917,15.39120711938851,0.3404193843563558,0.010610722515678149,30.569512173817674,5.044302553629455,0.06572002325105784,0.7640389523828925,-30.569512173817674,0,0.06315120963877414,True,True
fine,55,0.125,4.4,0.5391821060659189,-0.5391821060659189,0.07173043162550728,1.154996427604626,0.43113466025698577,30.207816248228514,15.390967496676225,0.3404193843563558,0.010610722515678149,30.51744883441665,5.045388480563877,0.06497070790752285,0.7612465761892162,-30.51744883441665,0,0.06156136743083854,True,True
fine,55,0.125,4.8,0.39971607524571673,-0.39971607524571673,0.07614290352070051,1.2093570362635586,0.49587807159008823,30.203784435770945,15.390283949939832,0.3404193843563558,0.010610722515678149,30.372599740680606,5.050603779417312,0.06293437806554472,0.752798077529275,-30.372599740680606,0,0.057202087813776364,True,True
fine,55,0.125,5.33333333,0.24424956490704922,-0.24424956490704922,0.07870261810002474,1.266884695384979,0.6544822292699057,30.199237696227378,15.389469585062743,0.3404193843563558,0.010610722515678149,30.217061900349808,5.062242541635661,0.06050493060577008,0.7391293862364672,-30.217061900349808,0,0.05313965930493781,True,True
fine,55,0.125,5.86666667,0.1556569807466569,-0.1556569807466569,0.08332455591683305,1.4159622163019763,1.0197910916804598,30.19543885696034,15.388769001507091,0.3404193843563558,0.010610722515678149,30.13836611013356,5.085128845629534,0.05817929779979256,0.7238144395213171,-30.13836611013356,0,0.05707692628442457,True,True
fine,55,0.125,6.4,0.22916924164522037,-0.22916924164522037,0.15645254458829252,1.9742421313332479,2.0790759767059126,30.192225815081855,15.7578189268724,0.3404193843563558,0.010610722515678149,30.233160825589827,5.149156493707456,0.062425416625703535,0.7533491325570089,-30.233160825589827,0,0.10099544567518168,True,True
fine,55,0.15,2.4,1.6804368452304448,-1.6804368452304448,0.11840209375491399,2.139480514269775,0.4737473436312564,30.237489341927514,15.393644831044243,0.3404193843563558,0.010610722515678149,31.689862651256835,5.1303975453560255,0.08813393061171357,0.889079727085387,-31.689862651256835,0,0.1391923396530096,True,True
fine,55,0.15,2.8,1.5044291347245928,-1.5044291347245928,0.09104683209846443,1.6952476973480153,0.42216881619552193,30.227430070604083,15.393609946971532,0.3404193843563558,0.010610722515678149,31.506116079489413,5.097404684922392,0.07508873312224532,0.8102950302818451,-31.506116079489413,0,0.1190084121765812,True,True
fine,55,0.15,3.2,1.3251591335608663,-1.3251591335608663,0.070181899861185,1.428810854419207,0.39354795008669463,30.21903117673005,15.393130345546588,0.3404193843563558,0.010610722515678149,31.304643708709328,5.078801559232539,0.06786791578713476,0.7777462129895997,-31.304643708709328,0,0.10214071082373974,True,True
fine,55,0.15,3.6,1.1368700759874977,-1.1368700759874977,0.05997925255120704,1.2376607922999578,0.38543651375792526,30.212030444991807,15.392442194744557,0.3404193843563558,0.010610722515678149,31.10138722000169,5.067362624025201,0.06475045829443041,0.7649908060659337,-31.10138722000169,0,0.08845013912395612,True,True
fine,55,0.15,3.73333333,1.074877468002227,-1.074877468002227,0.058623645197624544,1.1843471866544302,0.38702158727952096,30.209962425505324,15.392193005372967,0.3404193843563558,0.010610722515678149,31.03645296832596,5.065055551654047,0.06406950922078707,0.7618452993636734,-31.03645296832596,0,0.08459322673339462,True,True
fine,55,0.15,4.0,0.9550079613198212,-0.9550079613198212,0.057979755879294256,1.126031832336319,0.3959237937873998,30.206171874774217,15.391686872736694,0.3404193843563558,0.010610722515678149,30.912507433858547,5.062583075524371,0.06285978354627214,0.7559481636203443,-30.912507433858547,0,0.07809827867435912,True,True
fine,55,0.15,4.26666667,0.8421552751286278,-0.8421552751286278,0.058957185488277865,1.1020146271222344,0.41456365330687317,30.202789942936683,15.391186195929436,0.3404193843563558,0.010610722515678149,30.7967591727233,5.062543292354352,0.061724572453216844,0.7504191151164739,-30.7967591727233,0,0.07280443125822655,True,True
fine,55,0.15,4.4,0.7886176941287142,-0.7886176941287142,0.05969216589591299,1.1215088754793907,0.4288268625263603,30.201234631395717,15.3909420430594,0.3404193843563558,0.010610722515678149,30.742019228840963,5.0632511669105495,0.06117412741057954,0.7477651980038842,-30.742019228840963,0,0.07070680835395726,True,True
fine,55,0.15,4.8,0.6407067489201196,-0.6407067489201196,0.06165893262032533,1.1831699128481687,0.49131784330470507,30.19703870037836,15.390245914242948,0.3404193843563558,0.010610722515678149,30.59198927241545,5.067681300167752,0.05957380071395987,0.7396852722518705,-30.59198927241545,0,0.06533788920986625,True,True
fine,55,0.15,5.33333333,0.48392214739433587,-0.48392214739433587,0.062028312189480336,1.2591635675128785,0.6516939761652284,30.192355161143915,15.38941819346692,0.3404193843563558,0.010610722515678149,30.43876045372585,5.079437797389058,0.05732473670622412,0.72623193826722,-30.43876045372585,0,0.060844809528145645,True,True
fine,55,0.15,5.86666667,0.41952032334866834,-0.41952032334866834,0.06813443250056506,1.4944717803641516,1.0311254708354483,30.18848349238001,15.38870847508607,0.3404193843563558,0.010610722515678149,30.387275620432302,5.1056708322031925,0.05472841773928868,0.7106257766424052,-30.387275620432302,0,0.06731201120141725,True,True
fine,55,0.15,6.4,0.6034549418816063,-0.6034549418816063,0.16777069954737683,2.216716071783457,2.149508312429338,30.18523925560366,15.837436253336723,0.3404193843563558,0.010610722515678149,30.595595829232966,5.1853265376182,0.060355844212946784,0.7517030672334456,-30.595595829232966,0,0.12571074075606997,True,True
fine,55,0.175,2.4,1.8398850443403822,-1.8398850443403822,0.13244921607439541,2.6978585857012867,0.49993784823995674,30.233399046517942,15.393634051595376,0.3404193843563558,0.010610722515678149,31.81060244343754,5.151943979604089,0.08219146801772508,0.8892054961522456,-31.81060244343754,0,0.15575763020535016,True,True
fine,55,0.175,2.8,1.6840338504226655,-1.6840338504226655,0.10660775519087022,2.0884950492830816,0.44481918065409437,30.22255878646175,15.393613293095463,0.3404193843563558,0.010610722515678149,31.65137034638563,5.114831986835148,0.07011864415533438,0.8081434620520316,-31.65137034638563,0,0.13552604399513296,True,True
fine,55,0.175,3.2,1.5087978407512155,-1.5087978407512155,0.08238899800599683,1.7110462480146154,0.41274038288425297,30.21355962121737,15.3931350387531,0.3404193843563558,0.010610722515678149,31.456131191423367,5.095018590028206,0.06355357349939997,0.7713491436391567,-31.456131191423367,0,0.11703998417585258,True,True
fine,55,0.175,3.6,1.317490906440709,-1.317490906440709,0.06620168396467674,1.4897498059376717,0.399927307927026,30.20611486128644,15.392439205421532,0.3404193843563558,0.010610722515678149,31.251760676770356,5.082772871503427,0.0608382311068071,0.7571140388366033,-31.251760676770356,0,0.10137430796280003,True,True
fine,55,0.175,3.73333333,1.2537930834804396,-1.2537930834804396,0.06270763316379874,1.442801907511955,0.3993453106780032,30.20392823489077,15.392186246502417,0.3404193843563558,0.010610722515678149,31.18586591543045,5.080124924037508,0.06030539197604949,0.753875696376637,-31.18586591543045,0,0.09691516186871513,True,True
fine,55,0.175,4.0,1.1302245204480768,-1.1302245204480768,0.058023762816983536,1.3626179595889696,0.40390921381778344,30.199937784443186,15.391671660543672,0.3404193843563558,0.010610722515678149,31.05997680582339,5.076918451404866,0.05942295416333312,0.747958331765276,-31.05997680582339,0,0.08897214014508367,True,True
fine,55,0.175,4.26666667,1.0139660628065847,-1.0139660628065847,0.05553106134006432,1.2984794527104062,0.41941314061759744,30.1963987668946,15.391162088689589,0.3404193843563558,0.010610722515678149,30.942866168554648,5.076200021879326,0.05862049004394837,0.7424108712333994,-30.942866168554648,0,0.08225488647370977,True,True
fine,55,0.175,4.4,0.9590481608707195,-0.9590481608707195,0.054769527520997764,1.2702817010163536,0.43246319273904144,30.194778592902036,15.39091354913706,0.3404193843563558,0.010610722515678149,30.887814741259355,5.076626790629204,0.058223168453167426,0.7397280979884563,-30.887814741259355,0,0.07929686280380799,True,True
fine,55,0.175,4.8,0.80912812208525,-0.80912812208525,0.053016280241852044,1.2108432652143308,0.4921579523080385,30.19043294928704,15.390205217311347,0.3404193843563558,0.010610722515678149,30.738844159149465,5.08055087981394,0.056975215560004955,0.7315206407518855,-30.738844159149465,0,0.07184263331451876,True,True
fine,55,0.175,5.33333333,0.6581050296169142,-0.6581050296169142,0.04931875429737022,1.305518564886053,0.653672273198916,30.185629651852462,15.389364561843838,0.3404193843563558,0.010610722515678149,30.59462250520706,5.092798420627563,0.05484936069276756,0.7176916719105071,-30.59462250520706,0,0.06679518092595302,True,True
fine,55,0.175,5.86666667,0.6243846807251574,-0.6243846807251574,0.056047600516590856,1.6123176612156267,1.04743892185672,30.18169985795907,15.388646084020014,0.3404193843563558,0.010610722515678149,30.575963440999438,5.122815385614061,0.05187893182755619,0.7013940997506813,-30.575963440999438,0,0.07578212973855411,True,True
fine,55,0.175,6.4,0.9295116649681734,-0.9295116649681734,0.18066813536340096,2.4980879471654474,2.224007613547087,30.17843692152909,15.917576618624121,0.3404193843563558,0.010610722515678149,30.906206144502697,5.2191760248339385,0.058703968028106304,0.7553822455202646,-30.906206144502697,0,0.1488000103343809,True,True
fine,55,0.2,2.8,1.7556879357332302,-1.7556879357332302,0.11873337821869626,2.520581163016417,0.4662356840643319,30.217733187284622,15.393612029527862,0.3404193843563558,0.010610722515678149,31.69440957040138,5.127221393970627,0.06714352522847301,0.8135040015471958,-31.69440957040138,0,0.14609081449824252,True,True
fine,55,0.2,3.6,1.4177674330801096,-1.4177674330801096,0.07519504013046888,1.7636634810540976,0.41665835542346075,30.20029153567595,15.39243230913861,0.3404193843563558,0.010610722515678149,31.32461315599508,5.093601406813865,0.058099744989786206,0.7546095364316066,-31.32461315599508,0,0.11119247042454837,True,True
fine,55,0.2,3.73333333,1.3552319308906893,-1.3552319308906893,0.07039596879620955,1.701275693532347,0.4150482295556478,30.197992377618636,15.392175757265452,0.3404193843563558,0.010610722515678149,31.26040842319708,5.090746529234739,0.05765282639898284,0.7510757978966046,-31.26040842319708,0,0.10631972000595849,True,True
fine,55,0.2,4.0,1.2330178000172256,-1.2330178000172256,0.06291578923375604,1.5989959463172334,0.4171804461750079,30.193813343399572,15.391653060310926,0.3404193843563558,0.010610722515678149,31.13728587876976,5.087048750974216,0.05696097119728869,0.7448097651033792,-31.13728587876976,0,0.09752147748571854,True,True
fine,55,0.2,4.26666667,1.1176998605090414,-1.1176998605090414,0.057597687102760885,1.5156978828207555,0.4296691661652633,30.190127662018767,15.391134905530935,0.3404193843563558,0.010610722515678149,31.022872384170434,5.085854466191424,0.05636287492615592,0.7389645688214113,-31.022872384170434,0,0.08993596850055158,True,True
fine,55,0.2,4.4,1.0633526325222649,-1.0633526325222649,0.05546368156359036,1.480362672414488,0.44120440308017506,30.18844755496343,15.390882121896809,0.3404193843563558,0.010610722515678149,30.969327583930845,5.0860901409283485,0.0560649065807833,0.7361178015583391,-30.969327583930845,0,0.08657912989301679,True,True
fine,55,0.2,5.33333333,0.7764483611632433,-0.7764483611632433,0.040555087529356264,1.4086073762456341,0.6600201486440268,30.179059247500238,15.389308794462655,0.3404193843563558,0.010610722515678149,30.695555888443458,5.102800567402236,0.052983342711190116,0.7127133796435682,-30.695555888443458,0,0.07148422769424796,True,True
fine,55,0.2,5.86666667,0.7771870110356508,-0.7771870110356508,0.04654478903074001,1.7557254408875533,1.0691346527354988,30.17508537101459,15.388581928700425,0.3404193843563558,0.010610722515678149,30.712525229153634,5.136908759872458,0.04955505309868776,0.6954976442496358,-30.712525229153634,0,0.08259611361973143,True,True
fine,55,0.25,3.2,1.5825064730671738,-1.5825064730671738,0.11262651844874431,2.711372168771052,0.46701019582620457,30.19758021569412,15.39312329468947,0.3404193843563558,0.010610722515678149,31.46649256591676,5.116389623278226,0.05917191563566128,0.7862250808682494,-31.46649256591676,0,0.13750760689135264,True,True
fine,55,0.25,3.73333333,1.3853064370529182,-1.3853064370529182,0.08706949006527143,2.2309623759951522,0.4466515176859138,30.18641713569146,15.392144046063585,0.3404193843563558,0.010610722515678149,31.250920732858596,5.100952598221294,0.0554412688387901,0.7569735658621791,-31.250920732858596,0,0.11692227491542524,True,True
fine,55,0.25,4.26666667,1.1715179117801144,-1.1715179117801144,0.06873255985774757,1.9450777020818524,0.4568860958956654,30.177943810110314,15.391071731647685,0.3404193843563558,0.010610722515678149,31.04008069941163,5.095405108706239,0.054247644602863895,0.7421848528295178,-31.04008069941163,0,0.09943347548738722,True,True
fine,55,0.25,4.8,0.991340338216391,-0.991340338216391,0.05402364078061398,1.8024431609916687,0.5196081973446456,30.17144354375162,15.390068204136863,0.3404193843563558,0.010610722515678149,30.869369897068317,5.099273124000452,0.05307572753550564,0.7281237083527016,-30.869369897068317,0,0.08658361680287495,True,True
fine,55,0.25,5.33333333,0.881934306746427,-0.881934306746427,0.03444147380012131,1.7818004178413873,0.6841231514672776,30.166375946241384,15.389191254995568,0.3404193843563558,0.010610722515678149,30.772845020573655,5.1145827025543795,0.0508475007678587,0.7108635325945319,-30.772845020573655,0,0.07873390346980896,True,True
fine,55,0.25,5.86666667,0.9537748335801005,-0.9537748335801005,0.0335568215485575,2.115124517240054,1.1253026266117099,30.16235348845018,15.388448711986719,0.3404193843563558,0.010610722515678149,30.860499083125607,5.157368511871886,0.04638022937320665,0.6917861047964668,-30.860499083125607,0,0.09209128253026429,True,True
fine,55,0.25,6.4,1.6274693157631073,-1.6274693157631073,0.21900243421289428,3.4464439020614117,2.45939513445339,30.15910361130496,16.16105661051894,0.3404193843563558,0.010610722515678149,31.547181775405093,5.30679946804256,0.05622423730368846,0.7945582720449039,-31.547181775405093,0,0.20503063519929904,True,True
fine,55,0.3,3.2,1.4022736325198437,-1.4022736325198437,0.12217092580822993,3.188760700077826,0.496555697945097,30.187301359184136,15.393095269331267,0.3404193843563558,0.010610722515678149,31.29124965540557,5.113698621817268,0.06495906887673586,0.819488674153296,-31.29124965540557,0,0.13534307410721286,True,True
fine,55,0.3,3.73333333,1.277110614138994,-1.277110614138994,0.10062182662596135,2.6655484983414723,0.47490813880606736,30.175238647893384,15.392098767018192,0.3404193843563558,0.010610722515678149,31.127943955553356,5.099972817444558,0.05669635201145292,0.7726618887347898,-31.127943955553356,0,0.11898382842488152,True,True
fine,55,0.3,4.26666667,1.0966704968781709,-1.0966704968781709,0.08094467312794273,2.288538354471444,0.48387529469823437,30.16623396761383,15.39099749242056,0.3404193843563558,0.010610722515678149,30.947029821325625,5.095384650451721,0.05482958664803802,0.75378683451564,-30.947029821325625,0,0.10204730514351956,True,True
fine,55,0.3,4.8,0.9438377057273529,-0.9438377057273529,0.06338436096749914,2.1074684705881443,0.5463768497616514,30.15946094638362,15.389965426095516,0.3404193843563558,0.010610722515678149,30.80540272814363,5.10014406214319,0.05322430609640024,0.7366907773215626,-30.80540272814363,0,0.0895279390864386,True,True
fine,55,0.3,5.33333333,0.8668679676422469,-0.8668679676422469,0.03845239384686325,2.081711806381417,0.716047658870445,30.154289428323665,15.389066352023487,0.3404193843563558,0.010610722515678149,30.74232295504099,5.118248788747045,0.05052864281993567,0.7163448564158941,-30.74232295504099,0,0.08200422037528188,True,True
fine,55,0.3,5.86666667,1.0012411714829919,-1.0012411714829919,0.02622692973586227,2.4849364281387145,1.1913496484385313,30.150267127742147,15.388309569435469,0.3404193843563558,0.010610722515678149,30.889678020714754,5.169832405627507,0.04512921646160987,0.6962864347847407,-30.889678020714754,0,0.0967930920994432,True,True
fine,55,0.3,6.4,1.8782611969254102,-1.8782611969254102,0.2417841222736742,4.082761548553345,2.6227753793293527,30.147078093379697,16.3258483186243,0.3404193843563558,0.010610722515678149,31.763050970552644,5.3542233802349255,0.05777145872031351,0.8419954281333617,-31.763050970552644,0,0.23123791017108708,True,True
fine,55,0.35,3.2,1.1796927061624793,-1.1796927061624793,0.12393489723967525,3.5111928546494497,0.5210199572954121,30.177330117994845,15.393052268657003,0.3404193843563558,0.010610722515678149,31.118879934542985,5.102117836600148,0.07871200117827123,0.8721211141474268,-31.118879934542985,0,0.12774169806847793,True,True
fine,55,0.35,3.73333333,1.1263899779530688,-1.1263899779530688,0.11039314621337273,2.9785197322672707,0.49910131908752425,30.16445737576236,15.392040781134764,0.3404193843563558,0.010610722515678149,30.986800176774114,5.091465477533321,0.06051706214720935,0.7933307612375649,-30.986800176774114,0,0.11689403353177819,True,True
fine,55,0.35,4.26666667,0.9697047846162736,-0.9697047846162736,0.0914920814291793,2.565732238045478,0.5082977317495496,30.154992666588456,15.390912970884354,0.3404193843563558,0.010610722515678149,30.818949539863347,5.089358897036016,0.057078150117840884,0.7686563264264057,-30.818949539863347,0,0.10104488006446054,True,True
fine,55,0.35,4.8,0.837508501837361,-0.837508501837361,0.07272409377444516,2.3357542119783545,0.572380675312292,30.14800718236117,15.389854384957555,0.3404193843563558,0.010610722515678149,30.69746423192165,5.095692593638235,0.05488350847536466,0.7489809602085222,-30.69746423192165,0,0.08887369238223183,True,True
fine,55,0.35,5.33333333,0.7859237812655748,-0.7859237812655748,0.04529486147705556,2.3275516285014284,0.7498839094003904,30.142783572579898,15.388934818723104,0.3404193843563558,0.010610722515678149,30.659809409760523,5.116754495944043,0.051589829435596216,0.7258283080787951,-30.659809409760523,0,0.08226917305894979,True,True
fine,55,0.35,5.86666667,0.9661698956578529,-0.9661698956578529,0.022412265584190575,2.826881522522912,1.263368229948967,30.138805587371564,15.388165200704638,0.3404193843563558,0.010610722515678149,30.850239788248118,5.176828640109807,0.04566815233066016,0.7064351305749129,-30.850239788248118,0,0.09811217893115681,True,True
fine,55,0.35,6.4,1.984079205703892,-1.984079205703892,0.2629665388012222,4.685302215586991,2.786275986010962,30.135714299473122,16.492547275163133,0.3404193843563558,0.010610722515678149,31.848020005625607,5.393760326078779,0.06292647336502744,0.9047032626952471,-31.848020005625607,0,0.24951716550772773,True,True
fine,55,0.4,3.73333333,1.0073918732678526,-1.0073918732678526,0.11727915042561854,3.1972663737585605,0.5196124743791122,30.15407244076826,15.391970915470296,0.3404193843563558,0.010610722515678149,30.893623588511176,5.078361196918532,0.0664279064752097,0.8168618561787552,-30.893623588511176,0,0.11482366762594069,True,True
fine,55,0.4,4.26666667,0.8471340558912155,-0.8471340558912155,0.10042663996622292,2.77926570166909,0.5299379325475279,30.144213505648082,15.390818915690538,0.3404193843563558,0.010610722515678149,30.705099360750243,5.080186616621092,0.05986387442197053,0.7829403756206494,-30.705099360750243,0,0.09928302684491984,True,True
fine,55,0.4,5.33333333,0.6803457098119599,-0.6803457098119599,0.05177181262940213,2.530254805148495,0.7840744644681401,30.13184203407692,15.388797346310303,0.3404193843563558,0.010610722515678149,30.56432283967095,5.112468817443597,0.05350877216586528,0.7367766832237661,-30.56432283967095,0,0.08085736961353468,True,True
fine,55,0.4,5.86666667,0.8882810679977358,-0.8882810679977358,0.02089330700733824,3.1186172954421423,1.3411918489310897,30.127948233381698,15.388016262545124,0.34041938435638824,0.010610722515677146,30.782442628052955,5.180529706085523,0.04765123958855871,0.7200651174666761,-30.782442628052955,0,0.09754075710607726,True,True
