seed,arm,rate,trial,phase,early_error_deg,endpoint_error_mm,velocity_tracking_rmse_mm_s,path_tracking_rmse_mm,cortex_delta_norm,cb_weight_norm,teaching_segments,clip_events
11,feedback,0.8,1,baseline,-0.1237815997531901,0.01981116386445587,0.10018971968022712,0.009828034344429465,0.0,0.0,0,0
11,feedback,0.8,2,baseline,-0.1237815997531901,0.01981116386445587,0.10018971968022712,0.009828034344429465,0.0,0.0,0,0
11,feedback,0.8,3,baseline,-0.1237815997531901,0.01981116386445587,0.10018971968022712,0.009828034344429465,0.0,0.0,0,0
11,feedback,0.8,4,baseline,-0.1237815997531901,0.01981116386445587,0.10018971968022712,0.009828034344429465,0.0,0.0,0,0
11,feedback,0.8,5,baseline,-0.1237815997531901,0.01981116386445587,0.10018971968022712,0.009828034344429465,0.0,0.0,0,0
11,feedback,0.8,6,baseline,-0.1237815997531901,0.01981116386445587,0.10018971968022712,0.009828034344429465,0.0,0.0,0,0
11,feedback,0.8,7,baseline,-0.1237815997531901,0.01981116386445587,0.10018971968022712,0.009828034344429465,0.0,0.0,0,0
11,feedback,0.8,8,baseline,-0.1237815997531901,0.01981116386445587,0.10018971968022712,0.009828034344429465,0.0,0.0,0,0
11,feedback,0.8,9,baseline,-0.1237815997531901,0.01981116386445587,0.10018971968022712,0.009828034344429465,0.0,0.0,0,0
11,feedback,0.8,10,baseline,-0.1237815997531901,0.01981116386445587,0.10018971968022712,0.009828034344429465,0.0,0.0,0,0
11,feedback,0.8,11,baseline,-0.1237815997531901,0.01981116386445587,0.10018971968022712,0.009828034344429465,0.0,0.0,0,0
11,feedback,0.8,12,baseline,-0.1237815997531901,0.01981116386445587,0.10018971968022712,0.009828034344429465,0.0,0.0,0,0
11,feedback,0.8,13,baseline,-0.1237815997531901,0.01981116386445587,0.10018971968022712,0.009828034344429465,0.0,0.0,0,0
11,feedback,0.8,14,baseline,-0.1237815997531901,0.01981116386445587,0.10018971968022712,0.009828034344429465,0.0,0.0,0,0
11,feedback,0.8,15,baseline,-0.1237815997531901,0.01981116386445587,0.10018971968022712,0.009828034344429465,0.0,0.0,0,0
11,feedback,0.8,16,baseline,-0.1237815997531901,0.01981116386445587,0.10018971968022712,0.009828034344429465,0.0,0.0,0,0
11,feedback,0.8,17,baseline,-0.1237815997531901,0.01981116386445587,0.10018971968022712,0.009828034344429465,0.0,0.0,0,0
11,feedback,0.8,18,baseline,-0.1237815997531901,0.01981116386445587,0.10018971968022712,0.009828034344429465,0.0,0.0,0,0
11,feedback,0.8,19,baseline,-0.1237815997531901,0.01981116386445587,0.10018971968022712,0.009828034344429465,0.0,0.0,0,0
11,feedback,0.8,20,baseline,-0.1237815997531901,0.01981116386445587,0.10018971968022712,0.009828034344429465,0.0,0.0,0,0
11,feedback,0.8,21,adaptation,29.87621840024681,15.20490480838775,54.12465521835066,12.985084068981397,0.0,0.0,0,0
11,feedback,0.8,22,adaptation,29.87621840024681,15.20490480838775,54.12465521835066,12.985084068981397,0.0,0.0,0,0
11,feedback,0.8,23,adaptation,29.87621840024681,15.20490480838775,54.12465521835066,12.985084068981397,0.0,0.0,0,0
11,feedback,0.8,24,adaptation,29.87621840024681,15.20490480838775,54.12465521835066,12.985084068981397,0.0,0.0,0,0
11,feedback,0.8,25,adaptation,29.87621840024681,15.20490480838775,54.12465521835066,12.985084068981397,0.0,0.0,0,0
11,feedback,0.8,26,adaptation,29.87621840024681,15.20490480838775,54.12465521835066,12.985084068981397,0.0,0.0,0,0
11,feedback,0.8,27,adaptation,29.87621840024681,15.20490480838775,54.12465521835066,12.985084068981397,0.0,0.0,0,0
11,feedback,0.8,28,adaptation,29.87621840024681,15.20490480838775,54.12465521835066,12.985084068981397,0.0,0.0,0,0
11,feedback,0.8,29,adaptation,29.87621840024681,15.20490480838775,54.12465521835066,12.985084068981397,0.0,0.0,0,0
11,feedback,0.8,30,adaptation,29.87621840024681,15.20490480838775,54.12465521835066,12.985084068981397,0.0,0.0,0,0
11,feedback,0.8,31,adaptation,29.87621840024681,15.20490480838775,54.12465521835066,12.985084068981397,0.0,0.0,0,0
11,feedback,0.8,32,adaptation,29.87621840024681,15.20490480838775,54.12465521835066,12.985084068981397,0.0,0.0,0,0
11,feedback,0.8,33,adaptation,29.87621840024681,15.20490480838775,54.12465521835066,12.985084068981397,0.0,0.0,0,0
11,feedback,0.8,34,adaptation,29.87621840024681,15.20490480838775,54.12465521835066,12.985084068981397,0.0,0.0,0,0
11,feedback,0.8,35,adaptation,29.87621840024681,15.20490480838775,54.12465521835066,12.985084068981397,0.0,0.0,0,0
11,feedback,0.8,36,adaptation,29.87621840024681,15.20490480838775,54.12465521835066,12.985084068981397,0.0,0.0,0,0
11,feedback,0.8,37,adaptation,29.87621840024681,15.20490480838775,54.12465521835066,12.985084068981397,0.0,0.0,0,0
11,feedback,0.8,38,adaptation,29.87621840024681,15.20490480838775,54.12465521835066,12.985084068981397,0.0,0.0,0,0
11,feedback,0.8,39,adaptation,29.87621840024681,15.20490480838775,54.12465521835066,12.985084068981397,0.0,0.0,0,0
11,feedback,0.8,40,adaptation,29.87621840024681,15.20490480838775,54.12465521835066,12.985084068981397,0.0,0.0,0,0
11,feedback,0.8,41,adaptation,29.87621840024681,15.20490480838775,54.12465521835066,12.985084068981397,0.0,0.0,0,0
11,feedback,0.8,42,adaptation,29.87621840024681,15.20490480838775,54.12465521835066,12.985084068981397,0.0,0.0,0,0
11,feedback,0.8,43,adaptation,29.87621840024681,15.20490480838775,54.12465521835066,12.985084068981397,0.0,0.0,0,0
11,feedback,0.8,44,adaptation,29.87621840024681,15.20490480838775,54.12465521835066,12.985084068981397,0.0,0.0,0,0
11,feedback,0.8,45,adaptation,29.87621840024681,15.20490480838775,54.12465521835066,12.985084068981397,0.0,0.0,0,0
11,feedback,0.8,46,adaptation,29.87621840024681,15.20490480838775,54.12465521835066,12.985084068981397,0.0,0.0,0,0
11,feedback,0.8,47,adaptation,29.87621840024681,15.20490480838775,54.12465521835066,12.985084068981397,0.0,0.0,0,0
11,feedback,0.8,48,adaptation,29.87621840024681,15.20490480838775,54.12465521835066,12.985084068981397,0.0,0.0,0,0
11,feedback,0.8,49,adaptation,29.87621840024681,15.20490480838775,54.12465521835066,12.985084068981397,0.0,0.0,0,0
11,feedback,0.8,50,adaptation,29.87621840024681,15.20490480838775,54.12465521835066,12.985084068981397,0.0,0.0,0,0
11,feedback,0.8,51,adaptation,29.87621840024681,15.20490480838775,54.12465521835066,12.985084068981397,0.0,0.0,0,0
11,feedback,0.8,52,adaptation,29.87621840024681,15.20490480838775,54.12465521835066,12.985084068981397,0.0,0.0,0,0
11,feedback,0.8,53,adaptation,29.87621840024681,15.20490480838775,54.12465521835066,12.985084068981397,0.0,0.0,0,0
11,feedback,0.8,54,adaptation,29.87621840024681,15.20490480838775,54.12465521835066,12.985084068981397,0.0,0.0,0,0
11,feedback,0.8,55,adaptation,29.87621840024681,15.20490480838775,54.12465521835066,12.985084068981397,0.0,0.0,0,0
11,feedback,0.8,56,adaptation,29.87621840024681,15.20490480838775,54.12465521835066,12.985084068981397,0.0,0.0,0,0
11,feedback,0.8,57,adaptation,29.87621840024681,15.20490480838775,54.12465521835066,12.985084068981397,0.0,0.0,0,0
11,feedback,0.8,58,adaptation,29.87621840024681,15.20490480838775,54.12465521835066,12.985084068981397,0.0,0.0,0,0
11,feedback,0.8,59,adaptation,29.87621840024681,15.20490480838775,54.12465521835066,12.985084068981397,0.0,0.0,0,0
11,feedback,0.8,60,adaptation,29.87621840024681,15.20490480838775,54.12465521835066,12.985084068981397,0.0,0.0,0,0
11,feedback,0.8,61,adaptation,29.87621840024681,15.20490480838775,54.12465521835066,12.985084068981397,0.0,0.0,0,0
11,feedback,0.8,62,adaptation,29.87621840024681,15.20490480838775,54.12465521835066,12.985084068981397,0.0,0.0,0,0
11,feedback,0.8,63,adaptation,29.87621840024681,15.20490480838775,54.12465521835066,12.985084068981397,0.0,0.0,0,0
11,feedback,0.8,64,adaptation,29.87621840024681,15.20490480838775,54.12465521835066,12.985084068981397,0.0,0.0,0,0
11,feedback,0.8,65,adaptation,29.87621840024681,15.20490480838775,54.12465521835066,12.985084068981397,0.0,0.0,0,0
11,feedback,0.8,66,adaptation,29.87621840024681,15.20490480838775,54.12465521835066,12.985084068981397,0.0,0.0,0,0
11,feedback,0.8,67,adaptation,29.87621840024681,15.20490480838775,54.12465521835066,12.985084068981397,0.0,0.0,0,0
11,feedback,0.8,68,adaptation,29.87621840024681,15.20490480838775,54.12465521835066,12.985084068981397,0.0,0.0,0,0
11,feedback,0.8,69,adaptation,29.87621840024681,15.20490480838775,54.12465521835066,12.985084068981397,0.0,0.0,0,0
11,feedback,0.8,70,adaptation,29.87621840024681,15.20490480838775,54.12465521835066,12.985084068981397,0.0,0.0,0,0
11,feedback,0.8,71,adaptation,29.87621840024681,15.20490480838775,54.12465521835066,12.985084068981397,0.0,0.0,0,0
11,feedback,0.8,72,adaptation,29.87621840024681,15.20490480838775,54.12465521835066,12.985084068981397,0.0,0.0,0,0
11,feedback,0.8,73,adaptation,29.87621840024681,15.20490480838775,54.12465521835066,12.985084068981397,0.0,0.0,0,0
11,feedback,0.8,74,adaptation,29.87621840024681,15.20490480838775,54.12465521835066,12.985084068981397,0.0,0.0,0,0
11,feedback,0.8,75,adaptation,29.87621840024681,15.20490480838775,54.12465521835066,12.985084068981397,0.0,0.0,0,0
11,feedback,0.8,76,adaptation,29.87621840024681,15.20490480838775,54.12465521835066,12.985084068981397,0.0,0.0,0,0
11,feedback,0.8,77,adaptation,29.87621840024681,15.20490480838775,54.12465521835066,12.985084068981397,0.0,0.0,0,0
11,feedback,0.8,78,adaptation,29.87621840024681,15.20490480838775,54.12465521835066,12.985084068981397,0.0,0.0,0,0
11,feedback,0.8,79,adaptation,29.87621840024681,15.20490480838775,54.12465521835066,12.985084068981397,0.0,0.0,0,0
11,feedback,0.8,80,adaptation,29.87621840024681,15.20490480838775,54.12465521835066,12.985084068981397,0.0,0.0,0,0
11,feedback,0.8,81,adaptation,29.87621840024681,15.20490480838775,54.12465521835066,12.985084068981397,0.0,0.0,0,0
11,feedback,0.8,82,adaptation,29.87621840024681,15.20490480838775,54.12465521835066,12.985084068981397,0.0,0.0,0,0
11,feedback,0.8,83,adaptation,29.87621840024681,15.20490480838775,54.12465521835066,12.985084068981397,0.0,0.0,0,0
11,feedback,0.8,84,adaptation,29.87621840024681,15.20490480838775,54.12465521835066,12.985084068981397,0.0,0.0,0,0
11,feedback,0.8,85,adaptation,29.87621840024681,15.20490480838775,54.12465521835066,12.985084068981397,0.0,0.0,0,0
11,feedback,0.8,86,adaptation,29.87621840024681,15.20490480838775,54.12465521835066,12.985084068981397,0.0,0.0,0,0
11,feedback,0.8,87,adaptation,29.87621840024681,15.20490480838775,54.12465521835066,12.985084068981397,0.0,0.0,0,0
11,feedback,0.8,88,adaptation,29.87621840024681,15.20490480838775,54.12465521835066,12.985084068981397,0.0,0.0,0,0
11,feedback,0.8,89,adaptation,29.87621840024681,15.20490480838775,54.12465521835066,12.985084068981397,0.0,0.0,0,0
11,feedback,0.8,90,adaptation,29.87621840024681,15.20490480838775,54.12465521835066,12.985084068981397,0.0,0.0,0,0
11,feedback,0.8,91,adaptation,29.87621840024681,15.20490480838775,54.12465521835066,12.985084068981397,0.0,0.0,0,0
11,feedback,0.8,92,adaptation,29.87621840024681,15.20490480838775,54.12465521835066,12.985084068981397,0.0,0.0,0,0
11,feedback,0.8,93,adaptation,29.87621840024681,15.20490480838775,54.12465521835066,12.985084068981397,0.0,0.0,0,0
11,feedback,0.8,94,adaptation,29.87621840024681,15.20490480838775,54.12465521835066,12.985084068981397,0.0,0.0,0,0
11,feedback,0.8,95,adaptation,29.87621840024681,15.20490480838775,54.12465521835066,12.985084068981397,0.0,0.0,0,0
11,feedback,0.8,96,adaptation,29.87621840024681,15.20490480838775,54.12465521835066,12.985084068981397,0.0,0.0,0,0
11,feedback,0.8,97,adaptation,29.87621840024681,15.20490480838775,54.12465521835066,12.985084068981397,0.0,0.0,0,0
11,feedback,0.8,98,adaptation,29.87621840024681,15.20490480838775,54.12465521835066,12.985084068981397,0.0,0.0,0,0
11,feedback,0.8,99,adaptation,29.87621840024681,15.20490480838775,54.12465521835066,12.985084068981397,0.0,0.0,0,0
11,feedback,0.8,100,adaptation,29.87621840024681,15.20490480838775,54.12465521835066,12.985084068981397,0.0,0.0,0,0
11,feedback,0.8,101,washout,-0.1237815997531901,0.01981116386445587,0.10018971968022712,0.009828034344429465,0.0,0.0,0,0
11,feedback,0.8,102,washout,-0.1237815997531901,0.01981116386445587,0.10018971968022712,0.009828034344429465,0.0,0.0,0,0
11,feedback,0.8,103,washout,-0.1237815997531901,0.01981116386445587,0.10018971968022712,0.009828034344429465,0.0,0.0,0,0
11,feedback,0.8,104,washout,-0.1237815997531901,0.01981116386445587,0.10018971968022712,0.009828034344429465,0.0,0.0,0,0
11,feedback,0.8,105,washout,-0.1237815997531901,0.01981116386445587,0.10018971968022712,0.009828034344429465,0.0,0.0,0,0
11,feedback,0.8,106,washout,-0.1237815997531901,0.01981116386445587,0.10018971968022712,0.009828034344429465,0.0,0.0,0,0
11,feedback,0.8,107,washout,-0.1237815997531901,0.01981116386445587,0.10018971968022712,0.009828034344429465,0.0,0.0,0,0
11,feedback,0.8,108,washout,-0.1237815997531901,0.01981116386445587,0.10018971968022712,0.009828034344429465,0.0,0.0,0,0
11,feedback,0.8,109,washout,-0.1237815997531901,0.01981116386445587,0.10018971968022712,0.009828034344429465,0.0,0.0,0,0
11,feedback,0.8,110,washout,-0.1237815997531901,0.01981116386445587,0.10018971968022712,0.009828034344429465,0.0,0.0,0,0
11,feedback,0.8,111,washout,-0.1237815997531901,0.01981116386445587,0.10018971968022712,0.009828034344429465,0.0,0.0,0,0
11,feedback,0.8,112,washout,-0.1237815997531901,0.01981116386445587,0.10018971968022712,0.009828034344429465,0.0,0.0,0,0
11,feedback,0.8,113,washout,-0.1237815997531901,0.01981116386445587,0.10018971968022712,0.009828034344429465,0.0,0.0,0,0
11,feedback,0.8,114,washout,-0.1237815997531901,0.01981116386445587,0.10018971968022712,0.009828034344429465,0.0,0.0,0,0
11,feedback,0.8,115,washout,-0.1237815997531901,0.01981116386445587,0.10018971968022712,0.009828034344429465,0.0,0.0,0,0
11,feedback,0.8,116,washout,-0.1237815997531901,0.01981116386445587,0.10018971968022712,0.009828034344429465,0.0,0.0,0,0
11,feedback,0.8,117,washout,-0.1237815997531901,0.01981116386445587,0.10018971968022712,0.009828034344429465,0.0,0.0,0,0
11,feedback,0.8,118,washout,-0.1237815997531901,0.01981116386445587,0.10018971968022712,0.009828034344429465,0.0,0.0,0,0
11,feedback,0.8,119,washout,-0.1237815997531901,0.01981116386445587,0.10018971968022712,0.009828034344429465,0.0,0.0,0,0
11,feedback,0.8,120,washout,-0.1237815997531901,0.01981116386445587,0.10018971968022712,0.009828034344429465,0.0,0.0,0,0
11,cortex,0.8,1,baseline,-0.1237815997531901,0.01981116386445587,0.10018971968022712,0.009828034344429465,5.332607661785624e-05,0.0,67,0
11,cortex,0.8,2,baseline,-0.1583275967524444,0.01706143191217329,0.10073546834542357,0.009096992427953662,9.539510258496799e-05,0.0,67,0
11,cortex,0.8,3,baseline,-0.18415196086974162,0.015074646612463606,0.10144158594046213,0.009058042191716197,0.00012898639442236672,0.0,67,0
11,cortex,0.8,4,baseline,-0.20325028542475937,0.01366560437700103,0.10214119423572558,0.009349709621395278,0.00015625420306003955,0.0,67,0
11,cortex,0.8,5,baseline,-0.21716734994396822,0.012683231217710832,0.10275826479461447,0.009747606581490284,0.00017886058459786117,0.0,67,0
11,cortex,0.8,6,baseline,-0.2270994489918777,0.012007820870574587,0.10326555459385466,0.010141183605549511,0.00019807960506724236,0.0,67,0
11,cortex,0.8,7,baseline,-0.23397316594836542,0.011548224240974141,0.1036605847226673,0.010485371998071999,0.0002148796787355281,0.0,67,0
11,cortex,0.8,8,baseline,-0.23850614875479564,0.011237802546185815,0.10395237914174588,0.010767138239132475,0.00022998914036296552,0.0,67,0
11,cortex,0.8,9,baseline,-0.2412540813999033,0.011029499180341268,0.10415437938706706,0.010987674548186692,0.0002439487964087636,0.0,67,0
11,cortex,0.8,10,baseline,-0.2426470357640887,0.0108909406209087,0.10428082210726053,0.011153755705470562,0.0002571541682168755,0.0,67,0
11,cortex,0.8,11,baseline,-0.24301763426757506,0.010800242899040056,0.10434502008063959,0.01127372987567361,0.0002698894025298107,0.0,67,0
11,cortex,0.8,12,baseline,-0.2426228856910392,0.010742768797510597,0.10435866463464454,0.01135575080137804,0.00028235433242672863,0.0,67,0
11,cortex,0.8,13,baseline,-0.24166112581957297,0.010708781953628012,0.10433165634071197,0.01140707738609251,0.0002946858610736582,0.0,67,0
11,cortex,0.8,14,baseline,-0.2402851662630406,0.010691820071455464,0.10427219193091833,0.011433872882971654,0.0003069746461026643,0.0,67,0
11,cortex,0.8,15,baseline,-0.2386125035077442,0.010687595216835957,0.10418696024920235,0.01144122860584289,0.0003192779300740122,0.0,67,0
11,cortex,0.8,16,baseline,-0.23673324721982694,0.010693260758544779,0.10408137010728476,0.011433278853862062,0.0003316292564018648,0.0,67,0
11,cortex,0.8,17,baseline,-0.23471627815564458,0.010706925715522335,0.10395977183350481,0.011413343236600792,0.0003440457118886536,0.0,67,0
11,cortex,0.8,18,baseline,-0.23261403128438746,0.010727333297578037,0.10382565555732144,0.011384066999701355,0.0003565332408007394,0.0,67,0
11,cortex,0.8,19,baseline,-0.23046621100868184,0.01075364759485339,0.10368182055795507,0.011347547028851152,0.0003690904822933495,0.0,67,0
11,cortex,0.8,20,baseline,-0.2283026766818277,0.010785311403358606,0.10353051571070675,0.01130543958272611,0.0003817114963747914,0.0,67,0
11,cortex,0.8,21,adaptation,29.77385431660456,15.205199879831122,54.109016955279465,12.978284764613965,0.052742872618753135,0.0,67,0
11,cortex,0.8,22,adaptation,-12.773865148299771,11.404347332740798,45.840273474070734,9.97113510477901,0.09219479829057269,0.0,67,0
11,cortex,0.8,23,adaptation,-34.15092106277432,8.61172697683486,39.76620206380395,7.758198380455078,0.12183841590443129,0.0,67,0
11,cortex,0.8,24,adaptation,-43.729594670188234,6.624619873100583,35.25627635005307,6.148470680657884,0.1442538072723263,0.0,67,0
11,cortex,0.8,25,adaptation,-48.699257307837414,5.279220384708184,31.84660717020419,4.99159040857589,0.1613789298665866,0.0,67,0
11,cortex,0.8,26,adaptation,-51.59876091532763,4.431122656219573,29.20641202125814,4.168692267272764,0.17465822749816443,0.0,67,0
11,cortex,0.8,27,adaptation,-53.42300976061507,3.94198776935005,27.106156428938377,3.586162124958679,0.18515955801733713,0.0,67,0
11,cortex,0.8,28,adaptation,-54.62245411695152,3.684145445176525,25.389465858747137,3.171777723972208,0.19366559723840465,0.0,67,0
11,cortex,0.8,29,adaptation,-55.4247900538205,3.556359840952374,23.950616313693192,2.8719269560117855,0.200744770482057,0.0,67,0
11,cortex,0.8,30,adaptation,-55.95454238300665,3.491430027146254,22.717917649064866,2.648676894713374,0.20680587940424913,0.0,67,0
11,cortex,0.8,31,adaptation,-56.28365981663649,3.4509784313954803,21.64217464375568,2.4763920524071974,0.2121398426718531,0.0,67,0
11,cortex,0.8,32,adaptation,-56.45527456117964,3.415636897334714,20.688998477351955,2.3383489730788614,0.21695132837886338,0.0,67,0
11,cortex,0.8,33,adaptation,-56.49583559258202,3.376866431719165,19.833808086264746,2.2238628663835365,0.2213825179440234,0.0,67,0
11,cortex,0.8,34,adaptation,-56.421744432109925,3.331749401459748,19.058614910326614,2.126144511090945,0.2255307957451379,0.0,67,0
11,cortex,0.8,35,adaptation,-56.24319827127136,3.280061133352059,18.349952930426245,2.040840271892094,0.22946179228043775,0.0,67,0
11,cortex,0.8,36,adaptation,-55.966527622662774,3.222729317217637,17.69753193829698,1.965095633631109,0.23321890782597748,0.0,67,0
11,cortex,0.8,37,adaptation,-55.595681035124116,3.161061877385608,17.093345320030675,1.8969770752095427,0.2368301973726463,0.0,67,0
11,cortex,0.8,38,adaptation,-55.133205856709154,3.0963814310571105,16.531065027524367,1.835123033828945,0.2403132975144593,0.0,67,0
11,cortex,0.8,39,adaptation,-54.58092022349109,3.0298687678239378,16.005620621242507,1.778535245488989,0.24367891504780065,0.0,67,0
11,cortex,0.8,40,adaptation,-53.94038937748429,2.962510637951557,15.512898858437788,1.7264538629321293,0.24693326941229587,0.0,67,0
11,cortex,0.8,41,adaptation,-53.21327345785848,2.895097225096779,15.04952434276708,1.6782818103594925,0.25007978139165005,0.0,67,0
11,cortex,0.8,42,adaptation,-52.401586976717574,2.828241217419682,14.612696263921608,1.6335378886753218,0.25312022376829374,0.0,67,0
11,cortex,0.8,43,adaptation,-51.5078937425658,2.7624043504781595,14.200065039759773,1.5918267074428152,0.25605549143852363,0.0,67,0
11,cortex,0.8,44,adaptation,-50.535450628440614,2.6979245997714454,13.809638050412616,1.5528185855323355,0.2588861049477686,0.0,67,0
11,cortex,0.8,45,adaptation,-49.48830698327226,2.6350409891814293,13.439707011479568,1.5162354981021868,0.2616125291991725,0.0,67,0
11,cortex,0.8,46,adaptation,-48.3713624257629,2.573914911102534,13.08879168885486,1.4818408228543531,0.26423536551696114,0.0,67,0
11,cortex,0.8,47,adaptation,-47.19038357779112,2.5146478020904084,12.75559608805244,1.4494315838967142,0.2667554581512811,0.0,67,0
11,cortex,0.8,48,adaptation,-45.951979605310676,2.45729545088762,12.438974234227004,1.4188324214333319,0.2691739440132056,0.0,67,0
11,cortex,0.8,49,adaptation,-44.663536963236616,2.4018793826088998,12.13790335833532,1.389890812307911,0.2714922656449132,0.0,67,0
11,cortex,0.8,50,adaptation,-43.33311521681882,2.3483957965487883,11.8514628168347,1.362473234094181,0.2737121611976846,0.0,67,0
11,cortex,0.8,51,adaptation,-41.96930791720878,2.2968225061151477,11.578817455835747,1.3364620622369179,0.275835640795943,0.0,67,0
11,cortex,0.8,52,adaptation,-40.581074865590764,2.247124274829596,11.319204422714256,1.311753047863585,0.27786495558642677,0.0,67,0
11,cortex,0.8,53,adaptation,-39.177554296770296,2.1992568810769275,11.071922653054775,1.2882532607925596,0.27980256362821715,0.0,67,0
11,cortex,0.8,54,adaptation,-37.76786515794146,2.15317018549433,10.836324435021135,1.2658794073324005,0.28165109529827903,0.0,67,0
11,cortex,0.8,55,adaptation,-36.36091044518174,2.1088104225270987,10.611808588620798,1.2445564506616258,0.2834133198724949,0.0,67,0
11,cortex,0.8,56,adaptation,-34.96519232530589,2.066121892996007,10.397814902591536,1.224216475522584,0.28509211425435,0.0,67,0
11,cortex,0.8,57,adaptation,-33.58864852322467,2.0250481974326884,10.193819553395496,1.204797750048825,0.2866904343634312,0.0,67,0
11,cortex,0.8,58,adaptation,-32.23851737036521,1.98553311972433,9.999331294190366,1.1862439465473127,0.28821128939383067,0.0,67,0
11,cortex,0.8,59,adaptation,-30.921236287334235,1.9475212463394684,9.813888250652639,1.1685034904288512,0.28965771895918624,0.0,67,0
11,cortex,0.8,60,adaptation,-29.64237567095689,1.910958387114025,9.637055198306397,1.1515290125254398,0.2910327730219418,0.0,67,0
11,cortex,0.8,61,adaptation,-28.40660751598834,1.87579184836963,9.468421225040514,1.1352768849738337,0.2923394944354083,0.0,67,0
11,cortex,0.8,62,adaptation,-27.21770589752831,1.8419705972335125,9.307597704733725,1.119706824859152,0.29358090389160485,0.0,67,0
11,cortex,0.8,63,adaptation,-26.078574838520044,1.8094453467668452,9.15421652488682,1.104781553053404,0.294759987054105,0.0,67,0
11,cortex,0.8,64,adaptation,-24.9912981428592,1.7781685843365411,9.007928524084544,1.0904664982819559,0.29587968365524675,0.0,67,0
11,cortex,0.8,65,adaptation,-23.95720544800672,1.7480945601363618,8.868402104925638,1.0767295385206423,0.2969428783457062,0.0,67,0
11,cortex,0.8,66,adaptation,-22.976948934669217,1.7191792485223873,8.735321995491402,1.0635407734640228,0.29795239309790883,0.0,67,0
11,cortex,0.8,67,adaptation,-22.05058568478925,1.6913802915796738,8.608388138043397,1.0508723230950154,0.2989109809806689,0.0,67,0
11,cortex,0.8,68,adaptation,-21.17766145811263,1.664656931867173,8.48731468788973,1.03869814839631,0.299821321139212,0.0,67,0
11,cortex,0.8,69,adaptation,-20.35729253358489,1.638969939407739,8.37182910856666,1.026993891032509,0.3006860148313667,0.0,67,0
11,cortex,0.8,70,adaptation,-19.588243134122404,1.6142815365716943,8.261671351916048,1.01573672944552,0.301507582386597,0.0,67,0
11,cortex,0.8,71,adaptation,-18.86899675239889,1.5905553234302192,8.156593113487897,1.0049052492823731,0.30228846096935513,0.0,67,0
11,cortex,0.8,72,adaptation,-18.197820380684448,1.5677562053511382,8.056357155114702,0.9944793264448476,0.3030310030418046,0.0,67,0
11,cortex,0.8,73,adaptation,-17.572821202587082,1.5458503240100845,7.960736687602964,0.9844400213377287,0.303737475433233,0.0,67,0
11,cortex,0.8,74,adaptation,-16.9919957290349,1.524804992542869,7.869514807352384,0.9747694831173204,0.3044100589344884,0.0,67,0
11,cortex,0.8,75,adaptation,-16.453271666369236,1.50458863523703,7.782483981402745,0.9654508629169651,0.30505084834556717,0.0,67,0
11,cortex,0.8,76,adaptation,-15.954543008136058,1.4851707319188785,7.6994455759798575,0.956468235165771,0.3056618529131692,0.0,67,0
11,cortex,0.8,77,adaptation,-15.493698963440343,1.4665217670208852,7.620209424086566,0.9478065262266749,0.30624499710269937,0.0,67,0
11,cortex,0.8,78,adaptation,-15.068647392370872,1.4486131831906086,7.544593428098778,0.9394514496697098,0.30680212165593945,0.0,67,0
11,cortex,0.8,79,adaptation,-14.677333429964866,1.4314173392179392,7.4724231936880905,0.9313894475690029,0.3073349848915402,0.0,67,0
11,cortex,0.8,80,adaptation,-14.31775395872003,1.4149074720026111,7.403531691724545,0.923607637273336,0.3078452642106818,0.0,67,0
11,cortex,0.8,81,adaptation,-13.987968547261646,1.3990576622492013,7.337758945108683,0.9160937631506505,0.30833455777480634,0.0,67,0
11,cortex,0.8,82,adaptation,-13.68610741823367,1.3838428035596304,7.274951737768468,0.908836152852429,0.3088043863263187,0.0,67,0
11,cortex,0.8,83,adaptation,-13.410376948333422,1.3692385745872515,7.214963343313286,0.9018236776815735,0.30925619512665153,0.0,67,0
11,cortex,0.8,84,adaptation,-13.159063142223172,1.3552214139201022,7.157653271085353,0.8950457166825576,0.30969135598915526,0.0,67,0
11,cortex,0.8,85,adaptation,-12.93053346289279,1.3417684973710038,7.102887027581504,0.8884921241038204,0.3101111693869673,0.0,67,0
11,cortex,0.8,86,adaptation,-12.723237345850716,1.3288577173669927,7.050535891434412,0.8821531999104005,0.3105168666183757,0.0,67,0
11,cortex,0.8,87,adaptation,-12.535705674309332,1.316467664148406,7.0004767003463435,0.8760196630511581,0.3109096120142715,0.0,67,0
11,cortex,0.8,88,adaptation,-12.366549447774888,1.304577608508938,6.952591648559464,0.8700826272091612,0.31129050517411294,0.0,67,0
11,cortex,0.8,89,adaptation,-12.214457837194592,1.293167485829136,6.906768093622644,0.8643335787861903,0.31166058321843987,0.0,67,0
11,cortex,0.8,90,adaptation,-12.078195785803247,1.2822178811788907,6.862898371376093,0.8587643568933294,0.31202082304740025,0.0,67,0
11,cortex,0.8,91,adaptation,-11.956601285698177,1.2717100152870486,6.820879618224987,0.8533671351392028,0.31237214359601706,0.0,67,0
11,cortex,0.8,92,adaptation,-11.848582435452405,1.2616257311980708,6.78061359990807,0.8481344050259385,0.31271540807804205,0.0,67,0
11,cortex,0.8,93,adaptation,-11.753114363286384,1.2519474814584355,6.742006546086783,0.8430589607797087,0.3130514262112405,0.0,67,0
11,cortex,0.8,94,adaptation,-11.669236082944629,1.2426583156961604,6.7049689901930565,0.838133885459161,0.31338095641783975,0.0,67,0
11,cortex,0.8,95,adaptation,-11.596047335014461,1.2337418684757693,6.6694156140651435,0.8333525381994868,0.31370470799466754,0.0,67,0
11,cortex,0.8,96,adaptation,-11.532705454540778,1.2251823473313124,6.635265096989907,0.8287085424641317,0.31402334324821934,0.0,67,0
11,cortex,0.8,97,adaptation,-11.47842229606155,1.2169645208963515,6.6024399688404385,0.8241957751887559,0.3143374795905285,0.0,67,0
11,cortex,0.8,98,adaptation,-11.432461239261944,1.209073707064926,6.570866467061531,0.8198083567141669,0.31464769159229194,0.0,67,0
11,cortex,0.8,99,adaptation,-11.394134292042528,1.2014957611347745,6.540474397311371,0.8155406414156626,0.3149545129902184,0.0,67,0
11,cortex,0.8,100,adaptation,-11.36279930264135,1.1942170638935925,6.511196997608669,0.8113872089466206,0.3152584386460353,0.0,67,0
11,cortex,0.8,101,washout,-41.33785728835243,6.901729180180172,41.7896480659466,10.88342928664952,0.28982931168411846,0.0,67,0
11,cortex,0.8,102,washout,-7.234523990823559,4.415273736262488,36.70666236944042,8.642754527579099,0.2710216218081653,0.0,67,0
11,cortex,0.8,103,washout,14.874567345295983,2.6779731085814062,32.79401960885518,6.945618807719343,0.25632347264806876,0.0,67,0
11,cortex,0.8,104,washout,26.332537501266895,1.640741748201324,29.72275098869238,5.659083544429869,0.2441521817889858,0.0,67,0
11,cortex,0.8,105,washout,32.483634070765575,1.374931028896301,27.25587893831445,4.683545441283915,0.2335497420613317,0.0,67,0
11,cortex,0.8,106,washout,35.98360521841065,1.6201505617652385,25.22497169478414,3.94333844274843,0.22395513071351303,0.0,67,0
11,cortex,0.8,107,washout,38.02528221734673,1.9572784217351393,23.511657551488653,3.380416268392726,0.21504937014948822,0.0,67,0
11,cortex,0.8,108,washout,39.188753246155116,2.2389912141426604,22.033339729611875,2.9500857955693602,0.20665636500566104,0.0,67,0
11,cortex,0.8,109,washout,39.78342461253443,2.443420907042226,20.732512735964807,2.618070138579662,0.1986819343654819,0.0,67,0
11,cortex,0.8,110,washout,39.98811998487097,2.578440839408448,19.569026908483643,2.358371991131804,0.19107736561013244,0.0,67,0
11,cortex,0.8,111,washout,39.913361403304094,2.657271775000387,18.514634863514768,2.1515853501277515,0.18381811771206547,0.0,67,0
11,cortex,0.8,112,washout,39.63142070534027,2.6924989151360084,17.549221410308064,1.983473562047786,0.1768916577444947,0.0,67,0
11,cortex,0.8,113,washout,39.191890453108144,2.6947142125281123,16.658231095258774,1.8437545008020717,0.17029070692003834,0.0,67,0
11,cortex,0.8,114,washout,38.6302515008343,2.672429681550827,15.830926068311976,1.7250892002222988,0.16400964045430336,0.0,67,0
11,cortex,0.8,115,washout,37.97283126838811,2.632335989183278,15.059209774026604,1.6222751311510142,0.15804269390886724,0.0,67,0
11,cortex,0.8,116,washout,37.23979829688256,2.579625124526755,14.33683213991278,1.5316301220562523,0.15238318016309216,0.0,67,0
11,cortex,0.8,117,washout,36.44703781376727,2.518290227335204,13.65885054530441,1.4505389484026436,0.14702325222755594,0.0,67,0
11,cortex,0.8,118,washout,35.607363881904554,2.4513794869348478,13.02126199001902,1.3771289836894138,0.14195394428655816,0.0,67,0
11,cortex,0.8,119,washout,34.73132457754555,2.381202660888073,12.420750007438595,1.3100428087316351,0.1371653399481395,0.0,67,0
11,cortex,0.8,120,washout,33.82775003492264,2.3094956745671342,11.854508779145979,1.248280869387636,0.13264678503485078,0.0,67,0
11,cerebellum,0.8,1,baseline,-0.1237815997531901,0.01981116386445587,0.10018971968022712,0.009828034344429465,0.0,0.0003852162920522729,67,0
11,cerebellum,0.8,2,baseline,-0.1334525911664678,0.017593367980973284,0.10443296199126044,0.00908505840465401,0.0,0.0007223053650283443,67,0
11,cerebellum,0.8,3,baseline,-0.14192026559721743,0.01563710238915786,0.1106322002126004,0.010560893581361428,0.0,0.0010196839410095027,67,0
11,cerebellum,0.8,4,baseline,-0.14932525780843994,0.013932098074503194,0.11702525716798354,0.01275708249466731,0.0,0.0012844544139274624,67,0
11,cerebellum,0.8,5,baseline,-0.15579327393482348,0.012469561458667332,0.12271768488853559,0.014906193924515703,0.0,0.0015225318823589593,67,0
11,cerebellum,0.8,6,baseline,-0.16143655202064847,0.01124134352538773,0.12732814247517774,0.016760031567845866,0.0,0.0017387724213868223,67,0
11,cerebellum,0.8,7,baseline,-0.16635518878802916,0.010238631665839814,0.1307495056023336,0.018260327095905672,0.0,0.0019371018053518933,67,0
11,cerebellum,0.8,8,baseline,-0.170638344325224,0.009450253586618078,0.13301441397190814,0.01941417413892324,0.0,0.002120642645112396,67,0
11,cerebellum,0.8,9,baseline,-0.17436533538211724,0.008860997343423048,0.13422320156874717,0.02025141559854719,0.0,0.0022918371814008476,67,0
11,cerebellum,0.8,10,baseline,-0.17760662702852473,0.008450641052458808,0.13450548924709463,0.02080892223402888,0.0,0.0024525628404753904,67,0
11,cerebellum,0.8,11,baseline,-0.1804247316064221,0.00819432779333625,0.13399963040401533,0.02112432196529124,0.0,0.0026042380302325027,67,0
11,cerebellum,0.8,12,baseline,-0.1828750231348607,0.008064359139546114,0.13284173232282254,0.02123340000284069,0.0,0.002747916363792691,67,0
11,cerebellum,0.8,13,baseline,-0.18500647464287537,0.008032758812048029,0.13115991327190452,0.021169054374419245,0.0,0.0028843683463568503,67,0
11,cerebellum,0.8,14,baseline,-0.1868623252630337,0.008073658403731468,0.12907147469820437,0.02096095468245773,0.0,0.003014150380376315,67,0
11,cerebellum,0.8,15,baseline,-0.18848068334398976,0.008164850040997346,0.12668171619427154,0.020635531530004164,0.0,0.0031376616210364934,67,0
11,cerebellum,0.8,16,baseline,-0.189895071308964,0.008288378007087408,0.12408367864925879,0.020216122484039062,0.0,0.0032551896969809516,67,0
11,cerebellum,0.8,17,baseline,-0.19113491749893577,0.008430404295916807,0.12135840640695683,0.019723188818954858,0.0,0.0033669465973401457,67,0
11,cerebellum,0.8,18,baseline,-0.19222599979886684,0.00858067789916739,0.11857549156641813,0.019174559170994455,0.0,0.0034730961433852036,67,0
11,cerebellum,0.8,19,baseline,-0.19319084543011997,0.008731869798230488,0.11579376359657621,0.01858567715525663,0.0,0.003573774452914421,67,0
11,cerebellum,0.8,20,baseline,-0.19404909092280914,0.008878928109811494,0.11306204693486278,0.017969840908450985,0.0,0.003669104710369325,67,0
11,cerebellum,0.8,21,adaptation,29.805182194062624,15.19570391136928,54.08601213718419,12.971221217000718,0.0,0.17791851279040613,67,0
11,cerebellum,0.8,22,adaptation,26.18551078822185,11.673206959098195,40.812348925023535,10.037749858450612,0.0,0.31707197426611494,67,0
11,cerebellum,0.8,23,adaptation,23.079414254913146,8.9222759015087,30.341691111240113,7.711465263437345,0.0,0.42560497637203376,67,0
11,cerebellum,0.8,24,adaptation,20.491770668463477,6.776992891438017,22.121954164577545,5.868409503117937,0.0,0.5100502841380796,67,0
11,cerebellum,0.8,25,adaptation,18.377287208452184,5.108975193995228,15.733733624320113,4.412825031612289,0.0,0.5755905296953969,67,0
11,cerebellum,0.8,26,adaptation,16.668465937880452,3.818776889725494,10.878851120479657,3.271238924250732,0.0,0.6263403968234306,67,0
11,cerebellum,0.8,27,adaptation,15.293629907394111,2.829510383038026,7.393872015050788,2.38868499016162,0.0,0.6655676154897282,67,0
11,cerebellum,0.8,28,adaptation,14.186428141433606,2.082217456386691,5.279908606847133,1.7269564565550963,0.0,0.6958649040332012,67,0
11,cerebellum,0.8,29,adaptation,13.289746582005721,1.5324620146652976,4.562304207320175,1.2641222446940446,0.0,0.7192847826557832,67,0
11,cerebellum,0.8,30,adaptation,12.556504237005015,1.1472187159771627,4.838281725765356,0.989733817847121,0.0,0.7374462977766258,67,0
11,cerebellum,0.8,31,adaptation,11.948952734404804,0.9001297705325625,5.470694453533423,0.8828157602934393,0.0,0.7516202980682175,67,0
11,cerebellum,0.8,32,adaptation,11.437395866879722,0.7636455039588684,6.104484171849022,0.8890019849209784,0.0,0.7627981198140119,67,0
11,cerebellum,0.8,33,adaptation,10.998795900827702,0.7035989989504606,6.62309585153336,0.9447424740125591,0.0,0.7717472508507249,67,0
11,cerebellum,0.8,34,adaptation,10.615478301773512,0.685250483655559,7.005420865014588,1.0096835812855582,0.0,0.7790566208714133,67,0
11,cerebellum,0.8,35,adaptation,10.274013357050064,0.6833856527249981,7.262071579427242,1.0661644190598,0.0,0.7851735102516011,67,0
11,cerebellum,0.8,36,adaptation,9.964288770350482,0.6843643289984869,7.412631830994723,1.1085126231494042,0.0,0.7904336048654853,67,0
11,cerebellum,0.8,37,adaptation,9.67875914926376,0.6824578106131228,7.477609964442916,1.13621437477761,0.0,0.7950853953175498,67,0
11,cerebellum,0.8,38,adaptation,9.411848233909268,0.6760970312708313,7.475644723008166,1.1507450390330205,0.0,0.7993098846363164,67,0
11,cerebellum,0.8,39,adaptation,9.159478113911678,0.665589604191314,7.4226831044700985,1.1542025544495182,0.0,0.8032363984658121,67,0
11,cerebellum,0.8,40,adaptation,8.918701685522452,0.6519528072517353,7.331922481282186,1.148730942146869,0.0,0.80695516425167,67,0
11,cerebellum,0.8,41,adaptation,8.687417850410181,0.6363604635893163,7.214042772516379,1.1362881735486372,0.0,0.810527225689641,67,0
11,cerebellum,0.8,42,adaptation,8.46415237200982,0.6198965510654431,7.077533294475976,1.1185666334086923,0.0,0.8139921759115211,67,0
11,cerebellum,0.8,43,adaptation,8.247890436182956,0.6034577702105413,6.929032006871297,1.0969816608916272,0.0,0.8173741215979351,67,0
11,cerebellum,0.8,44,adaptation,8.037949662416946,0.5877278547129278,6.773643095858265,1.0726896899385145,0.0,0.8206862272217712,67,0
11,cerebellum,0.8,45,adaptation,7.833884566215927,0.5731861125959904,6.615220096294082,1.0466179959481388,0.0,0.8239341324291182,67,0
11,cerebellum,0.8,46,adaptation,7.635415322964267,0.5601317744408163,6.456611274102415,1.0194975192488203,0.0,0.8271184855605817,67,0
11,cerebellum,0.8,47,adaptation,7.442375185083776,0.5487148149346921,6.299868228480911,0.9918947529388008,0.0,0.8302367922938295,67,0
11,cerebellum,0.8,48,adaptation,7.254672114841752,0.5389682211143316,6.146420495489431,0.9642408952627918,0.0,0.8332847402064053,67,0
11,cerebellum,0.8,49,adaptation,7.072261165931066,0.5308387695261132,5.99721964118061,0.9368575703967423,0.0,0.8362571274909288,67,0
11,cerebellum,0.8,50,adaptation,6.89512492174191,0.5242145080382591,5.852856521087817,0.9099789773004682,0.0,0.8391484967475541,67,0
11,cerebellum,0.8,51,adaptation,6.723259913663216,0.5189479020003972,5.713655325281525,0.8837706052453195,0.0,0.8419535522598983,67,0
11,cerebellum,0.8,52,adaptation,6.556667429050642,0.5148742198541711,5.579747846101478,0.8583447906678215,0.0,0.8446674208835883,67,0
11,cerebellum,0.8,53,adaptation,6.395347500579398,0.5118252405826164,5.451131154079993,0.8337734503815974,0.0,0.847285802063441,67,0
11,cerebellum,0.8,54,adaptation,6.239295167017338,0.5096387421089078,5.327711574041224,0.810098345137152,0.0,0.8498050409765593,67,0
11,cerebellum,0.8,55,adaptation,6.088498326783556,0.5081644566898817,5.20933753551936,0.7873392228665262,0.0,0.8522221498413579,67,0
11,cerebellum,0.8,56,adaptation,5.942936683680374,0.5072672642206932,5.095823543909098,0.7655001723532187,0.0,0.854534795557876,67,0
11,cerebellum,0.8,57,adaptation,5.802581420098627,0.5068283684699906,4.986967194124542,0.7445744911904828,0.0,0.8567412666360809,67,0
11,cerebellum,0.8,58,adaptation,5.667395335821365,0.5067451056657187,4.8825608382891055,0.7245483403936404,0.0,0.8588404284734606,67,0
11,cerebellum,0.8,59,adaptation,5.537333267591975,0.5069299076657772,4.782399232045165,0.705403424517706,0.0,0.8608316731687914,67,0
11,cerebellum,0.8,60,adaptation,5.41234266172407,0.5073088114681259,4.68628422660286,0.68711890254159,0.0,0.862714867968119,67,0
11,cerebellum,0.8,61,adaptation,5.292364213843942,0.5078197901128935,4.594027348966017,0.6696727025602899,0.0,0.8644903049418883,67,0
11,cerebellum,0.8,62,adaptation,5.177332520053112,0.5084110848177184,4.505450921698579,0.653042383497558,0.0,0.8661586534394021,67,0
11,cerebellum,0.8,63,adaptation,5.067176705250023,0.5090396458324972,4.420388214970852,0.6372056602599357,0.0,0.8677209161422884,67,0
11,cerebellum,0.8,64,adaptation,4.961821009287486,0.5096697377835658,4.33868299490875,0.6221406853234922,0.0,0.8691783890533678,67,0
11,cerebellum,0.8,65,adaptation,4.8611853217873175,0.5102717304669679,4.26018873009249,0.6078261597403548,0.0,0.8705326254438113,67,0
11,cerebellum,0.8,66,adaptation,4.765185663099103,0.5108210741426003,4.184767638684135,0.5942413298426759,0.0,0.8717854035892507,67,0
11,cerebellum,0.8,67,adaptation,4.673734613065884,0.5112974457884903,4.112289698361891,0.5813659122426541,0.0,0.872938698017207,67,0
11,cerebellum,0.8,68,adaptation,4.58674169168509,0.5116840465581047,4.042631696476607,0.5691799787343467,0.0,0.8739946539366353,67,0
11,cerebellum,0.8,69,adaptation,4.504113696988888,0.511967028609267,3.97567636546896,0.5576638240225474,0.0,0.874955564505869,67,0
11,cerebellum,0.8,70,adaptation,4.425755005891615,0.5121350299151907,3.9113116258542155,0.5467978324555606,0.0,0.8758238506039615,67,0
11,cerebellum,0.8,71,adaptation,4.351567843678715,0.5121787974990529,3.849429943704546,0.5365623547700726,0.0,0.8766020427926582,67,0
11,cerebellum,0.8,72,adaptation,4.2814525274220845,0.5120908820099683,3.7899277996665286,0.5269376019488536,0.0,0.8772927651854627,67,0
11,cerebellum,0.8,73,adaptation,4.215307688057221,0.5118653892067342,3.732705260640761,0.5179035603710906,0.0,0.8778987209721235,67,0
11,cerebellum,0.8,74,adaptation,4.153030475232961,0.5114977764604437,3.67766564215641,0.509439930274852,0.0,0.878422679378625,67,0
11,cerebellum,0.8,75,adaptation,4.0945167484135085,0.5109846846809549,3.624715248305568,0.5015260879659954,0.0,0.8788674638727728,67,0
11,cerebellum,0.8,76,adaptation,4.039661257115388,0.510323798051498,3.5737631761832573,0.49414107105642596,0.0,0.8792359414528266,67,0
11,cerebellum,0.8,77,adaptation,3.9883578126038057,0.5095137256108926,3.5247211726310317,0.48726358518873614,0.0,0.8795310128809618,67,0
11,cerebellum,0.8,78,adaptation,3.940499452893998,0.508553900070592,3.4775035323488046,0.48087203012415614,0.0,0.8797556037445814,67,0
11,cerebellum,0.8,79,adaptation,3.8959786024723457,0.507444490331638,3.4320270278912974,0.47494454268224123,0.0,0.879912656246767,67,0
11,cerebellum,0.8,80,adaptation,3.8546872277983186,0.5061863250088731,3.3882108635325046,0.4694590537818091,0.0,0.8800051216427102,67,0
11,cerebellum,0.8,81,adaptation,3.816516989343283,0.5047808249222699,3.3459766463797282,0.4643933567195804,0.0,0.880035953252087,67,0
11,cerebellum,0.8,82,adaptation,3.7813593906796257,0.5032299430103001,3.3052483693805126,0.4597251838127494,0.0,0.8800080999883307,67,0
11,cerebellum,0.8,83,adaptation,3.7491059249276177,0.5015361104922896,3.2659524019724784,0.4554322886113622,0.0,0.8799245003549415,67,0
11,cerebellum,0.8,84,adaptation,3.719648218715529,0.49970218838316866,3.2280174850678405,0.4514925310401329,0.0,0.8797880768665974,67,0
11,cerebellum,0.8,85,adaptation,3.692878173674114,0.49773142366713496,3.191374727852593,0.44788396304614486,0.0,0.8796017308591664,67,0
11,cerebellum,0.8,86,adaptation,3.6686881053997826,0.4956274095835295,3.155957604518968,0.44458491259210503,0.0,0.8793683376579636,67,0
11,cerebellum,0.8,87,adaptation,3.6469708797423466,0.4933940495862408,3.1217019495704474,0.4415740641341119,0.0,0.8790907420779657,67,0
11,cerebellum,0.8,88,adaptation,3.6276200462226456,0.4910355246137277,3.088545950742348,0.43883053404001593,0.0,0.8787717542332997,67,0
11,cerebellum,0.8,89,adaptation,3.6105299683529477,0.4885562633622343,3.0564301389021433,0.4363339397298988,0.0,0.8784141456363441,67,0
11,cerebellum,0.8,90,adaptation,3.5955959506065303,0.48596091529571056,3.0252973745372764,0.43406446163810497,0.0,0.8780206455692956,67,0
11,cerebellum,0.8,91,adaptation,3.582714361774476,0.4832543261532691,2.9950928306204436,0.43200289739837255,0.0,0.877593937713152,67,0
11,cerebellum,0.8,92,adaptation,3.571782754442271,0.4804415157394255,2.96576397178465,0.4301307079300832,0.0,0.877136657020846,67,0
11,cerebellum,0.8,93,adaptation,3.562699980325058,0.47752765779730355,2.9372605298365992,0.4284300553483131,0.0,0.8766513868227538,67,0
11,cerebellum,0.8,94,adaptation,3.5553663012101677,0.47451806177969086,2.9095344757131016,0.42688383283003667,0.0,0.8761406561540641,67,0
11,cerebellum,0.8,95,adaptation,3.5496834952637557,0.4714181563442489,2.882539988035238,0.42547568674080877,0.0,0.8756069372945829,67,0
11,cerebellum,0.8,96,adaptation,3.545554958486496,0.4682334744081064,2.856233418448593,0.4241900314614637,0.0,0.875052643512457,67,0
11,cerebellum,0.8,97,adaptation,3.5428858011098856,0.46496963960711024,2.8305732539649813,0.4230120574547248,0.0,0.8744801270040842,67,0
11,cerebellum,0.8,98,adaptation,3.5415829387561955,0.4616323540122279,2.8055200765297217,0.4219277331786776,0.0,0.8738916770231524,67,0
11,cerebellum,0.8,99,adaptation,3.5415551782037893,0.4582273869635637,2.781036520050645,0.4209238014940067,0.0,0.8732895181923142,67,0
11,cerebellum,0.8,100,adaptation,3.5427132976227096,0.4547605648891118,2.7570872251250957,0.41998777122629877,0.0,0.872675808991498,67,0
11,cerebellum,0.8,101,washout,-26.455029878828164,5.15980202912586,45.53269471894724,11.190306092777103,0.0,0.7701296872464031,67,0
11,cerebellum,0.8,102,washout,-23.444861569171916,4.667854814964091,36.88812207942323,9.268114509086951,0.0,0.6873733908704033,67,0
11,cerebellum,0.8,103,washout,-20.727937184109546,4.218918645068871,29.442764589213443,7.595640749288032,0.0,0.6214037388374017,67,0
11,cerebellum,0.8,104,washout,-18.29566012020376,3.808528188863815,23.074945534870096,6.145427409540719,0.0,0.5692637830765664,67,0
11,cerebellum,0.8,105,washout,-16.132670674790702,3.4329821265556197,17.686288471433613,4.89322510791964,0.0,0.5281283810137842,67,0
11,cerebellum,0.8,106,washout,-14.219554146645661,3.089142239595664,13.20970637701289,3.817894195710357,0.0,0.4954181228841071,67,0
11,cerebellum,0.8,107,washout,-12.534937687741829,2.774294411726758,9.62874851474537,2.9015940646052587,0.0,0.4689006969380356,67,0
11,cerebellum,0.8,108,washout,-11.05699031866351,2.4860512793103124,7.0160287193083,2.1306392922289055,0.0,0.4467483931955559,67,0
11,cerebellum,0.8,109,washout,-9.764419468037413,2.222283234910008,5.550078777442538,1.498170516367863,0.0,0.4275431183801579,67,0
11,cerebellum,0.8,110,washout,-8.63708017347537,1.9810689672512498,5.290753773064748,1.0121277270604003,0.0,0.4102397935054688,67,0
11,cerebellum,0.8,111,washout,-7.656305624007264,1.7606595994901995,5.844298225135345,0.7135607524190896,0.0,0.3941068323468998,67,0
11,cerebellum,0.8,112,washout,-6.805048031221413,1.5594523640350568,6.689638867530242,0.6587316897941651,0.0,0.37866042216180296,67,0
11,cerebellum,0.8,113,washout,-6.067897033268304,1.3759710009280894,7.534460953217571,0.7826863924684947,0.0,0.36360333574501613,67,0
11,cerebellum,0.8,114,washout,-5.431023607451981,1.2088509165800423,8.264654430078972,0.9578979887968613,0.0,0.34877327968847444,67,0
11,cerebellum,0.8,115,washout,-4.882082269366896,1.0568277299743396,8.845725583796556,1.1243332475867134,0.0,0.3341019348261537,67,0
11,cerebellum,0.8,116,washout,-4.410093104276975,0.9187282517618666,9.27523545582922,1.2643604720537651,0.0,0.31958382320811396,67,0
11,cerebellum,0.8,117,washout,-4.0053172496922596,0.793463245718916,9.563454996286685,1.374576716228595,0.0,0.30525335188803326,67,0
11,cerebellum,0.8,118,washout,-3.659134047586425,0.6800215540432919,9.725357571772705,1.4562069547156882,0.0,0.29116827601144935,67,0
11,cerebellum,0.8,119,washout,-3.363924513524613,0.5774653654751409,9.777142628715305,1.5119949985203567,0.0,0.27739801716363016,67,0
11,cerebellum,0.8,120,washout,-3.1129634750325663,0.48492661489707617,9.734677177158183,1.54509383165493,0.0,0.2640155607057833,67,0
11,joint,0.8,1,baseline,-0.1237815997531901,0.01981116386445587,0.10018971968022712,0.009828034344429465,2.666303830892812e-05,0.00019260814602613645,67,0
11,joint,0.8,2,baseline,-0.14589265064920243,0.01732177542976891,0.10225715814038579,0.008986063997691383,4.617367574332321e-05,0.0003634692907545502,67,0
11,joint,0.8,3,baseline,-0.16191338825771978,0.015418626202978323,0.10509990455284948,0.009496944407162337,6.0151612747814816e-05,0.0005172464223709948,67,0
11,joint,0.8,4,baseline,-0.17303340266656578,0.01398781909828409,0.10808014542278531,0.010585146942272626,6.998060881832157e-05,0.0006576507684750992,67,0
11,joint,0.8,5,baseline,-0.18021869155745485,0.012931404514956906,0.11086772166837007,0.011772798136025758,7.686023565669962e-05,0.0007876182240357232,67,0
11,joint,0.8,6,baseline,-0.18425384668932815,0.012166041285894685,0.11331347263754565,0.012861259926870875,8.18418689964264e-05,0.0009094567184019508,67,0
11,joint,0.8,7,baseline,-0.1857761623558169,0.011622454429274821,0.11536810997812973,0.013787253644142383,8.584622018899965e-05,0.0010249688385172706,67,0
11,joint,0.8,8,baseline,-0.1853032525828357,0.011244801537069655,0.11703450645359965,0.014542489956721968,8.966087563805139e-05,0.0011355532493048405,67,0
11,joint,0.8,9,baseline,-0.18325543911188372,0.010989480238059774,0.1183407631894283,0.01513943165622455,9.392168406527076e-05,0.0012422879457845894,67,0
11,joint,0.8,10,baseline,-0.17997391810240326,0.010823399208653058,0.11932539837024428,0.015597255616599559,9.90901854487668e-05,0.0013459980212110652,67,0
11,joint,0.8,11,baseline,-0.17573551334837795,0.010722003259255852,0.12002942837889981,0.015936089231048528,0.00010544412433097897,0.0014473103590768172,67,0
11,joint,0.8,12,baseline,-0.1707646652990608,0.010667358861651174,0.12049232351339874,0.016174708939831004,0.00011309252271149482,0.0015466974055394652,67,0
11,joint,0.8,13,baseline,-0.16524317905899163,0.010646494598842848,0.12075012208421004,0.016329733018294743,0.00012201306085559923,0.001644511931343588,67,0
11,joint,0.8,14,baseline,-0.15931815376796096,0.010650068546679433,0.12083472953992871,0.016415468259960906,0.00013209870789389916,0.0017410144450793503,67,0
11,joint,0.8,15,baseline,-0.153108434989642,0.010671352546743111,0.12077385025642973,0.016444036106503454,0.00014319993018831252,0.0018363946780261518,67,0
11,joint,0.8,16,baseline,-0.14670986678316164,0.010705484648708852,0.12059123890315059,0.016425606285267572,0.00015515526690188124,0.0019307883327414534,67,0
11,joint,0.8,17,baseline,-0.14019956779071685,0.010748931299245125,0.12030709514318004,0.016368658182151042,0.0001678097065019676,0.0020242900797818025,67,0
11,joint,0.8,18,baseline,-0.13363941340355787,0.010799105742003254,0.11993850412279436,0.01628023368545388,0.0001810237058544697,0.0021169636036884277,67,0
11,joint,0.8,19,baseline,-0.1270788718824331,0.010854099190758642,0.1194998705978659,0.01616616627089633,0.00019467626630763818,0.0022088493421956066,67,0
11,joint,0.8,20,baseline,-0.12055731460509701,0.010912491840314455,0.1190033206625359,0.01603128134716277,0.00020866475480633368,0.002299970430917697,67,0
11,joint,0.8,21,adaptation,29.885894101832648,15.195173445622293,54.07945387124039,12.972844394143918,0.026210788705181152,0.08951836595885489,67,0
11,joint,0.8,22,adaptation,6.324399842920726,11.51802732705251,43.33758391020782,10.016515422255198,0.04655519201206733,0.15800956209291514,67,0
11,joint,0.8,23,adaptation,-10.88965665557624,8.689392759859082,35.16536753106242,7.757538926567546,0.06222573792388546,0.21080032188539627,67,0
11,joint,0.8,24,adaptation,-21.346854343286843,6.516365803615135,28.919030769396063,6.0297324940471775,0.07426039639254695,0.2515442242563225,67,0
11,joint,0.8,25,adaptation,-27.52367188297335,4.856887796089153,24.126047064166308,4.708512620407206,0.08348067044731723,0.2830470176121804,67,0
11,joint,0.8,26,adaptation,-31.244589278846632,3.607482570687093,20.43511768158286,3.69954049123686,0.09053171938502243,0.30746632884764363,67,0
11,joint,0.8,27,adaptation,-33.53239406386927,2.695375070102904,17.5827384814391,2.930872980804438,0.09591717697774675,0.32646282452984193,67,0
11,joint,0.8,28,adaptation,-34.94991459930946,2.071552182620204,15.370142345882888,2.3473550648366204,0.10002830953111028,0.3413146711237799,67,0
11,joint,0.8,29,adaptation,-35.818417002368825,1.6985086572987098,13.646889871404275,1.9065025945078593,0.10316785493045166,0.3530049215528747,67,0
11,joint,0.8,30,adaptation,-36.32963144468054,1.5294856610652197,12.298871059134383,1.5754224748276011,0.1055691991192785,0.36228867051782715,67,0
11,joint,0.8,31,adaptation,-36.6026734326228,1.4984929417972244,11.23936476898853,1.3284979158395562,0.10741163409249632,0.3697448971814797,67,0
11,joint,0.8,32,adaptation,-36.714036431285464,1.5395731722360115,10.402314548322744,1.1456732031060106,0.10883240818135191,0.3758166018353839,67,0
11,joint,0.8,33,adaptation,-36.714138022456716,1.6074947958886918,9.737265198806307,1.01121958164157,0.10993619378035892,0.3808419276493319,67,0
11,joint,0.8,34,adaptation,-36.63686931275313,1.6784749632614415,9.205561691693214,0.9128649945256789,0.1108024977614906,0.38507830371047436,67,0
11,joint,0.8,35,adaptation,-36.50533792906165,1.7421681705271468,8.777504984965216,0.8411593360551627,0.11149144415862396,0.3887211668773889,67,0
11,joint,0.8,36,adaptation,-36.33544967267796,1.7950737666593424,8.43022460672618,0.7889620763584861,0.11204827481618669,0.3919184637669555,67,0
11,joint,0.8,37,adaptation,-36.13821337673196,1.8368341088154374,8.146081480122895,0.7509867065389559,0.11250684347735014,0.39478186517996183,67,0
11,joint,0.8,38,adaptation,-35.92126387214243,1.8683996285196307,7.911460351348505,0.7233872092676065,0.11289232153824459,0.397395419632772,67,0
11,joint,0.8,39,adaptation,-35.68989042125609,1.8911630730058768,7.715848944131706,0.7033982199509993,0.11322328771814204,0.3998222139200306,67,0
11,joint,0.8,40,adaptation,-35.44774331175148,1.906566404047223,7.551130100770346,0.689041250189761,0.11351333728224249,0.4021094851538014,67,0
11,joint,0.8,41,adaptation,-35.197325753542096,1.9159343548667334,7.411034348448305,0.6788987563601391,0.1137723174287476,0.4042925321385638,67,0
11,joint,0.8,42,adaptation,-34.940339530968615,1.9204156765345093,7.290715083084191,0.6719482635734714,0.11400727249699874,0.40639769811733223,67,0
11,joint,0.8,43,adaptation,-34.677929324171934,1.9209744318779824,7.186418634326903,0.6674443797945548,0.11422316452340447,0.40844463728692115,67,0
11,joint,0.8,44,adaptation,-34.41085587581502,1.9184032382503742,7.095228370333929,0.6648364269988413,0.11442342036729679,0.41044803055636087,67,0
11,joint,0.8,45,adaptation,-34.1396186974654,1.9133447706727635,7.01486682935762,0.6637114167647996,0.11461034535549736,0.41241887913180497,67,0
11,joint,0.8,46,adaptation,-33.86454275270873,1.9063149671758575,6.943543364979677,0.6637546075850485,0.11478543452303878,0.4143654755591092,67,0
11,joint,0.8,47,adaptation,-33.58583932801797,1.8977249419694184,6.879837422881808,0.6647221159042576,0.11494960555947778,0.4162941291878302,67,0
11,joint,0.8,48,adaptation,-33.30364838907309,1.8879003956495208,6.822609606475507,0.6664217727979599,0.11510337210958053,0.41820970532377727,67,0
11,joint,0.8,49,adaptation,-33.01806767647085,1.877098192776417,6.770934303514438,0.6686996435450515,0.11524697180884563,0.42011602356418604,67,0
11,joint,0.8,50,adaptation,-32.72917234045596,1.8655201961741545,6.724048939979882,0.6714304642331123,0.11538046010747144,0.42201615012480614,67,0
11,joint,0.8,51,adaptation,-32.4370278679712,1.853324629182503,6.681315969936515,0.6745108095423836,0.11550377835112063,0.42391261070630115,67,0
11,joint,0.8,52,adaptation,-32.141698296496415,1.8406352983737468,6.642194549787314,0.6778541785714147,0.11561680258416128,0.42580754407974114,67,0
11,joint,0.8,53,adaptation,-31.84325115597668,1.8275490109031787,6.606219519777941,0.6813874349320488,0.11571937799464475,0.42770281167901547,67,0
11,joint,0.8,54,adaptation,-31.541760175798014,1.8141414946913288,6.572985854581184,0.6850482062008022,0.11581134273003905,0.42960007474154904,67,0
11,joint,0.8,55,adaptation,-31.237306498074265,1.8004720927394038,6.542137172839607,0.6887829639158202,0.11589254389962868,0.431500847678416,67,0
11,joint,0.8,56,adaptation,-30.92997892256838,1.786587463635564,6.513357233097802,0.6925455863679861,0.11596284788129417,0.4334065341778783,67,0
11,joint,0.8,57,adaptation,-30.619873551373985,1.7725244829180862,6.486363607673966,0.6962962637566269,0.11602214651829576,0.43531845089439425,67,0
11,joint,0.8,58,adaptation,-30.30709308760424,1.7583125063041902,6.460902930968893,0.7000006461789375,0.11607036038755845,0.43723784232547136,67,0
11,joint,0.8,59,adaptation,-29.991745960364145,1.743975126505987,6.43674727633022,0.7036291642323927,0.11610744001508673,0.4391658895363824,67,0
11,joint,0.8,60,adaptation,-29.673945389772822,1.7295315304413648,6.413691335677066,0.7071564730165405,0.11613336568347249,0.4411037146844986,67,0
11,joint,0.8,61,adaptation,-29.353808464467896,1.7149975427920219,6.3915501666615455,0.7105609853208504,0.11614814630317251,0.44305238276452674,67,0
11,joint,0.8,62,adaptation,-29.031455275204973,1.70038642462018,6.370157339731417,0.7138244704199238,0.11615181768957583,0.44501290160013013,67,0
11,joint,0.8,63,adaptation,-28.707008128402677,1.6857094816410356,6.349363367309333,0.7169317023636979,0.11614444049130161,0.4469862208133176,67,0
11,joint,0.8,64,adaptation,-28.38059085021786,1.6709765252935984,6.329034333624359,0.7198701468270629,0.11612609794357591,0.44897323028548874,67,0
11,joint,0.8,65,adaptation,-28.0523281831132,1.6561962205223377,6.3090506698217155,0.7226296791198623,0.11609689356775436,0.45097475846402,67,0
11,joint,0.8,66,adaptation,-27.722345271475305,1.6413763467915705,6.289306037439287,0.7252023283336935,0.1160569488993932,0.45299157075134255,67,0
11,joint,0.8,67,adaptation,-27.390767229721348,1.626523992977403,6.269706296168489,0.727582044165764,0.11600640129915049,0.4550243681286123,67,0
11,joint,0.8,68,adaptation,-27.057718784710428,1.6116457021269446,6.250168540551967,0.729764483967108,0.11594540188053049,0.45707378610510624,67,0
11,joint,0.8,69,adaptation,-26.723323983688843,1.5967475784141796,6.230620196067628,0.7317468181943072,0.1158741135740308,0.459140394041167,67,0
11,joint,0.8,70,adaptation,-26.387705959045494,1.5818353657515412,6.210998168769105,0.7335275528290615,0.11579270933708422,0.4612246948622266,67,0
11,joint,0.8,71,adaptation,-26.050986741604,1.5669145052820783,6.191248044948042,0.7351063675591346,0.11570137051216411,0.4633271251606897,67,0
11,joint,0.8,72,adaptation,-25.71328711484213,1.5519901772407032,6.1713233386006925,0.7364839686454806,0.11560028533068487,0.46544805566865877,67,0
11,joint,0.8,73,adaptation,-25.37472650320291,1.537067331334122,6.1511847851700265,0.7376619554777316,0.1154896475572471,0.46758779207571755,67,0
11,joint,0.8,74,adaptation,-25.035422888454676,1.5221507087601034,6.13079968031872,0.7386426998666037,0.1153696552668762,0.4697465761608166,67,0
11,joint,0.8,75,adaptation,-24.695492748834493,1.507244858197016,6.110141262533456,0.7394292371548581,0.11524050974684122,0.4719245872047073,67,0
11,joint,0.8,76,adaptation,-24.355051016436672,1.4923541474959394,6.089188138278986,0.7400251682584289,0.11510241451416171,0.47412194364853905,67,0
11,joint,0.8,77,adaptation,-24.014211048969493,1.47748277235269,6.067923748278106,0.7404345717790641,0.11495557443983075,0.4763387049646427,67,0
11,joint,0.8,78,adaptation,-23.673084612600164,1.4626347628937233,6.046335873339072,0.7406619253639444,0.11480019497096733,0.4785748737067367,67,0
11,joint,0.8,79,adaptation,-23.331781873125852,1.447813988853094,6.024416178012528,0.7407120355252725,0.11463648144246809,0.4808303977085371,67,0
11,joint,0.8,80,adaptation,-22.990411393177077,1.433024163825727,6.0021597902430885,0.7405899751742951,0.11446463847018465,0.48310517240180195,67,0
11,joint,0.8,81,adaptation,-22.64908013354491,1.4182688489404922,5.979564915104852,0.7403010281680326,0.11428486941816644,0.485399043227057,67,0
11,joint,0.8,82,adaptation,-22.307893457075526,1.4035514561912863,5.956632480660013,0.7398506402130937,0.11409737593304137,0.4877118081125265,67,0
11,joint,0.8,83,adaptation,-21.966955133864584,1.3888752515884795,5.933365813966147,0.7392443755166327,0.11390235753914137,0.49004321999905537,67,0
11,joint,0.8,84,adaptation,-21.62636734673419,1.374243358238175,5.909770345273639,0.7384878786217688,0.11370001128849727,0.4923929893910112,67,0
11,joint,0.8,85,adaptation,-21.286230696192945,1.3596587594159688,5.885853338487204,0.7375868409089303,0.11349053146032406,0.49476078691527,67,0
11,joint,0.8,86,adaptation,-20.94664420425751,1.3451243016759686,5.861623646025901,0.7365469712890447,0.11327410930508132,0.497146245872388,67,0
11,joint,0.8,87,adaptation,-20.607705316673325,1.3306426980136496,5.8370914862798635,0.7353739706551375,0.11305093282863073,0.49954896476594624,67,0
11,joint,0.8,88,adaptation,-20.269509903198482,1.3162165310916267,5.812268241949657,0.7340735096991102,0.11282118661241256,0.5019685097978073,67,0
11,joint,0.8,89,adaptation,-19.932152255731285,1.3018482565246121,5.7871662776345,0.7326512097363304,0.11258505166593541,0.504404417318653,67,0
11,joint,0.8,90,adaptation,-19.595725084152562,1.2875402062180634,5.761798775131261,0.7311126262149124,0.11234270530821251,0.5068561962246744,67,0
11,joint,0.8,91,adaptation,-19.260319509831817,1.2732945917495828,5.736179584999179,0.7294632346184116,0.112094321075089,0.5093233302926655,67,0
11,joint,0.8,92,adaptation,-18.92602505682102,1.2591135077810192,5.710323093035836,0.7277084184986857,0.11184006864968948,0.5118052804470421,67,0
11,joint,0.8,93,adaptation,-18.592929640803753,1.2449989354889117,5.6842441004053175,0.7258534594028175,0.11158011381347326,0.5143014869534518,67,0
11,joint,0.8,94,adaptation,-18.26111955592121,1.2309527460011878,5.65795771624591,0.7239035284815408,0.1113146184156208,0.516811371534699,67,0
11,joint,0.8,95,adaptation,-17.93067945963396,1.2169767038281054,5.6314792616718705,0.7218636795883769,0.11104374035868993,0.5193343394056519,67,0
11,joint,0.8,96,adaptation,-17.60169235580465,1.2030724702766238,5.604824184165989,0.7197388436987898,0.11076763359867453,0.5218697812246524,67,0
11,joint,0.8,97,adaptation,-17.27423957621477,1.1892416068384486,5.5780079814358725,0.7175338244959236,0.11048644815777775,0.5244170749597248,67,0
11,joint,0.8,98,adaptation,-16.948400760744075,1.1754855785430534,5.5510461338817025,0.7152532949860353,0.11020033014837118,0.5269755876685562,67,0
11,joint,0.8,99,adaptation,-16.62425383645685,1.1618057572675031,5.52395404489111,0.712901795020738,0.10990942180675972,0.5295446771918403,67,0
11,joint,0.8,100,adaptation,-16.301874995844713,1.1482034249969881,5.496746988240771,0.7104837296167681,0.10961386153550488,0.5321236937601086,67,0
11,joint,0.8,101,washout,-45.981338674485066,5.459349645331056,48.467379229591714,11.752991884286505,0.09499851623866108,0.47302040785328997,67,0
11,joint,0.8,102,washout,-25.111266533141965,4.05122511705666,42.05018983960272,9.816303270040091,0.08453389447958048,0.42547143649486346,67,0
11,joint,0.8,103,washout,-5.736689675091588,2.939969219017149,36.78646719502276,8.243013594335906,0.07724609434783762,0.38716814660122056,67,0
11,joint,0.8,104,washout,8.602802752762303,2.0656715207616196,32.45207147108764,6.961841075906847,0.07228884575387398,0.3562874271927543,67,0
11,joint,0.8,105,washout,18.21357631652218,1.3846387463072476,28.86722072598799,5.9161136022352805,0.06896358352596105,0.3313911129026054,67,0
11,joint,0.8,106,washout,24.567149421802984,0.8707559641977464,25.88726333511456,5.060547539993216,0.06673024292190641,0.3113446148447759,67,0
11,joint,0.8,107,washout,28.833031473248738,0.5296459811465676,23.395641566149664,4.358807329246007,0.06519743554276855,0.29525093270612784,67,0
11,joint,0.8,108,washout,31.749490201624994,0.4197362075933604,21.29841775608815,3.781635946585492,0.06409708011480415,0.2823975489516041,67,0
11,joint,0.8,109,washout,33.765944356104406,0.5113958196887816,19.519941487556963,3.3054100523322236,0.06325410527774808,0.2722143227348014,67,0
11,joint,0.8,110,washout,35.16092504333042,0.6552805448122784,17.999371074808217,2.911015313286052,0.06255894580805323,0.2642407219241455,67,0
11,joint,0.8,111,washout,36.11281453203734,0.786984831833846,16.68785245099504,2.5829652807303205,0.061945952976189336,0.2581008017568887,67,0
11,joint,0.8,112,washout,36.73991878721125,0.893981636930564,15.54621798907171,2.308706456793578,0.0613778361784091,0.25348440644545983,67,0
11,joint,0.8,113,washout,37.1233197034283,0.976511854463954,14.54310626722486,2.078066041060279,0.06083502657027344,0.25013319688182023,67,0
11,joint,0.8,114,washout,37.32025006125907,1.0376825440443052,13.653428143510778,1.8828092885006575,0.06030864991533886,0.24783029588584457,67,0
11,joint,0.8,115,washout,37.372170178317795,1.0809917037110366,12.857119929402808,1.7162815391478636,0.05979599586824525,0.24639256588047964,67,0
11,joint,0.8,116,washout,37.309801255607404,1.1096564018679749,12.138134692228833,1.5731163562277692,0.05929765671886528,0.24566476001321275,67,0
11,joint,0.8,117,washout,37.1563575549852,1.126450089074928,11.48363019688916,1.4489961048881677,0.05881575997396843,0.24551499104561306,67,0
11,joint,0.8,118,washout,36.92968056729798,1.1336988233116234,10.883318083551087,1.340454907367489,0.05835290798131315,0.24583112875635096,67,0
11,joint,0.8,119,washout,36.64368480411904,1.133326855018295,10.328944210881513,1.2447164340312844,0.057911569674476505,0.24651786267835338,67,0
11,joint,0.8,120,washout,36.3093606000344,1.1269139231224732,9.813874898357517,1.1595606838490042,0.05749375820171299,0.2474942564070613,67,0
22,feedback,0.8,1,baseline,-0.1405419531800935,0.011908307615814833,0.08526232863788687,0.008420882951005166,0.0,0.0,0,0
22,feedback,0.8,2,baseline,-0.1405419531800935,0.011908307615814833,0.08526232863788687,0.008420882951005166,0.0,0.0,0,0
22,feedback,0.8,3,baseline,-0.1405419531800935,0.011908307615814833,0.08526232863788687,0.008420882951005166,0.0,0.0,0,0
22,feedback,0.8,4,baseline,-0.1405419531800935,0.011908307615814833,0.08526232863788687,0.008420882951005166,0.0,0.0,0,0
22,feedback,0.8,5,baseline,-0.1405419531800935,0.011908307615814833,0.08526232863788687,0.008420882951005166,0.0,0.0,0,0
22,feedback,0.8,6,baseline,-0.1405419531800935,0.011908307615814833,0.08526232863788687,0.008420882951005166,0.0,0.0,0,0
22,feedback,0.8,7,baseline,-0.1405419531800935,0.011908307615814833,0.08526232863788687,0.008420882951005166,0.0,0.0,0,0
22,feedback,0.8,8,baseline,-0.1405419531800935,0.011908307615814833,0.08526232863788687,0.008420882951005166,0.0,0.0,0,0
22,feedback,0.8,9,baseline,-0.1405419531800935,0.011908307615814833,0.08526232863788687,0.008420882951005166,0.0,0.0,0,0
22,feedback,0.8,10,baseline,-0.1405419531800935,0.011908307615814833,0.08526232863788687,0.008420882951005166,0.0,0.0,0,0
22,feedback,0.8,11,baseline,-0.1405419531800935,0.011908307615814833,0.08526232863788687,0.008420882951005166,0.0,0.0,0,0
22,feedback,0.8,12,baseline,-0.1405419531800935,0.011908307615814833,0.08526232863788687,0.008420882951005166,0.0,0.0,0,0
22,feedback,0.8,13,baseline,-0.1405419531800935,0.011908307615814833,0.08526232863788687,0.008420882951005166,0.0,0.0,0,0
22,feedback,0.8,14,baseline,-0.1405419531800935,0.011908307615814833,0.08526232863788687,0.008420882951005166,0.0,0.0,0,0
22,feedback,0.8,15,baseline,-0.1405419531800935,0.011908307615814833,0.08526232863788687,0.008420882951005166,0.0,0.0,0,0
22,feedback,0.8,16,baseline,-0.1405419531800935,0.011908307615814833,0.08526232863788687,0.008420882951005166,0.0,0.0,0,0
22,feedback,0.8,17,baseline,-0.1405419531800935,0.011908307615814833,0.08526232863788687,0.008420882951005166,0.0,0.0,0,0
22,feedback,0.8,18,baseline,-0.1405419531800935,0.011908307615814833,0.08526232863788687,0.008420882951005166,0.0,0.0,0,0
22,feedback,0.8,19,baseline,-0.1405419531800935,0.011908307615814833,0.08526232863788687,0.008420882951005166,0.0,0.0,0,0
22,feedback,0.8,20,baseline,-0.1405419531800935,0.011908307615814833,0.08526232863788687,0.008420882951005166,0.0,0.0,0,0
22,feedback,0.8,21,adaptation,29.859458046819903,15.393959199383712,53.99959379181919,13.01988067762484,0.0,0.0,0,0
22,feedback,0.8,22,adaptation,29.859458046819903,15.393959199383712,53.99959379181919,13.01988067762484,0.0,0.0,0,0
22,feedback,0.8,23,adaptation,29.859458046819903,15.393959199383712,53.99959379181919,13.01988067762484,0.0,0.0,0,0
22,feedback,0.8,24,adaptation,29.859458046819903,15.393959199383712,53.99959379181919,13.01988067762484,0.0,0.0,0,0
22,feedback,0.8,25,adaptation,29.859458046819903,15.393959199383712,53.99959379181919,13.01988067762484,0.0,0.0,0,0
22,feedback,0.8,26,adaptation,29.859458046819903,15.393959199383712,53.99959379181919,13.01988067762484,0.0,0.0,0,0
22,feedback,0.8,27,adaptation,29.859458046819903,15.393959199383712,53.99959379181919,13.01988067762484,0.0,0.0,0,0
22,feedback,0.8,28,adaptation,29.859458046819903,15.393959199383712,53.99959379181919,13.01988067762484,0.0,0.0,0,0
22,feedback,0.8,29,adaptation,29.859458046819903,15.393959199383712,53.99959379181919,13.01988067762484,0.0,0.0,0,0
22,feedback,0.8,30,adaptation,29.859458046819903,15.393959199383712,53.99959379181919,13.01988067762484,0.0,0.0,0,0
22,feedback,0.8,31,adaptation,29.859458046819903,15.393959199383712,53.99959379181919,13.01988067762484,0.0,0.0,0,0
22,feedback,0.8,32,adaptation,29.859458046819903,15.393959199383712,53.99959379181919,13.01988067762484,0.0,0.0,0,0
22,feedback,0.8,33,adaptation,29.859458046819903,15.393959199383712,53.99959379181919,13.01988067762484,0.0,0.0,0,0
22,feedback,0.8,34,adaptation,29.859458046819903,15.393959199383712,53.99959379181919,13.01988067762484,0.0,0.0,0,0
22,feedback,0.8,35,adaptation,29.859458046819903,15.393959199383712,53.99959379181919,13.01988067762484,0.0,0.0,0,0
22,feedback,0.8,36,adaptation,29.859458046819903,15.393959199383712,53.99959379181919,13.01988067762484,0.0,0.0,0,0
22,feedback,0.8,37,adaptation,29.859458046819903,15.393959199383712,53.99959379181919,13.01988067762484,0.0,0.0,0,0
22,feedback,0.8,38,adaptation,29.859458046819903,15.393959199383712,53.99959379181919,13.01988067762484,0.0,0.0,0,0
22,feedback,0.8,39,adaptation,29.859458046819903,15.393959199383712,53.99959379181919,13.01988067762484,0.0,0.0,0,0
22,feedback,0.8,40,adaptation,29.859458046819903,15.393959199383712,53.99959379181919,13.01988067762484,0.0,0.0,0,0
22,feedback,0.8,41,adaptation,29.859458046819903,15.393959199383712,53.99959379181919,13.01988067762484,0.0,0.0,0,0
22,feedback,0.8,42,adaptation,29.859458046819903,15.393959199383712,53.99959379181919,13.01988067762484,0.0,0.0,0,0
22,feedback,0.8,43,adaptation,29.859458046819903,15.393959199383712,53.99959379181919,13.01988067762484,0.0,0.0,0,0
22,feedback,0.8,44,adaptation,29.859458046819903,15.393959199383712,53.99959379181919,13.01988067762484,0.0,0.0,0,0
22,feedback,0.8,45,adaptation,29.859458046819903,15.393959199383712,53.99959379181919,13.01988067762484,0.0,0.0,0,0
22,feedback,0.8,46,adaptation,29.859458046819903,15.393959199383712,53.99959379181919,13.01988067762484,0.0,0.0,0,0
22,feedback,0.8,47,adaptation,29.859458046819903,15.393959199383712,53.99959379181919,13.01988067762484,0.0,0.0,0,0
22,feedback,0.8,48,adaptation,29.859458046819903,15.393959199383712,53.99959379181919,13.01988067762484,0.0,0.0,0,0
22,feedback,0.8,49,adaptation,29.859458046819903,15.393959199383712,53.99959379181919,13.01988067762484,0.0,0.0,0,0
22,feedback,0.8,50,adaptation,29.859458046819903,15.393959199383712,53.99959379181919,13.01988067762484,0.0,0.0,0,0
22,feedback,0.8,51,adaptation,29.859458046819903,15.393959199383712,53.99959379181919,13.01988067762484,0.0,0.0,0,0
22,feedback,0.8,52,adaptation,29.859458046819903,15.393959199383712,53.99959379181919,13.01988067762484,0.0,0.0,0,0
22,feedback,0.8,53,adaptation,29.859458046819903,15.393959199383712,53.99959379181919,13.01988067762484,0.0,0.0,0,0
22,feedback,0.8,54,adaptation,29.859458046819903,15.393959199383712,53.99959379181919,13.01988067762484,0.0,0.0,0,0
22,feedback,0.8,55,adaptation,29.859458046819903,15.393959199383712,53.99959379181919,13.01988067762484,0.0,0.0,0,0
22,feedback,0.8,56,adaptation,29.859458046819903,15.393959199383712,53.99959379181919,13.01988067762484,0.0,0.0,0,0
22,feedback,0.8,57,adaptation,29.859458046819903,15.393959199383712,53.99959379181919,13.01988067762484,0.0,0.0,0,0
22,feedback,0.8,58,adaptation,29.859458046819903,15.393959199383712,53.99959379181919,13.01988067762484,0.0,0.0,0,0
22,feedback,0.8,59,adaptation,29.859458046819903,15.393959199383712,53.99959379181919,13.01988067762484,0.0,0.0,0,0
22,feedback,0.8,60,adaptation,29.859458046819903,15.393959199383712,53.99959379181919,13.01988067762484,0.0,0.0,0,0
22,feedback,0.8,61,adaptation,29.859458046819903,15.393959199383712,53.99959379181919,13.01988067762484,0.0,0.0,0,0
22,feedback,0.8,62,adaptation,29.859458046819903,15.393959199383712,53.99959379181919,13.01988067762484,0.0,0.0,0,0
22,feedback,0.8,63,adaptation,29.859458046819903,15.393959199383712,53.99959379181919,13.01988067762484,0.0,0.0,0,0
22,feedback,0.8,64,adaptation,29.859458046819903,15.393959199383712,53.99959379181919,13.01988067762484,0.0,0.0,0,0
22,feedback,0.8,65,adaptation,29.859458046819903,15.393959199383712,53.99959379181919,13.01988067762484,0.0,0.0,0,0
22,feedback,0.8,66,adaptation,29.859458046819903,15.393959199383712,53.99959379181919,13.01988067762484,0.0,0.0,0,0
22,feedback,0.8,67,adaptation,29.859458046819903,15.393959199383712,53.99959379181919,13.01988067762484,0.0,0.0,0,0
22,feedback,0.8,68,adaptation,29.859458046819903,15.393959199383712,53.99959379181919,13.01988067762484,0.0,0.0,0,0
22,feedback,0.8,69,adaptation,29.859458046819903,15.393959199383712,53.99959379181919,13.01988067762484,0.0,0.0,0,0
22,feedback,0.8,70,adaptation,29.859458046819903,15.393959199383712,53.99959379181919,13.01988067762484,0.0,0.0,0,0
22,feedback,0.8,71,adaptation,29.859458046819903,15.393959199383712,53.99959379181919,13.01988067762484,0.0,0.0,0,0
22,feedback,0.8,72,adaptation,29.859458046819903,15.393959199383712,53.99959379181919,13.01988067762484,0.0,0.0,0,0
22,feedback,0.8,73,adaptation,29.859458046819903,15.393959199383712,53.99959379181919,13.01988067762484,0.0,0.0,0,0
22,feedback,0.8,74,adaptation,29.859458046819903,15.393959199383712,53.99959379181919,13.01988067762484,0.0,0.0,0,0
22,feedback,0.8,75,adaptation,29.859458046819903,15.393959199383712,53.99959379181919,13.01988067762484,0.0,0.0,0,0
22,feedback,0.8,76,adaptation,29.859458046819903,15.393959199383712,53.99959379181919,13.01988067762484,0.0,0.0,0,0
22,feedback,0.8,77,adaptation,29.859458046819903,15.393959199383712,53.99959379181919,13.01988067762484,0.0,0.0,0,0
22,feedback,0.8,78,adaptation,29.859458046819903,15.393959199383712,53.99959379181919,13.01988067762484,0.0,0.0,0,0
22,feedback,0.8,79,adaptation,29.859458046819903,15.393959199383712,53.99959379181919,13.01988067762484,0.0,0.0,0,0
22,feedback,0.8,80,adaptation,29.859458046819903,15.393959199383712,53.99959379181919,13.01988067762484,0.0,0.0,0,0
22,feedback,0.8,81,adaptation,29.859458046819903,15.393959199383712,53.99959379181919,13.01988067762484,0.0,0.0,0,0
22,feedback,0.8,82,adaptation,29.859458046819903,15.393959199383712,53.99959379181919,13.01988067762484,0.0,0.0,0,0
22,feedback,0.8,83,adaptation,29.859458046819903,15.393959199383712,53.99959379181919,13.01988067762484,0.0,0.0,0,0
22,feedback,0.8,84,adaptation,29.859458046819903,15.393959199383712,53.99959379181919,13.01988067762484,0.0,0.0,0,0
22,feedback,0.8,85,adaptation,29.859458046819903,15.393959199383712,53.99959379181919,13.01988067762484,0.0,0.0,0,0
22,feedback,0.8,86,adaptation,29.859458046819903,15.393959199383712,53.99959379181919,13.01988067762484,0.0,0.0,0,0
22,feedback,0.8,87,adaptation,29.859458046819903,15.393959199383712,53.99959379181919,13.01988067762484,0.0,0.0,0,0
22,feedback,0.8,88,adaptation,29.859458046819903,15.393959199383712,53.99959379181919,13.01988067762484,0.0,0.0,0,0
22,feedback,0.8,89,adaptation,29.859458046819903,15.393959199383712,53.99959379181919,13.01988067762484,0.0,0.0,0,0
22,feedback,0.8,90,adaptation,29.859458046819903,15.393959199383712,53.99959379181919,13.01988067762484,0.0,0.0,0,0
22,feedback,0.8,91,adaptation,29.859458046819903,15.393959199383712,53.99959379181919,13.01988067762484,0.0,0.0,0,0
22,feedback,0.8,92,adaptation,29.859458046819903,15.393959199383712,53.99959379181919,13.01988067762484,0.0,0.0,0,0
22,feedback,0.8,93,adaptation,29.859458046819903,15.393959199383712,53.99959379181919,13.01988067762484,0.0,0.0,0,0
22,feedback,0.8,94,adaptation,29.859458046819903,15.393959199383712,53.99959379181919,13.01988067762484,0.0,0.0,0,0
22,feedback,0.8,95,adaptation,29.859458046819903,15.393959199383712,53.99959379181919,13.01988067762484,0.0,0.0,0,0
22,feedback,0.8,96,adaptation,29.859458046819903,15.393959199383712,53.99959379181919,13.01988067762484,0.0,0.0,0,0
22,feedback,0.8,97,adaptation,29.859458046819903,15.393959199383712,53.99959379181919,13.01988067762484,0.0,0.0,0,0
22,feedback,0.8,98,adaptation,29.859458046819903,15.393959199383712,53.99959379181919,13.01988067762484,0.0,0.0,0,0
22,feedback,0.8,99,adaptation,29.859458046819903,15.393959199383712,53.99959379181919,13.01988067762484,0.0,0.0,0,0
22,feedback,0.8,100,adaptation,29.859458046819903,15.393959199383712,53.99959379181919,13.01988067762484,0.0,0.0,0,0
22,feedback,0.8,101,washout,-0.1405419531800935,0.011908307615814833,0.08526232863788687,0.008420882951005166,0.0,0.0,0,0
22,feedback,0.8,102,washout,-0.1405419531800935,0.011908307615814833,0.08526232863788687,0.008420882951005166,0.0,0.0,0,0
22,feedback,0.8,103,washout,-0.1405419531800935,0.011908307615814833,0.08526232863788687,0.008420882951005166,0.0,0.0,0,0
22,feedback,0.8,104,washout,-0.1405419531800935,0.011908307615814833,0.08526232863788687,0.008420882951005166,0.0,0.0,0,0
22,feedback,0.8,105,washout,-0.1405419531800935,0.011908307615814833,0.08526232863788687,0.008420882951005166,0.0,0.0,0,0
22,feedback,0.8,106,washout,-0.1405419531800935,0.011908307615814833,0.08526232863788687,0.008420882951005166,0.0,0.0,0,0
22,feedback,0.8,107,washout,-0.1405419531800935,0.011908307615814833,0.08526232863788687,0.008420882951005166,0.0,0.0,0,0
22,feedback,0.8,108,washout,-0.1405419531800935,0.011908307615814833,0.08526232863788687,0.008420882951005166,0.0,0.0,0,0
22,feedback,0.8,109,washout,-0.1405419531800935,0.011908307615814833,0.08526232863788687,0.008420882951005166,0.0,0.0,0,0
22,feedback,0.8,110,washout,-0.1405419531800935,0.011908307615814833,0.08526232863788687,0.008420882951005166,0.0,0.0,0,0
22,feedback,0.8,111,washout,-0.1405419531800935,0.011908307615814833,0.08526232863788687,0.008420882951005166,0.0,0.0,0,0
22,feedback,0.8,112,washout,-0.1405419531800935,0.011908307615814833,0.08526232863788687,0.008420882951005166,0.0,0.0,0,0
22,feedback,0.8,113,washout,-0.1405419531800935,0.011908307615814833,0.08526232863788687,0.008420882951005166,0.0,0.0,0,0
22,feedback,0.8,114,washout,-0.1405419531800935,0.011908307615814833,0.08526232863788687,0.008420882951005166,0.0,0.0,0,0
22,feedback,0.8,115,washout,-0.1405419531800935,0.011908307615814833,0.08526232863788687,0.008420882951005166,0.0,0.0,0,0
22,feedback,0.8,116,washout,-0.1405419531800935,0.011908307615814833,0.08526232863788687,0.008420882951005166,0.0,0.0,0,0
22,feedback,0.8,117,washout,-0.1405419531800935,0.011908307615814833,0.08526232863788687,0.008420882951005166,0.0,0.0,0,0
22,feedback,0.8,118,washout,-0.1405419531800935,0.011908307615814833,0.08526232863788687,0.008420882951005166,0.0,0.0,0,0
22,feedback,0.8,119,washout,-0.1405419531800935,0.011908307615814833,0.08526232863788687,0.008420882951005166,0.0,0.0,0,0
22,feedback,0.8,120,washout,-0.1405419531800935,0.011908307615814833,0.08526232863788687,0.008420882951005166,0.0,0.0,0,0
22,cortex,0.8,1,baseline,-0.1405419531800935,0.011908307615814833,0.08526232863788687,0.008420882951005166,4.944647799038016e-05,0.0,67,0
22,cortex,0.8,2,baseline,-0.12070571572762473,0.009594146799449654,0.08459950562022035,0.007327086992254212,8.937982227443063e-05,0.0,67,0
22,cortex,0.8,3,baseline,-0.10497827040105208,0.007848969354812762,0.08422285249224616,0.006746440705611548,0.0001218607979989958,0.0,67,0
22,cortex,0.8,4,baseline,-0.09249854269881642,0.006575744022815775,0.08399691209771941,0.0065113486630389685,0.00014852436248623735,0.0,67,0
22,cortex,0.8,5,baseline,-0.08258657972101835,0.005691022049662808,0.0838426730979719,0.006477421961127733,0.0001706657426818363,0.0,67,0
22,cortex,0.8,6,baseline,-0.07470504816300265,0.005116680534897099,0.08371591380787934,0.006542489163138031,0.0001893089467628622,0.0,67,0
22,cortex,0.8,7,baseline,-0.0684290760203562,0.004777115157204426,0.0835932795997085,0.006644649754614175,0.00020526140682253723,0.0,67,0
22,cortex,0.8,8,baseline,-0.06342257115081673,0.004602910853725507,0.08346359932361996,0.00675059969079097,0.00021915766163010494,0.0,67,0
22,cortex,0.8,9,baseline,-0.059419588673316245,0.0045367264461466114,0.08332258680144673,0.006844405686217689,0.00023149435911689456,0.0,67,0
22,cortex,0.8,10,baseline,-0.056209647461274964,0.004536246468923066,0.08316966863109122,0.006919783413857351,0.00024265835949766512,0.0,67,0
22,cortex,0.8,11,baseline,-0.05362614403825483,0.004573082163973506,0.08300612307320751,0.006975469011478517,0.00025294932894043775,0.0,67,0
22,cortex,0.8,12,baseline,-0.051537201267485525,0.004629550430163834,0.08283401590056388,0.0070126215273192995,0.00026259791083500057,0.0,67,0
22,cortex,0.8,13,baseline,-0.04983843436847312,0.004695288655826157,0.08265561419293277,0.007033420865725126,0.0002717803296200785,0.0,67,0
22,cortex,0.8,14,baseline,-0.04844722893429479,0.004764583899613835,0.08247308233051577,0.0070403374904401215,0.00028063010544876043,0.0,67,0
22,cortex,0.8,15,baseline,-0.04729821265726818,0.0048345320390680525,0.08228834120676282,0.0070357710933852315,0.0002892474234454582,0.0,67,0
22,cortex,0.8,16,baseline,-0.046339670339384936,0.004903857028190166,0.08210301905702665,0.007021888562851023,0.0002977065980112017,0.0,67,0
22,cortex,0.8,17,baseline,-0.045530704829088886,0.004972184434591846,0.08191845133857532,0.007000567310813689,0.0003060619920369388,0.0,67,0
22,cortex,0.8,18,baseline,-0.044838988157890516,0.005039606838722983,0.08173570478136516,0.006973392255458525,0.000314352686679436,0.0,67,0
22,cortex,0.8,19,baseline,-0.044238979877871794,0.005106430225514786,0.08155561141667271,0.006941678208549426,0.0003226061451273478,0.0,67,0
22,cortex,0.8,20,baseline,-0.04371051535882167,0.00517303040580481,0.08137880478757473,0.006906502450449135,0.0003308410705765739,0.0,67,0
22,cortex,0.8,21,adaptation,29.95676231286857,15.411058035101629,54.008079247348746,13.026152063258696,0.05998048625840046,0.0,67,0
22,cortex,0.8,22,adaptation,-15.32825030853137,11.532834657336783,46.06589428267514,9.990893961037136,0.10540025260084972,0.0,67,0
22,cortex,0.8,23,adaptation,-36.756064294381396,8.711722287264468,40.204270764214435,7.771182224197336,0.13998315911894388,0.0,67,0
22,cortex,0.8,24,adaptation,-46.121362783788996,6.697066432143794,35.792215954625156,6.156077896805306,0.1665739802555454,0.0,67,0
22,cortex,0.8,25,adaptation,-50.98190592516896,5.311585067843894,32.38664660054285,4.989739074061338,0.18727305950339795,0.0,67,0
22,cortex,0.8,26,adaptation,-53.84754920887537,4.416005410076418,29.68280185776307,4.153782362556905,0.20363510305839097,0.0,67,0
22,cortex,0.8,27,adaptation,-55.68267187103683,3.8845425223687475,27.47478129623292,3.55672444674396,0.21681032614814766,0.0,67,0
22,cortex,0.8,28,adaptation,-56.921371152376686,3.5987086390063387,25.624904212840157,3.128107303070048,0.227647167926945,0.0,67,0
22,cortex,0.8,29,adaptation,-57.78263259875124,3.4581786117660003,24.041134680994922,2.8151120975080777,0.236768412433697,0.0,67,0
22,cortex,0.8,30,adaptation,-58.385757993261095,3.3913302897727093,22.661304552392533,2.579819959756244,0.24462828868273911,0.0,67,0
22,cortex,0.8,31,adaptation,-58.79894060758295,3.3545409608321193,21.44255339873141,2.396267290396662,0.2515555905773493,0.0,67,0
22,cortex,0.8,32,adaptation,-59.06208330184527,3.3245023295919798,20.354482461630646,2.2473971749372192,0.2577863071995698,0.0,67,0
22,cortex,0.8,33,adaptation,-59.19850544069777,3.2902996662281465,19.374811121977405,2.1223343747085726,0.2634882741503802,0.0,67,0
22,cortex,0.8,34,adaptation,-59.22140140893894,3.2478298416659737,18.486654386758115,2.0142555438770757,0.2687797129010915,0.0,67,0
22,cortex,0.8,35,adaptation,-59.13763020318162,3.1964514682440495,17.676821163820374,1.918882939120965,0.27374308204571096,0.0,67,0
22,cortex,0.8,36,adaptation,-58.95006317663315,3.1371266919398653,16.934742628098547,1.8334913169924614,0.2784353436093031,0.0,67,0
22,cortex,0.8,37,adaptation,-58.65911340920835,3.0714380608625476,16.251784483097193,1.7562845734777754,0.282895504666647,0.0,67,0
22,cortex,0.8,38,adaptation,-58.2637818612202,3.0010907629265615,15.620791780247043,1.686018138225684,0.28715010457052753,0.0,67,0
22,cortex,0.8,39,adaptation,-57.762409288905864,2.9276767169285423,15.035775101433664,1.6217764000883166,0.29121716705089107,0.0,67,0
22,cortex,0.8,40,adaptation,-57.15324449907439,2.8525770922880245,14.491684017116354,1.5628443913601149,0.29510901593290834,0.0,67,0
22,cortex,0.8,41,adaptation,-56.434894944394884,2.7769360985442484,13.984236094519883,1.5086351229671953,0.2988342575842204,0.0,67,0
22,cortex,0.8,42,adaptation,-55.60669859406588,2.7016697584558873,13.509782915923903,1.4586489062181565,0.3023991580899865,0.0,67,0
22,cortex,0.8,43,adaptation,-54.66903832097842,2.627490217880025,13.065202182209958,1.4124505586076743,0.3058085848997886,0.0,67,0
22,cortex,0.8,44,adaptation,-53.623607625281785,2.55493533862968,12.647809291949883,1.369656308051914,0.30906663809203744,0.0,67,0
22,cortex,0.8,45,adaptation,-52.473627394757834,2.484398347439268,12.255284195373903,1.329925779277232,0.31217706267933154,0.0,67,0
22,cortex,0.8,46,adaptation,-51.224006816388695,2.4161550581565923,11.885610660334677,1.2929565489525443,0.315143508169232,0.0,67,0
22,cortex,0.8,47,adaptation,-49.881437428486954,2.3503876683026173,11.537025840671626,1.258479963028174,0.3179696829425564,0.0,67,0
22,cortex,0.8,48,adaptation,-48.45440791619552,2.2872049157230725,11.207978481626082,1.2262575801108218,0.32065943733622504,0.0,67,0
22,cortex,0.8,49,adaptation,-46.95312892974132,2.226658776467725,10.89709438267375,1.1960779609264272,0.32321679937377457,0.0,67,0
22,cortex,0.8,50,adaptation,-45.389362026832906,2.1687580647175673,10.603147944045729,1.1677537012792227,0.32564597990959215,0.0,67,0
22,cortex,0.8,51,adaptation,-43.7761544040393,2.113479357301392,10.325038788273735,1.1411186852043003,0.3279513588086988,0.0,67,0
22,cortex,0.8,52,adaptation,-42.12749037150367,2.0607756645083835,10.06177259020673,1.1160255633847318,0.33013746012132467,0.0,67,0
22,cortex,0.8,53,adaptation,-40.457879980656905,2.010583236935118,9.812445375426963,1.0923434660382263,0.332208921621354,0.0,67,0
22,cortex,0.8,54,adaptation,-38.78191301348165,1.9628268527278514,9.576230660415604,1.0699559538265577,0.3341704622589911,0.0,67,0
22,cortex,0.8,55,adaptation,-37.11381103979239,1.9174238806079464,9.35236890884416,1.0487592022381713,0.3360268498110731,0.0,67,0
22,cortex,0.8,56,adaptation,-35.46701043307667,1.8742873667426239,9.140158867245017,1.0286604076757841,0.3377828701380987,0.0,67,0
22,cortex,0.8,57,adaptation,-33.85380502198076,1.833328350422288,8.938950420367059,1.009576398335134,0.33944329886047564,0.0,67,0
22,cortex,0.8,58,adaptation,-32.28506930874684,1.7944575757008554,8.748138672382177,0.9914324300149607,0.3410128758653802,0.0,67,0
22,cortex,0.8,59,adaptation,-30.770073455192403,1.7575867338265008,8.567159015633491,0.9741611459149415,0.34249628279117067,0.0,67,0
22,cortex,0.8,60,adaptation,-29.316391304936158,1.7226293441854839,8.39548299486766,0.957701679780505,0.34389812346670223,0.0,67,0
22,cortex,0.8,61,adaptation,-27.929894141164443,1.6895013590887735,8.232614812989747,0.9419988829774233,0.34522290717855036,0.0,67,0
22,cortex,0.8,62,adaptation,-26.614816697788612,1.6581215594664207,8.078088355449612,0.927002657838005,0.34647503457919915,0.0,67,0
22,cortex,0.8,63,adaptation,-25.373878526230328,1.628411793794856,7.931464635487114,0.9126673816233264,0.34765878601905464,0.0,67,0
22,cortex,0.8,64,adaptation,-24.208442981597262,1.6002971007970495,7.7923295826112,0.8989514074880361,0.34877831207449944,0.0,67,0
22,cortex,0.8,65,adaptation,-23.118697270241896,1.5737057471127984,7.660292112737327,0.8858166307848852,0.34983762604604907,0.0,67,0
22,cortex,0.8,66,adaptation,-22.103839483470864,1.548569203787582,7.534982431112981,0.8732281108283649,0.3508405982101478,0.0,67,0
22,cortex,0.8,67,adaptation,-21.162261645214965,1.5248220796875809,7.416050529172458,0.8611537398159208,0.35179095162196633,0.0,67,0
22,cortex,0.8,68,adaptation,-20.291720977907012,1.5024020254952597,7.303164844312684,0.8495639519702851,0.35269225928253867,0.0,67,0
22,cortex,0.8,69,adaptation,-19.489494472085852,1.4812496185060522,7.19601105772393,0.8384314671260144,0.3535479425002543,0.0,67,0
22,cortex,0.8,70,adaptation,-18.75251423231454,1.4613082358162452,7.094291010201242,0.8277310639540532,0.35436127029319914,0.0,67,0
22,cortex,0.8,71,adaptation,-18.07748289936174,1.4425239214861594,6.99772171959993,0.8174393788216926,0.3551353596945545,0.0,67,0
22,cortex,0.8,72,adaptation,-17.46096974070842,1.4248452517442984,6.906034486523169,0.807534726946091,0.35587317683791214,0.0,67,0
22,cortex,0.8,73,adaptation,-16.89948883287916,1.4082232011511382,6.818974077110392,0.7979969430378566,0.35657753871279996,0.0,67,0
22,cortex,0.8,74,adaptation,-16.38956122436799,1.3926110117822417,6.736297973602623,0.78880723907044,0.3572511154928868,0.0,67,0
22,cortex,0.8,75,adaptation,-15.92776316158626,1.377964066847659,6.657775684785188,0.7799480771668638,0.3578964333502858,0.0,67,0
22,cortex,0.8,76,adaptation,-15.51076246578683,1.364239769686926,6.583188109552301,0.7714030558854106,0.3585158776791587,0.0,67,0
22,cortex,0.8,77,adaptation,-15.135345034190033,1.3513974287238304,6.512326947767587,0.7631568084219332,0.3591116966605305,0.0,67,0
22,cortex,0.8,78,adaptation,-14.798433255109147,1.3393981487056053,6.444994153350231,0.7551949114399198,0.3596860051079551,0.0,67,0
22,cortex,0.8,79,adaptation,-14.497097911742134,1.3282047283565552,6.38100142515619,0.7475038033994088,0.36024078854052194,0.0,67,0
22,cortex,0.8,80,adaptation,-14.228564927469701,1.317781564437293,6.320169731753996,0.7400707113885489,0.36077790743576504,0.0,67,0
22,cortex,0.8,81,adaptation,-13.990218092686375,1.308094562097917,6.2623288666581365,0.7328835855733161,0.3612991016204129,0.0,67,0
22,cortex,0.8,82,adaptation,-13.779598718383562,1.2991110513386648,6.207317030978936,0.7259310404760622,0.36180599476169123,0.0,67,0
22,cortex,0.8,83,adaptation,-13.594402989190527,1.2907997093402441,6.1549804407985444,0.7192023023749212,0.3623000989261295,0.0,67,0
22,cortex,0.8,84,adaptation,-13.432477639528864,1.2831304883901442,6.105172956892933,0.7126871621873245,0.3627828191765982,0.0,67,0
22,cortex,0.8,85,adaptation,-13.29181445024105,1.2760745491043022,6.057755734692633,0.7063759332631434,0.36325545818167304,0.0,67,0
22,cortex,0.8,86,adaptation,-13.170543957679834,1.2696041986326194,6.012596892624873,0.7002594135684265,0.3637192208144398,0.0,67,0
22,cortex,0.8,87,adaptation,-13.06692868047419,1.263692833525858,5.969571197196921,0.6943288517903077,0.3641752187205592,0.0,67,0
22,cortex,0.8,88,adaptation,-12.9793560985357,1.2583148869411918,5.928559763379249,0.6885759169385511,0.3646244748378501,0.0,67,0
22,cortex,0.8,89,adaptation,-12.906331561891864,1.2534457798666727,5.889449769023306,0.682992671059535,0.3650679278518488,0.0,67,0
22,cortex,0.8,90,adaptation,-12.846471261420946,1.2490618760501844,5.852134182206334,0.6775715447158819,0.36550643657379484,0.0,67,0
22,cortex,0.8,91,adaptation,-12.798495357522532,1.2451404403288449,5.816511500534283,0.6723053149185451,0.36594078422930154,0.0,67,0
22,cortex,0.8,92,adaptation,-12.76122133444266,1.2416596000655173,5.782485501557711,0.6671870852293229,0.3663716826476149,0.0,67,0
22,cortex,0.8,93,adaptation,-12.73355762596958,1.2385983094135669,5.749965003565655,0.6622102677802211,0.3667997763428616,0.0,67,0
22,cortex,0.8,94,adaptation,-12.714497541236248,1.2359363161448629,5.718863636114151,0.6573685669821074,0.3672256464800574,0.0,67,0
22,cortex,0.8,95,adaptation,-12.703113506446046,1.2336541307934956,5.689099619732877,0.6526559647193516,0.3676498147198931,0.0,67,0
22,cortex,0.8,96,adaptation,-12.698551628615023,1.2317329978823488,5.660595554320485,0.6480667068487019,0.3680727469374597,0.0,67,0
22,cortex,0.8,97,adaptation,-12.700026580226531,1.2301548690182165,5.633278215802731,0.6435952908409568,0.36849485681111593,0.0,67,0
22,cortex,0.8,98,adaptation,-12.70681679849283,1.2289023776577266,5.607078360679279,0.6392364544223748,0.3689165092786555,0.0,67,0
22,cortex,0.8,99,adaptation,-12.718259989234845,1.2279588153634147,5.5819305381277955,0.6349851650891473,0.36933802385879677,0.0,67,0
22,cortex,0.8,100,adaptation,-12.73374892292219,1.2273081093851308,5.5577729093713835,0.630836610383733,0.3697596778368141,0.0,67,0
22,cortex,0.8,101,washout,-42.75272750884732,4.799828536755334,44.064682748473246,10.691439452375125,0.34162917771495654,0.0,67,0
22,cortex,0.8,102,washout,-9.197380619004155,3.085989416170796,39.482255781918916,8.7674994982932,0.31947269721752003,0.0,67,0
22,cortex,0.8,103,washout,14.108877222882976,1.9833106624073198,35.76181361566936,7.236168345345859,0.30136060656480207,0.0,67,0
22,cortex,0.8,104,washout,26.57300394880901,1.6064586429655363,32.69818136215644,6.0223312042436135,0.2859676750722241,0.0,67,0
22,cortex,0.8,105,washout,33.36193760064821,1.8094970984318421,30.133219731898688,5.063693856330056,0.272418579093248,0.0,67,0
22,cortex,0.8,106,washout,37.288293431690235,2.1830723556359946,27.94751086808695,4.3087029411386455,0.2601537032753824,0.0,67,0
22,cortex,0.8,107,washout,39.63931179344772,2.5267724266670166,26.052354492736285,3.7148048988094025,0.24882507358657138,0.0,67,0
22,cortex,0.8,108,washout,41.04173225550157,2.7934966992554373,24.382632570641828,3.2470516458821836,0.23822149927630037,0.0,67,0
22,cortex,0.8,109,washout,41.82850261241423,2.982075347535803,22.890848699702666,2.8770040523182354,0.22821742576879098,0.0,67,0
22,cortex,0.8,110,washout,42.190916564362965,3.103001620598523,21.542400439453697,2.5818405194922964,0.2187392574568675,0.0,67,0
22,cortex,0.8,111,washout,42.246417923942154,3.1687260629965213,20.311976430351727,2.343571546516537,0.2097438153601986,0.0,67,0
22,cortex,0.8,112,washout,42.07129642773658,3.1908031508414165,19.18089198446538,2.1482942295952308,0.2012049056259131,0.0,67,0
22,cortex,0.8,113,washout,41.71760244916455,3.1791317809594966,18.135161784216937,1.985469644095124,0.19310516398607463,0.0,67,0
22,cortex,0.8,114,washout,41.22243703666539,3.14188919238486,17.164127689330357,1.8472423932545614,0.18543125964080925,0.0,67,0
22,cortex,0.8,115,washout,40.61331686831114,3.0856945051497515,16.25949237500128,1.7278327251172712,0.17817119724761227,0.0,67,0
22,cortex,0.8,116,washout,39.911404801691845,3.015834466235553,15.414643506432315,1.6230232149975208,0.17131290268009455,0.0,67,0
22,cortex,0.8,117,washout,39.13352357680981,2.9364887586868074,14.62418286065388,1.5297466056473745,0.16484357487178133,0.0,67,0
22,cortex,0.8,118,washout,38.29344687300532,2.8509324406646215,13.883598551453392,1.445768278627217,0.1587494793823503,0.0,67,0
22,cortex,0.8,119,washout,37.40274584476668,2.761709298800935,13.18903649943927,1.3694493913834394,0.15301598363411312,0.0,67,0
22,cortex,0.8,120,washout,36.471353894343835,2.670776490477133,12.537140447830811,1.2995744143774957,0.1476277128084448,0.0,67,0
22,cerebellum,0.8,1,baseline,-0.1405419531800935,0.011908307615814833,0.08526232863788687,0.008420882951005166,0.0,0.00016591269616280958,67,0
22,cerebellum,0.8,2,baseline,-0.14041503275796946,0.010827738505566722,0.08751582258894179,0.008081547279033777,0.0,0.0003128065089670691,67,0
22,cerebellum,0.8,3,baseline,-0.1402764365555713,0.00985743445762708,0.08982932564576664,0.008214358622538245,0.0,0.0004438813143318673,67,0
22,cerebellum,0.8,4,baseline,-0.1401282842749474,0.00898714832102983,0.09191935959079134,0.008579745431490655,0.0,0.0005618278161804456,67,0
22,cerebellum,0.8,5,baseline,-0.13997247708872654,0.008207539871571079,0.09364554647279899,0.00901154155869534,0.0,0.0006688830536104506,67,0
22,cerebellum,0.8,6,baseline,-0.13981071421573138,0.007510098730687823,0.0949552959060613,0.009416628962045523,0.0,0.0007668848018100903,67,0
22,cerebellum,0.8,7,baseline,-0.1396445087283511,0.006887073389914779,0.09584750859791226,0.009750408162975096,0.0,0.0008573243416289911,67,0
22,cerebellum,0.8,8,baseline,-0.13947520257350274,0.006331405889276349,0.09634984701341227,0.009995875889392058,0.0,0.0009413968301914772,67,0
22,cerebellum,0.8,9,baseline,-0.13930398078956593,0.005836671735263697,0.09650478783310945,0.010150718533252522,0.0,0.0010200484398857725,67,0
22,cerebellum,0.8,10,baseline,-0.1391318849131382,0.005397024681775685,0.09636115299845718,0.010220098942075609,0.0,0.0010940195237156749,67,0
22,cerebellum,0.8,11,baseline,-0.138959825582928,0.00500714603470291,0.09596902147529258,0.010212730108780039,0.0,0.0011638832640098087,67,0
22,cerebellum,0.8,12,baseline,-0.13878859434839064,0.004662198174995894,0.0953767285461192,0.010138744578661391,0.0,0.0012300795125586206,67,0
22,cerebellum,0.8,13,baseline,-0.13861887470144763,0.004357782026077614,0.09462916094150485,0.010008539925436663,0.0,0.0012929437828322846,67,0
22,cerebellum,0.8,14,baseline,-0.13845125235229924,0.004089898213466898,0.09376686139095065,0.009832161309769435,0.0,0.0013527315728244053,67,0
22,cerebellum,0.8,15,baseline,-0.1382862247749774,0.0038549116785880065,0.09282564127116569,0.009618984292839925,0.0,0.0014096383608973482,67,0
22,cerebellum,0.8,16,baseline,-0.1381242100486471,0.0036495195127280587,0.09183651281720177,0.00937756760379731,0.0,0.0014638157219006992,67,0
22,cerebellum,0.8,17,baseline,-0.13796555503049443,0.00347072177336516,0.0908258216606457,0.009115602479665067,0.0,0.0015153840620372844,67,0
22,cerebellum,0.8,18,baseline,-0.13781054288457,0.0033157950348817154,0.08981550339154479,0.008839916299406336,0.0,0.0015644424790443212,67,0
22,cerebellum,0.8,19,baseline,-0.13765940000544288,0.0031822684167569404,0.08882341462434426,0.008556505672316575,0.0,0.0016110762314724607,67,0
22,cerebellum,0.8,20,baseline,-0.13751230236839967,0.003067901826731344,0.08786370583263121,0.008270584182284848,0.0,0.0016553622585834798,67,0
22,cerebellum,0.8,21,adaptation,29.86263061866236,15.404390998921851,54.01789511390919,13.024533958223643,0.0,0.1660196832073439,67,0
22,cerebellum,0.8,22,adaptation,25.920811376056083,11.869616654185892,40.922224854904606,10.07153623806793,0.0,0.2963093667463432,67,0
22,cerebellum,0.8,23,adaptation,22.501576774234167,9.117606525391214,30.641936132966197,7.745612008144247,0.0,0.3980891838660831,67,0
22,cerebellum,0.8,24,adaptation,19.640921060350234,6.9727879167746085,22.58280286978246,5.910415990603884,0.0,0.4774798712682973,67,0
22,cerebellum,0.8,25,adaptation,17.305953729743482,5.3016767974419405,16.293306148467398,4.462493932627873,0.0,0.5392866171391036,67,0
22,cerebellum,0.8,26,adaptation,15.429042906548972,4.002108895284148,11.438854335807745,3.3231892617295866,0.0,0.5872988163526807,67,0
22,cerebellum,0.8,27,adaptation,13.9322046580894,2.995687308857074,7.794323888356173,2.4332964225714946,0.0,0.6245138409833183,67,0
22,cerebellum,0.8,28,adaptation,12.740833287363428,2.2223680130287917,5.263536180016072,1.749966517731519,0.0,0.6533062953614107,67,0
22,cerebellum,0.8,29,adaptation,11.789796454539244,1.6365933338891148,3.897521100269542,1.2458623228381178,0.0,0.675557647989923,67,0
22,cerebellum,0.8,30,adaptation,11.025105467808785,1.2045143624537487,3.6619119051490623,0.9094783859564984,0.0,0.6927567124679589,67,0
22,cerebellum,0.8,31,adaptation,10.403407004798567,0.9015364954879653,4.08233541062766,0.7373280832935363,0.0,0.7060784380025333,67,0
22,cerebellum,0.8,32,adaptation,9.890599247610174,0.708450575448592,4.663977170364524,0.703296635832998,0.0,0.7164463565985288,67,0
22,cerebellum,0.8,33,adaptation,9.460239008005306,0.6045332418005015,5.192366636418178,0.746866605470915,0.0,0.724582537750632,67,0
22,cerebellum,0.8,34,adaptation,9.092041178931673,0.562445844685257,5.608952138646375,0.8143942497027797,0.0,0.7310478432319327,67,0
22,cerebellum,0.8,35,adaptation,8.770582332210601,0.5535843990131906,5.909985839133288,0.879119733601792,0.0,0.7362745290187399,67,0
22,cerebellum,0.8,36,adaptation,8.484230115969897,0.5571966003534675,6.108715019540925,0.9315173380122368,0.0,0.7405927180483404,67,0
22,cerebellum,0.8,37,adaptation,8.224281680799669,0.5621909397160958,6.222429363859888,0.9695894396742019,0.0,0.7442519007245847,67,0
22,cerebellum,0.8,38,adaptation,7.984281183172598,0.5639807881722361,6.267972036544495,0.9942277385185083,0.0,0.7474383622922535,67,0
22,cerebellum,0.8,39,adaptation,7.759484690962611,0.5613503208374299,6.260255424835652,1.0072919655854806,0.0,0.7502892531196499,67,0
22,cerebellum,0.8,40,adaptation,7.5464437324319436,0.5545917805143964,6.211903316621676,1.0108304233322112,0.0,0.7529038851693848,67,0
22,cerebellum,0.8,41,adaptation,7.342683087963676,0.5445679216641458,6.133324233734461,1.006770222673952,0.0,0.7553527385159411,67,0
22,cerebellum,0.8,42,adaptation,7.1464528263622915,0.5322717342593649,6.032941360163845,0.996805673186441,0.0,0.7576845842310687,67,0
22,cerebellum,0.8,43,adaptation,6.95653850065917,0.5186312077727511,5.917465946411627,0.9823721117336827,0.0,0.7599320668968884,67,0
22,cerebellum,0.8,44,adaptation,6.772116700494131,0.5044319858222036,5.792167060393302,0.9646563599962197,0.0,0.7621160368677552,67,0
22,cerebellum,0.8,45,adaptation,6.592645832029787,0.49029624874430294,5.661118811186328,0.9446218723372769,0.0,0.7642488765386831,67,0
22,cerebellum,0.8,46,adaptation,6.417784142518483,0.47668798598988626,5.527418617142275,0.9230384766904633,0.0,0.7663370248310515,67,0
22,cerebellum,0.8,47,adaptation,6.247328716602746,0.46393009040777916,5.393375613851404,0.9005120480737218,0.0,0.7683828690882324,67,0
22,cerebellum,0.8,48,adaptation,6.0811705290780225,0.45222606029122603,5.260670703026015,0.8775120326331179,0.0,0.770386143128293,67,0
22,cerebellum,0.8,49,adaptation,5.919261714935267,0.44168265112638705,5.130490723816094,0.8543959904263771,0.0,0.7723449439973082,67,0
22,cerebellum,0.8,50,adaptation,5.761592069386459,0.4323315486675784,5.003639555934542,0.8314309383139536,0.0,0.7742564576928759,67,0
22,cerebellum,0.8,51,adaptation,5.608172463970021,0.42414900246875,4.880628994045587,0.8088115740821008,0.0,0.7761174654462866,67,0
22,cerebellum,0.8,52,adaptation,5.459023396020414,0.4170728391008811,4.7617521262633575,0.7866756055052081,0.0,0.7779246866954763,67,0
22,cerebellum,0.8,53,adaptation,5.314167306567342,0.41101659013780356,4.647141777741001,0.765116470421451,0.0,0.7796750022622222,67,0
22,cerebellum,0.8,54,adaptation,5.173623629016235,0.4058807115748866,4.536816374604306,0.7441937544702061,0.0,0.781365591077016,67,0
22,cerebellum,0.8,55,adaptation,5.037405786193831,0.4015610624099969,4.430715358819248,0.7239416113197644,0.0,0.7829940056995761,67,0
22,cerebellum,0.8,56,adaptation,4.905519551220068,0.3979549489071709,4.328726050068557,0.7043754759705572,0.0,0.7845582055156386,67,0
22,cerebellum,0.8,57,adaptation,4.7779623401221105,0.39496512323191263,4.230703613838645,0.6854973404081843,0.0,0.7860565615407338,67,0
22,cerebellum,0.8,58,adaptation,4.6547231207068664,0.39250215325027693,4.136485562673654,0.6672998356164207,0.0,0.7874878429578169,67,0
22,cerebellum,0.8,59,adaptation,4.535782710651461,0.3904855644481599,4.045901996285373,0.6497693367734456,0.0,0.78885119262633,67,0
22,cerebellum,0.8,60,adaptation,4.42111430426519,0.388844109407087,3.9587825811802873,0.6328882808083556,0.0,0.7901460966318276,67,0
22,cerebellum,0.8,61,adaptation,4.310684116832998,0.38751545941600085,3.874961085452902,0.6166368585037079,0.0,0.791372351338348,67,0
22,cerebellum,0.8,62,adaptation,4.204452071828845,0.3864455482913086,3.7942781215710735,0.6009942178308504,0.0,0.792530030231179,67,0
22,cerebellum,0.8,63,adaptation,4.1023724826641,0.3855877382857563,3.7165826100387256,0.5859392917947485,0.0,0.793619451992395,67,0
22,cerebellum,0.8,64,adaptation,4.0043946994727735,0.38490192645064536,3.6417323591761854,0.5714513431133975,0.0,0.7946411506540949,67,0
22,cerebellum,0.8,65,adaptation,3.9104637046141377,0.38435366857501546,3.569594059432295,0.5575102997371466,0.0,0.7955958482611568,67,0
22,cerebellum,0.8,66,adaptation,3.820520649563557,0.38391336662267955,3.5000429125436425,0.5440969395364894,0.0,0.7964844301975225,67,0
22,cerebellum,0.8,67,adaptation,3.7345033318120375,0.38355554318966784,3.4329620541005315,0.5311929693378662,0.0,0.7973079231501499,67,0
22,cerebellum,0.8,68,adaptation,3.6523466141246,0.38325821127775217,3.368241880203833,0.5187810326667639,0.0,0.7980674755746393,67,0
22,cerebellum,0.8,69,adaptation,3.5739827906935773,0.3830023379705135,3.3057793525359918,0.5068446718150583,0.0,0.7987643404650586,67,0
22,cerebellum,0.8,70,adaptation,3.499341905829033,0.3827713949299823,3.245477329147329,0.49536826291091246,0.0,0.7993998602021873,67,0
22,cerebellum,0.8,71,adaptation,3.42835203120602,0.3825509857844302,3.1872439486632342,0.4843369372610573,0.0,0.7999754532479708,67,0
22,cerebellum,0.8,72,adaptation,3.36093950760447,0.38232853950863765,3.130992081806314,0.473736498095874,0.0,0.8004926024613498,67,0
22,cerebellum,0.8,73,adaptation,3.297029156707709,0.38209305909590463,3.0766388547314976,0.4635533387409377,0.0,0.8009528448261167,67,0
22,cerebellum,0.8,74,adaptation,3.2365444679883058,0.38183491569142636,3.0241052425802577,0.453774365956338,0.0,0.8013577624011415,67,0
22,cerebellum,0.8,75,adaptation,3.1794077651192727,0.38154567955000906,2.9733157279803746,0.4443869305487302,0.0,0.801708974324575,67,0
22,cerebellum,0.8,76,adaptation,3.12554035573396,0.3812179804794661,2.924198017255821,0.4353787662218231,0.0,0.8020081297248052,67,0
22,cerebellum,0.8,77,adaptation,3.0748626677674276,0.3808453916918168,2.876682806328549,0.4267379368664788,0.0,0.802256901410953,67,0
22,cerebellum,0.8,78,adaptation,3.02729437507591,0.38042233213700694,2.830703588298465,0.4184527920045937,0.0,0.802456980234015,67,0
22,cerebellum,0.8,79,adaptation,2.982754514539332,0.3799439833958629,2.786196495170665,0.41051192981303075,0.0,0.8026100700260922,67,0
22,cerebellum,0.8,80,adaptation,2.941161596429181,0.3794062180571835,2.743100166959868,0.40290416700669685,0.0,0.8027178830394724,67,0
22,cerebellum,0.8,81,adaptation,2.9024337094574353,0.378805537197358,2.7013556422859204,0.3956185148069036,0.0,0.802782135819677,67,0
22,cerebellum,0.8,82,adaptation,2.8664886216089163,0.37813901514005255,2.6609062654812643,0.388644160228968,0.0,0.802804545457144,67,0
22,cerebellum,0.8,83,adaptation,2.83324387759995,0.3774042501124821,2.6216976061063253,0.38197045196804497,0.0,0.8027868261711327,67,0
22,cerebellum,0.8,84,adaptation,2.8026168935950464,0.37659931975464966,2.5836773875600327,0.3755868902249504,0.0,0.8027306861869208,67,0
22,cerebellum,0.8,85,adaptation,2.774525049629654,0.37572274069641237,2.5467954221786067,0.3694831198851971,0.0,0.8026378248736155,67,0
22,cerebellum,0.8,86,adaptation,2.748885780052972,0.3747734316117617,2.5110035508160196,0.3636489265348892,0.0,0.8025099301150841,67,0
22,cerebellum,0.8,87,adaptation,2.7256166621869884,0.37375067930185496,2.4762555854013053,0.35807423486250534,0.0,0.8023486758908059,67,0
22,cerebellum,0.8,88,adaptation,2.7046355033061436,0.3726541074629301,2.442507253381119,0.3527491090543742,0.0,0.8021557200469963,67,0
22,cerebellum,0.8,89,adaptation,2.6858604259814065,0.37148364787056704,2.4097161432869747,0.34766375484193657,0.0,0.8019327022412787,67,0
22,cerebellum,0.8,90,adaptation,2.6692099517635834,0.37023951376405895,2.3778416509216576,0.3428085229009565,0.0,0.8016812420465959,67,0
22,cerebellum,0.8,91,adaptation,2.654603083158599,0.3689221752528364,2.3468449258623365,0.33817391333831676,0.0,0.8014029372020478,67,0
22,cerebellum,0.8,92,adaptation,2.6419593838034334,0.3675323365925734,2.3166888181221954,0.3337505810306915,0.0,0.8010993619999875,67,0
22,cerebellum,0.8,93,adaptation,2.631199056739517,0.3660709151975933,2.287337824924824,0.32952934160352865,0.0,0.8007720658000889,67,0
22,cerebellum,0.8,94,adaptation,2.6222430206632246,0.36453902226864654,2.2587580376165746,0.3255011778590047,0.0,0.800422571662218,67,0
22,cerebellum,0.8,95,adaptation,2.6150129840262406,0.36293794492514125,2.2309170887956298,0.3216572464786445,0.0,0.8000523750909204,67,0
22,cerebellum,0.8,96,adaptation,2.6094315168581077,0.36126912973833225,2.2037840997660356,0.3179888848427245,0.0,0.7996629428851169,67,0
22,cerebellum,0.8,97,adaptation,2.6054221201773173,0.35953416756739365,2.1773296284399306,0.31448761782219403,0.0,0.7992557120872854,67,0
22,cerebellum,0.8,98,adaptation,2.6029092928694766,0.357734779605954,2.151525617817185,0.31114516441347084,0.0,0.7988320890269789,67,0
22,cerebellum,0.8,99,adaptation,2.601818595905425,0.35587280455173215,2.1263453451701655,0.30795344409999004,0.0,0.7983934484540292,67,0
22,cerebellum,0.8,100,adaptation,2.6020767137931875,0.35395018681472756,2.1017633720502795,0.30490458283803157,0.0,0.7979411327571894,67,0
22,cerebellum,0.8,101,washout,-27.39638848684779,5.214466721923206,46.26332440841281,11.370656756058606,0.0,0.6964906124166532,67,0
22,cerebellum,0.8,102,washout,-24.174715894960514,4.655833748293582,38.05230809417261,9.508588870222766,0.0,0.6134452425637912,67,0
22,cerebellum,0.8,103,washout,-21.272631438410425,4.160210117316505,30.91345752021388,7.881995686211687,0.0,0.5463427117229541,67,0
22,cerebellum,0.8,104,washout,-18.678096638961915,3.7181293467348064,24.73809023025379,6.464798336153394,0.0,0.49278914939068474,67,0
22,cerebellum,0.8,105,washout,-16.372285421127824,3.3222284812598475,19.432772746048013,5.234090610635646,0.0,0.4504542529535378,67,0
22,cerebellum,0.8,106,washout,-14.332647579712331,2.9666608774442254,14.921329199880267,4.169757143311043,0.0,0.41711467510391903,67,0
22,cerebellum,0.8,107,washout,-12.535149102574637,2.6466841187256445,11.151207693763276,3.254312738850535,0.0,0.3907278934921525,67,0
22,cerebellum,0.8,108,washout,-10.955789976774547,2.35837026683248,8.109423832314267,2.473043626598191,0.0,0.3695065437258863,67,0
22,cerebellum,0.8,109,washout,-9.571554809218819,2.0984017511622377,5.856687490822734,1.8147691659428435,0.0,0.35196654906426555,67,0
22,cerebellum,0.8,110,washout,-8.360951225689762,1.8639271861382825,4.555604833023181,1.2742531880931836,0.0,0.33693782879167844,67,0
22,cerebellum,0.8,111,washout,-7.304266276055503,1.652459062434571,4.299198214439037,0.8594539282961576,0.0,0.32354223384004127,67,0
22,cerebellum,0.8,112,washout,-6.3836401843610195,1.4618006408197932,4.774335395388878,0.6080998595532126,0.0,0.31115147739187865,67,0
22,cerebellum,0.8,113,washout,-5.583028482588013,1.2899931737805295,5.517624359298342,0.569515926126993,0.0,0.2993379603767829,67,0
22,cerebellum,0.8,114,washout,-4.888100922131843,1.1352772576786767,6.266012429424702,0.6829942781163753,0.0,0.28782748311492534,67,0
22,cerebellum,0.8,115,washout,-4.286108799526468,0.9960640036532699,6.918257567911809,0.8382450722404594,0.0,0.2764584659680617,67,0
22,cerebellum,0.8,116,washout,-3.7657405607496566,0.8709130396310742,7.444062125854593,0.9851408041296106,0.0,0.2651491183184396,67,0
22,cerebellum,0.8,117,washout,-3.3169775915305397,0.7585152825811925,7.8410903771774025,1.1091812008985837,0.0,0.253872202411925,67,0
22,cerebellum,0.8,118,washout,-2.930956891984613,0.6576790661839725,8.117919988782209,1.207647320165001,0.0,0.24263626614988348,67,0
22,cerebellum,0.8,119,washout,-2.5998440244807943,0.5673186574519091,8.287117473198252,1.2816407929310885,0.0,0.23147203778377215,67,0
22,cerebellum,0.8,120,washout,-2.3167176881883735,0.48644450574591125,8.362271564985763,1.3335123062976075,0.0,0.22042277593242465,67,0
22,joint,0.8,1,baseline,-0.1405419531800935,0.011908307615814833,0.08526232863788687,0.008420882951005166,2.472323899519008e-05,8.295634808140479e-05,67,0
22,joint,0.8,2,baseline,-0.13055730464823026,0.010192992073027714,0.0859804149817761,0.007691738655121662,4.539018979199935e-05,0.00015420272930403907,67,0
22,joint,0.8,3,baseline,-0.12173333209852595,0.00879126466168229,0.08677893970307841,0.007442653523428667,6.288068448688282e-05,0.00021616829805233345,67,0
22,joint,0.8,4,baseline,-0.11386873923823725,0.007650504554552343,0.08751612335291746,0.007476566017426536,7.79062609496768e-05,0.0002708054005291127,67,0
22,joint,0.8,5,baseline,-0.10679961591124167,0.006727514110810454,0.0881252600208437,0.0076439169788838105,9.103842043551902e-05,0.0003196738196680789,67,0
22,joint,0.8,6,baseline,-0.10039240728478682,0.005986541685741604,0.08858289902361653,0.00785224509278215,0.00010273227165418713,0.0003640114782542439,67,0
22,joint,0.8,7,baseline,-0.09453822457922034,0.005397658114749515,0.08888924199662625,0.008052254799830164,0.00011334653096622214,0.00040479387265333764,67,0
22,joint,0.8,8,baseline,-0.08914823480308007,0.004935478416647033,0.0890564679693921,0.008221141283542056,0.0001231605825000768,0.0004427839689639825,67,0
22,joint,0.8,9,baseline,-0.08414992050116808,0.004578225158552425,0.08910196879099679,0.008350722450462152,0.00013238908684543434,0.00047857391867709174,67,0
22,joint,0.8,10,baseline,-0.07948404242880726,0.004307107373565961,0.08904455194633046,0.00844034836652741,0.00014119447097784096,0.0005126197063285875,67,0
22,joint,0.8,11,baseline,-0.07510217113629393,0.004105949278700234,0.08890240861095322,0.008492960690433963,0.00014969753428378127,0.0005452696868004414,67,0
22,joint,0.8,12,baseline,-0.07096467963402234,0.003960971666319157,0.08869211667465278,0.008512979661495522,0.0001579863559138373,0.0005767878680278333,67,0
22,joint,0.8,13,baseline,-0.06703911018524249,0.0038606277360556497,0.08842823907407216,0.00850520364412627,0.00016612367175603308,0.0006073727178338129,67,0
22,joint,0.8,14,baseline,-0.06329884494930735,0.0037954250082167713,0.08812325430158711,0.008474260459608916,0.00017415288920172406,0.0006371722038634926,67,0
22,joint,0.8,15,baseline,-0.05972202360227233,0.0037577069726919014,0.08778766269612981,0.008424356894653923,0.00018210291198239996,0.0006662957047178294,67,0
22,joint,0.8,16,baseline,-0.056290661825761784,0.0037414014201714776,0.08743017660069255,0.008359187432953255,0.00018999194800236986,0.0006948233564800583,67,0
22,joint,0.8,17,baseline,-0.05298993325199582,0.003741757826154987,0.08705794140493112,0.008281925881536506,0.00019783046717725098,0.0007228133235590983,67,0
22,joint,0.8,18,baseline,-0.04980758447445569,0.003755096520714895,0.08667675794440656,0.008195257879459121,0.00020562346394503516,0.0007503074091733352,67,0
22,joint,0.8,19,baseline,-0.046733458423162524,0.003778585229459486,0.08629129076981464,0.008101431247223593,0.00021337216216068975,0.0007773353517583002,67,0
22,joint,0.8,20,baseline,-0.04375910601163913,0.0038100501962505012,0.08590525510711995,0.008002311721184211,0.0002210752808076135,0.0008039180912274304,67,0
22,joint,0.8,21,adaptation,29.959122530297478,15.406384164916945,54.006413883620276,13.024940441504066,0.029930719784689003,0.08315859543747409,67,0
22,joint,0.8,22,adaptation,4.429458323194372,11.665694448976538,43.4653960554409,10.033038711262044,0.05312597878054071,0.14684893980224506,67,0
22,joint,0.8,23,adaptation,-13.679391059575138,8.81641293700577,35.46791343575811,7.768965054858856,0.07102658369227415,0.1956786125607896,67,0
22,joint,0.8,24,adaptation,-24.314242531264505,6.636914735656129,29.358624508618085,6.049172502087863,0.08484793970152929,0.23319869326926274,67,0
22,joint,0.8,25,adaptation,-30.448877401122182,4.9708646298949715,24.663484120733337,4.740566527758245,0.09553000843414039,0.2620907865446897,67,0
22,joint,0.8,26,adaptation,-34.08073189760419,3.7073103274348678,21.034152543703858,3.7447889284184113,0.10379915018314467,0.2843950685721414,67,0
22,joint,0.8,27,adaptation,-36.27782517583537,2.7688758157302447,18.21203691652042,2.988079910701917,0.1102162697048234,0.30167111219431475,67,0
22,joint,0.8,28,adaptation,-37.6131198782163,2.1039167663703893,16.00404023945938,2.414477889909481,0.11521416045491589,0.315114209683424,67,0
22,joint,0.8,29,adaptation,-38.40909926511721,1.677432398815738,14.26550968483343,1.981112128292351,0.11912641416001847,0.3256412962494792,67,0
22,joint,0.8,30,adaptation,-38.856666703251996,1.4545266804097448,12.887826620534478,1.6548782886584699,0.12220979033589066,0.3339554712289369,67,0
22,joint,0.8,31,adaptation,-39.073827575443,1.3834945883810223,11.789180565650545,1.4100761709740757,0.12466153616675577,0.34059505628455505,67,0
22,joint,0.8,32,adaptation,-39.13608632831354,1.402295830421153,10.907664432887929,1.2267354668150636,0.12663281308213847,0.34597123779148514,67,0
22,joint,0.8,33,adaptation,-39.093044105597464,1.4609678091963245,10.196131487383669,1.0894203168406522,0.12823911944110553,0.35039713123254884,67,0
22,joint,0.8,34,adaptation,-38.977919191483124,1.5301376710222305,9.618404308364418,0.9863384894309255,0.12956839074916457,0.354110309062631,67,0
22,joint,0.8,35,adaptation,-38.813252693688796,1.5957855552060294,9.146508682033184,0.9086243697590818,0.13068729936783002,0.3572902943251598,67,0
22,joint,0.8,36,adaptation,-38.614460843088814,1.6523770211956268,8.75866566935454,0.8497227954477091,0.1316461544765996,0.36007214747898464,67,0
22,joint,0.8,37,adaptation,-38.3921197736246,1.6984867086609667,8.43782993809829,0.8048521714836008,0.1324827112052649,0.3625570065799925,67,0
22,joint,0.8,38,adaptation,-38.15347562348941,1.7345163476553187,8.170613830445202,0.7705513913995355,0.13322512816542853,0.36482024557954024,67,0
22,joint,0.8,39,adaptation,-37.90346502638664,1.7615852909320688,7.946481588021262,0.7443168167945453,0.13389425949479677,0.3669177693916386,67,0
22,joint,0.8,40,adaptation,-37.645416884038774,1.7810093200408221,7.7571340754966025,0.7243262218195453,0.13450542678648056,0.3688908528969871,67,0
22,joint,0.8,41,adaptation,-37.38154129532224,1.794066083771269,7.596030685518178,0.7092377479852633,0.13506978480117282,0.37076984458213946,67,0
22,joint,0.8,42,adaptation,-37.11327325424056,1.8018992185635758,7.458013060030558,0.6980479536902952,0.13559537037458744,0.3725769876245723,67,0
22,joint,0.8,43,adaptation,-36.84151550129044,1.8054889517064032,7.339006817109218,0.6899934221745343,0.1360879047682832,0.3743285575137607,67,0
22,joint,0.8,44,adaptation,-36.56681039129259,1.805653673021883,7.23578464031273,0.6844830396294447,0.13655140464220586,0.37603647261395057,67,0
22,joint,0.8,45,adaptation,-36.28946130454467,1.803064881602461,7.1457784929862695,0.6810512663553493,0.1369886449403251,0.37770950012518295,67,0
22,joint,0.8,46,adaptation,-36.00961796533395,1.7982668105114352,7.066931497803752,0.6793255855116546,0.13740150758981126,0.37935415293369035,67,0
22,joint,0.8,47,adaptation,-35.7273358637914,1.7916965169880419,6.99758188438584,0.6790035172541794,0.13779124249392677,0.3809753514878351,67,0
22,joint,0.8,48,adaptation,-35.4426170962919,1.7837025095156775,6.93637276427224,0.6798361427030751,0.1381586614414124,0.38257690799165917,67,0
22,joint,0.8,49,adaptation,-35.15543791123032,1.7745611476114223,6.882182560415105,0.6816161246718457,0.1385042809401529,0.38416187698324183,67,0
22,joint,0.8,50,adaptation,-34.865766796992546,1.7644906362237538,6.8340718056201455,0.6841688887474634,0.13882842635605272,0.3857328060326086,67,0
22,joint,0.8,51,adaptation,-34.57357590025482,1.7536627203856758,6.791242781718528,0.6873460619180154,0.13913130689638428,0.38729191226144966,67,0
22,joint,0.8,52,adaptation,-34.27884779804623,1.7422123109287453,6.753009122382438,0.6910205448875831,0.13941306875786913,0.38884120417323254,67,0
22,joint,0.8,53,adaptation,-33.98157908654487,1.7302453145103718,6.7187730597747795,0.6950827770168797,0.13967383203315636,0.3903825634987011,67,0
22,joint,0.8,54,adaptation,-33.68178183788426,1.7178449415027062,6.68800846723911,0.6994378761290246,0.13991371563090896,0.39191779809634775,67,0
22,joint,0.8,55,adaptation,-33.37948367389394,1.7050767452681537,6.660248244814097,0.7040034213535916,0.1401328534311063,0.39344867415160156,67,0
22,joint,0.8,56,adaptation,-33.074726984208965,1.6919926177708797,6.635074919574958,0.7087077088780036,0.1403314041021212,0.3949769337953881,67,0
22,joint,0.8,57,adaptation,-32.76756765464782,1.6786339356177904,6.612113596980154,0.713488355743866,0.14050955639703067,0.3965043026575985,67,0
22,joint,0.8,58,adaptation,-32.458073554720556,1.665034020742619,6.59102661090067,0.718291160446676,0.14066753128191906,0.39803249066283597,67,0
22,joint,0.8,59,adaptation,-32.146322949056795,1.6512200526184888,6.571509386866696,0.723069154144891,0.14080558189592632,0.39956318847052347,67,0
22,joint,0.8,60,adaptation,-31.83240293779363,1.6372145447518822,6.553287162779912,0.727781794871078,0.1409239920758537,0.4010980612863106,67,0
22,joint,0.8,61,adaptation,-31.51640798910149,1.6230364774062696,6.53611231067149,0.7323942708048515,0.14102307397726177,0.4026387412707173,67,0
22,joint,0.8,62,adaptation,-31.19843859818748,1.608702160884802,6.519762077980767,0.7368768885905176,0.1411031651736199,0.4041868194012036,67,0
22,joint,0.8,63,adaptation,-30.878600087716865,1.594225888984915,6.504036622386565,0.7412045297794608,0.14116462550315356,0.40574383737263575,67,0
22,joint,0.8,64,adaptation,-30.55700155194781,1.5796204300910004,6.488757254721155,0.7453561634692641,0.14120783385028093,0.4073112799235457,67,0
22,joint,0.8,65,adaptation,-30.23375493899037,1.5648973934393053,6.473764833458667,0.7493144066602758,0.1412331849877959,0.40889056783283617,67,0
22,joint,0.8,66,adaptation,-29.908974261052688,1.5500675000458564,6.4589182745468054,0.753065126190603,0.14124108656176598,0.4104830517294635,67,0
22,joint,0.8,67,adaptation,-29.582774920235554,1.5351407813185785,6.4440931541782485,0.7565970776664004,0.1412319562692973,0.4120900067854707,67,0
22,joint,0.8,68,adaptation,-29.255273136657003,1.520126723216613,6.42918039125973,0.7599015778242814,0.14120621925670385,0.4137126283125463,67,0
22,joint,0.8,69,adaptation,-28.926585465847143,1.5050343697279416,6.414085002154906,0.7629722074191411,0.14116430574980543,0.4153520282481161,67,0
22,joint,0.8,70,adaptation,-28.596828393113316,1.4898723962182732,6.398724923780677,0.7658045421523171,0.14110664891725655,0.41700923249439403,67,0
22,joint,0.8,71,adaptation,-28.26611799364199,1.4746491606837067,6.383029903065163,0.7683959094278511,0.14103368296062474,0.418685179059574,67,0
22,joint,0.8,72,adaptation,-27.93456964831134,1.4593727389813795,6.366940451683664,0.7707451689094755,0.14094584142037261,0.42038071694201956,67,0
22,joint,0.8,73,adaptation,-27.602297806429053,1.4440509485977104,6.350406865247213,0.7728525149831655,0.14084355568420487,0.4220966056941498,67,0
22,joint,0.8,74,adaptation,-27.269415787800487,1.4286913643503274,6.333388306015394,0.7747192993385593,0.1407272536828644,0.42383351560144716,67,0
22,joint,0.8,75,adaptation,-26.936035617635152,1.4133013285319014,6.315851947904086,0.7763478719776731,0.14059735875798873,0.42559202841269894,67,0
22,joint,0.8,76,adaptation,-26.602267888795563,1.3978879573293859,6.2977721821856205,0.7777414390512112,0.14045428868677665,0.4273726385595617,67,0
22,joint,0.8,77,adaptation,-26.268221646772233,1.3824581448448516,6.279129881913083,0.778903936015728,0.14029845484875098,0.4291757548063437,67,0
22,joint,0.8,78,adaptation,-25.934004293532553,1.3670185656620377,6.25991172276462,0.7798399146975514,0.1401302615206809,0.43100170227419193,67,0
22,joint,0.8,79,adaptation,-25.599721507049527,1.351575676622816,6.240109557745132,0.7805544429451997,0.1399501052866416,0.43285072478742437,67,0
22,joint,0.8,80,adaptation,-25.265477173870163,1.3361357182667886,6.219719842980141,0.7810530156459947,0.1397583745511651,0.43472298749339877,67,0
22,joint,0.8,81,adaptation,-24.93137333255809,1.3207047162369012,6.198743111717817,0.7813414759780892,0.13955544914442208,0.43661857971096324,67,0
22,joint,0.8,82,adaptation,-24.59751012622998,1.305288482844302,6.177183493585653,0.7814259458597321,0.13934170000933863,0.43853751796610124,67,0
22,joint,0.8,83,adaptation,-24.263985762739523,1.2898926189069404,6.155048276145278,0.7813127646475421,0.1391174889614716,0.4404797491768414,67,0
22,joint,0.8,84,adaptation,-23.930896481321824,1.274522515921565,6.132347505821507,0.7810084352192961,0.13888316851333357,0.4424451539528137,67,0
22,joint,0.8,85,adaptation,-23.598336524740176,1.259183358592507,6.1090936253595824,0.7805195766575861,0.1386390817556592,0.44443354997797985,67,0
22,joint,0.8,86,adaptation,-23.266398116153603,1.2438801277137128,6.08530114505972,0.7798528828246454,0.13838556228884688,0.44644469544805077,67,0
22,joint,0.8,87,adaptation,-22.935171440069077,1.2286176033855623,6.060986345163267,0.7790150861887554,0.13812293419848587,0.44847829253692073,67,0
22,joint,0.8,88,adaptation,-22.60474462686731,1.2134003685384878,6.036167006897178,0.77801292632649,0.13785151206949617,0.4505339908690956,67,0
22,joint,0.8,89,adaptation,-22.275203740480798,1.1982328127288586,6.010862169824957,0.7768531225836447,0.13757160103396726,0.45261139097758,67,0
22,joint,0.8,90,adaptation,-21.946632768887742,1.1831191361721185,5.98509191330029,0.7755423504315742,0.13728349684828992,0.4547100477290185,67,0
22,joint,0.8,91,adaptation,-21.619113617142965,1.1680633539770973,5.958877159964855,0.7740872211039204,0.13698748599563096,0.4568294737000602,67,0
22,joint,0.8,92,adaptation,-21.292726102721574,1.1530693005464394,5.932239499378177,0.7724942641432437,0.13668384581021595,0.45896914249094706,67,0
22,joint,0.8,93,adaptation,-20.967547952988728,1.1381406341113471,5.905201030004983,0.7707699125261506,0.13637284462025517,0.46112849196421174,67,0
22,joint,0.8,94,adaptation,-20.6436548046427,1.1232808413695503,5.877784217923299,0.7689204900716942,0.13605474190668557,0.463306927398122,67,0
22,joint,0.8,95,adaptation,-20.321120205008313,1.1084932422003615,5.8500117707441275,0.7669522008697375,0.13572978847520162,0.46550382454612615,67,0
22,joint,0.8,96,adaptation,-20.000015615069966,1.0937809944308046,5.821906525353376,0.7648711204944576,0.13539822663932186,0.46771853259505053,67,0
22,joint,0.8,97,adaptation,-19.680410414157564,1.079147098632299,5.793491348204018,0.7626831887942936,0.13506029041248138,0.46995037701616554,67,0
22,joint,0.8,98,adaptation,-19.36237190621224,1.0645944029270702,5.7647890469894945,0.7603942040719839,0.13471620570736223,0.47219866230449925,67,0
22,joint,0.8,99,adaptation,-19.045965327558154,1.050125607788398,5.73582229263117,0.7580098184894597,0.1343661905408715,0.4744626746029176,67,0
22,joint,0.8,100,adaptation,-18.73125385613389,1.0357432708189787,5.706613550603458,0.7555355345499656,0.13401045524335642,0.47674168420853363,67,0
22,joint,0.8,101,washout,-48.41829862212167,4.867943822533505,48.90498260610584,11.690509833684516,0.11764548359037763,0.42652959938575463,67,0
22,joint,0.8,102,washout,-28.40625075177991,3.716564208894916,42.72300141350064,9.877869285689993,0.10516443888520831,0.3857666517012499,67,0
22,joint,0.8,103,washout,-8.765582957133415,2.7771940758893625,37.59316142856032,8.380211302611704,0.09577817795488403,0.3525882253091668,67,0
22,joint,0.8,104,washout,6.468731931008246,2.015351035254122,33.32463898299768,7.141985571526389,0.08879352266634348,0.32550253411375313,67,0
22,joint,0.8,105,washout,16.935788363632142,1.40381894031976,29.761083376492138,6.117490281280122,0.08362053038238738,0.30332888187085316,67,0
22,joint,0.8,106,washout,23.93395903997495,0.9240641643693626,26.774124024488493,5.269034083438513,0.07977783211110691,0.28514131540360743,67,0
22,joint,0.8,107,washout,28.664876821013287,0.5735292572212849,24.258357716717292,4.5654935090420015,0.07688997230181459,0.27021780621811403,67,0
22,joint,0.8,108,washout,31.922495374573725,0.3872015949232489,22.12735956355196,3.9811560357951583,0.07467627479027271,0.25799574543302745,67,0
22,joint,0.8,109,washout,34.1974864812032,0.40171550613569085,20.310431384259996,3.494780204120278,0.07293454025214995,0.24803437749280613,67,0
22,joint,0.8,110,washout,35.79509974592614,0.516865255808212,18.749904792391742,3.0888266207268407,0.07152356211892448,0.23998429759460138,67,0
22,joint,0.8,111,washout,36.91068978125272,0.6400033014292891,17.39888052195954,2.7488262462434756,0.07034725242821281,0.23356362023560942,67,0
22,joint,0.8,112,washout,37.673501946140455,0.7454538578943095,16.21932520734885,2.4628598555913577,0.06934164192517787,0.22854004762264865,67,0
22,joint,0.8,113,washout,38.17185197761034,0.8293665971049647,15.180470417699144,2.221127587847465,0.06846493042421843,0.22471786285548076,67,0
22,joint,0.8,114,washout,38.46789513732954,0.8932626632111103,14.257471998573228,2.0155914015228498,0.06769021377081513,0.22192882052486135,67,0
22,joint,0.8,115,washout,38.606538407254725,0.9398867745909387,13.430294878143814,1.8396766012657275,0.06700033755358491,0.22002596507477756,67,0
22,joint,0.8,116,washout,38.6209827198089,0.9720543653359929,12.682792427793078,1.6880215496666886,0.06638434452537494,0.21887953374910363,67,0
22,joint,0.8,117,washout,38.5362717906717,0.9923144892170744,12.001952129334967,1.5562671740554561,0.0658350732738259,0.2183742610520771,67,0
22,joint,0.8,118,washout,38.37162786960947,1.002868392914873,11.377281712885333,1.4408798478673224,0.06534756873782155,0.21840756763918337,67,0
22,joint,0.8,119,washout,38.14202879308639,1.0055748252606407,10.800312490330581,1.339002659556725,0.06491805561670011,0.21888826856947258,67,0
22,joint,0.8,120,washout,37.859298156264366,1.0019842213602566,10.264199358341397,1.248331051283152,0.06454329682978904,0.21973556213456824,67,0
33,feedback,0.8,1,baseline,0.45763133023436736,0.0235176928999197,0.1710095977345276,0.01666711749839351,0.0,0.0,0,0
33,feedback,0.8,2,baseline,0.45763133023436736,0.0235176928999197,0.1710095977345276,0.01666711749839351,0.0,0.0,0,0
33,feedback,0.8,3,baseline,0.45763133023436736,0.0235176928999197,0.1710095977345276,0.01666711749839351,0.0,0.0,0,0
33,feedback,0.8,4,baseline,0.45763133023436736,0.0235176928999197,0.1710095977345276,0.01666711749839351,0.0,0.0,0,0
33,feedback,0.8,5,baseline,0.45763133023436736,0.0235176928999197,0.1710095977345276,0.01666711749839351,0.0,0.0,0,0
33,feedback,0.8,6,baseline,0.45763133023436736,0.0235176928999197,0.1710095977345276,0.01666711749839351,0.0,0.0,0,0
33,feedback,0.8,7,baseline,0.45763133023436736,0.0235176928999197,0.1710095977345276,0.01666711749839351,0.0,0.0,0,0
33,feedback,0.8,8,baseline,0.45763133023436736,0.0235176928999197,0.1710095977345276,0.01666711749839351,0.0,0.0,0,0
33,feedback,0.8,9,baseline,0.45763133023436736,0.0235176928999197,0.1710095977345276,0.01666711749839351,0.0,0.0,0,0
33,feedback,0.8,10,baseline,0.45763133023436736,0.0235176928999197,0.1710095977345276,0.01666711749839351,0.0,0.0,0,0
33,feedback,0.8,11,baseline,0.45763133023436736,0.0235176928999197,0.1710095977345276,0.01666711749839351,0.0,0.0,0,0
33,feedback,0.8,12,baseline,0.45763133023436736,0.0235176928999197,0.1710095977345276,0.01666711749839351,0.0,0.0,0,0
33,feedback,0.8,13,baseline,0.45763133023436736,0.0235176928999197,0.1710095977345276,0.01666711749839351,0.0,0.0,0,0
33,feedback,0.8,14,baseline,0.45763133023436736,0.0235176928999197,0.1710095977345276,0.01666711749839351,0.0,0.0,0,0
33,feedback,0.8,15,baseline,0.45763133023436736,0.0235176928999197,0.1710095977345276,0.01666711749839351,0.0,0.0,0,0
33,feedback,0.8,16,baseline,0.45763133023436736,0.0235176928999197,0.1710095977345276,0.01666711749839351,0.0,0.0,0,0
33,feedback,0.8,17,baseline,0.45763133023436736,0.0235176928999197,0.1710095977345276,0.01666711749839351,0.0,0.0,0,0
33,feedback,0.8,18,baseline,0.45763133023436736,0.0235176928999197,0.1710095977345276,0.01666711749839351,0.0,0.0,0,0
33,feedback,0.8,19,baseline,0.45763133023436736,0.0235176928999197,0.1710095977345276,0.01666711749839351,0.0,0.0,0,0
33,feedback,0.8,20,baseline,0.45763133023436736,0.0235176928999197,0.1710095977345276,0.01666711749839351,0.0,0.0,0,0
33,feedback,0.8,21,adaptation,30.457631330234364,15.27820938831476,53.90800195406466,13.027595762840603,0.0,0.0,0,0
33,feedback,0.8,22,adaptation,30.457631330234364,15.27820938831476,53.90800195406466,13.027595762840603,0.0,0.0,0,0
33,feedback,0.8,23,adaptation,30.457631330234364,15.27820938831476,53.90800195406466,13.027595762840603,0.0,0.0,0,0
33,feedback,0.8,24,adaptation,30.457631330234364,15.27820938831476,53.90800195406466,13.027595762840603,0.0,0.0,0,0
33,feedback,0.8,25,adaptation,30.457631330234364,15.27820938831476,53.90800195406466,13.027595762840603,0.0,0.0,0,0
33,feedback,0.8,26,adaptation,30.457631330234364,15.27820938831476,53.90800195406466,13.027595762840603,0.0,0.0,0,0
33,feedback,0.8,27,adaptation,30.457631330234364,15.27820938831476,53.90800195406466,13.027595762840603,0.0,0.0,0,0
33,feedback,0.8,28,adaptation,30.457631330234364,15.27820938831476,53.90800195406466,13.027595762840603,0.0,0.0,0,0
33,feedback,0.8,29,adaptation,30.457631330234364,15.27820938831476,53.90800195406466,13.027595762840603,0.0,0.0,0,0
33,feedback,0.8,30,adaptation,30.457631330234364,15.27820938831476,53.90800195406466,13.027595762840603,0.0,0.0,0,0
33,feedback,0.8,31,adaptation,30.457631330234364,15.27820938831476,53.90800195406466,13.027595762840603,0.0,0.0,0,0
33,feedback,0.8,32,adaptation,30.457631330234364,15.27820938831476,53.90800195406466,13.027595762840603,0.0,0.0,0,0
33,feedback,0.8,33,adaptation,30.457631330234364,15.27820938831476,53.90800195406466,13.027595762840603,0.0,0.0,0,0
33,feedback,0.8,34,adaptation,30.457631330234364,15.27820938831476,53.90800195406466,13.027595762840603,0.0,0.0,0,0
33,feedback,0.8,35,adaptation,30.457631330234364,15.27820938831476,53.90800195406466,13.027595762840603,0.0,0.0,0,0
33,feedback,0.8,36,adaptation,30.457631330234364,15.27820938831476,53.90800195406466,13.027595762840603,0.0,0.0,0,0
33,feedback,0.8,37,adaptation,30.457631330234364,15.27820938831476,53.90800195406466,13.027595762840603,0.0,0.0,0,0
33,feedback,0.8,38,adaptation,30.457631330234364,15.27820938831476,53.90800195406466,13.027595762840603,0.0,0.0,0,0
33,feedback,0.8,39,adaptation,30.457631330234364,15.27820938831476,53.90800195406466,13.027595762840603,0.0,0.0,0,0
33,feedback,0.8,40,adaptation,30.457631330234364,15.27820938831476,53.90800195406466,13.027595762840603,0.0,0.0,0,0
33,feedback,0.8,41,adaptation,30.457631330234364,15.27820938831476,53.90800195406466,13.027595762840603,0.0,0.0,0,0
33,feedback,0.8,42,adaptation,30.457631330234364,15.27820938831476,53.90800195406466,13.027595762840603,0.0,0.0,0,0
33,feedback,0.8,43,adaptation,30.457631330234364,15.27820938831476,53.90800195406466,13.027595762840603,0.0,0.0,0,0
33,feedback,0.8,44,adaptation,30.457631330234364,15.27820938831476,53.90800195406466,13.027595762840603,0.0,0.0,0,0
33,feedback,0.8,45,adaptation,30.457631330234364,15.27820938831476,53.90800195406466,13.027595762840603,0.0,0.0,0,0
33,feedback,0.8,46,adaptation,30.457631330234364,15.27820938831476,53.90800195406466,13.027595762840603,0.0,0.0,0,0
33,feedback,0.8,47,adaptation,30.457631330234364,15.27820938831476,53.90800195406466,13.027595762840603,0.0,0.0,0,0
33,feedback,0.8,48,adaptation,30.457631330234364,15.27820938831476,53.90800195406466,13.027595762840603,0.0,0.0,0,0
33,feedback,0.8,49,adaptation,30.457631330234364,15.27820938831476,53.90800195406466,13.027595762840603,0.0,0.0,0,0
33,feedback,0.8,50,adaptation,30.457631330234364,15.27820938831476,53.90800195406466,13.027595762840603,0.0,0.0,0,0
33,feedback,0.8,51,adaptation,30.457631330234364,15.27820938831476,53.90800195406466,13.027595762840603,0.0,0.0,0,0
33,feedback,0.8,52,adaptation,30.457631330234364,15.27820938831476,53.90800195406466,13.027595762840603,0.0,0.0,0,0
33,feedback,0.8,53,adaptation,30.457631330234364,15.27820938831476,53.90800195406466,13.027595762840603,0.0,0.0,0,0
33,feedback,0.8,54,adaptation,30.457631330234364,15.27820938831476,53.90800195406466,13.027595762840603,0.0,0.0,0,0
33,feedback,0.8,55,adaptation,30.457631330234364,15.27820938831476,53.90800195406466,13.027595762840603,0.0,0.0,0,0
33,feedback,0.8,56,adaptation,30.457631330234364,15.27820938831476,53.90800195406466,13.027595762840603,0.0,0.0,0,0
33,feedback,0.8,57,adaptation,30.457631330234364,15.27820938831476,53.90800195406466,13.027595762840603,0.0,0.0,0,0
33,feedback,0.8,58,adaptation,30.457631330234364,15.27820938831476,53.90800195406466,13.027595762840603,0.0,0.0,0,0
33,feedback,0.8,59,adaptation,30.457631330234364,15.27820938831476,53.90800195406466,13.027595762840603,0.0,0.0,0,0
33,feedback,0.8,60,adaptation,30.457631330234364,15.27820938831476,53.90800195406466,13.027595762840603,0.0,0.0,0,0
33,feedback,0.8,61,adaptation,30.457631330234364,15.27820938831476,53.90800195406466,13.027595762840603,0.0,0.0,0,0
33,feedback,0.8,62,adaptation,30.457631330234364,15.27820938831476,53.90800195406466,13.027595762840603,0.0,0.0,0,0
33,feedback,0.8,63,adaptation,30.457631330234364,15.27820938831476,53.90800195406466,13.027595762840603,0.0,0.0,0,0
33,feedback,0.8,64,adaptation,30.457631330234364,15.27820938831476,53.90800195406466,13.027595762840603,0.0,0.0,0,0
33,feedback,0.8,65,adaptation,30.457631330234364,15.27820938831476,53.90800195406466,13.027595762840603,0.0,0.0,0,0
33,feedback,0.8,66,adaptation,30.457631330234364,15.27820938831476,53.90800195406466,13.027595762840603,0.0,0.0,0,0
33,feedback,0.8,67,adaptation,30.457631330234364,15.27820938831476,53.90800195406466,13.027595762840603,0.0,0.0,0,0
33,feedback,0.8,68,adaptation,30.457631330234364,15.27820938831476,53.90800195406466,13.027595762840603,0.0,0.0,0,0
33,feedback,0.8,69,adaptation,30.457631330234364,15.27820938831476,53.90800195406466,13.027595762840603,0.0,0.0,0,0
33,feedback,0.8,70,adaptation,30.457631330234364,15.27820938831476,53.90800195406466,13.027595762840603,0.0,0.0,0,0
33,feedback,0.8,71,adaptation,30.457631330234364,15.27820938831476,53.90800195406466,13.027595762840603,0.0,0.0,0,0
33,feedback,0.8,72,adaptation,30.457631330234364,15.27820938831476,53.90800195406466,13.027595762840603,0.0,0.0,0,0
33,feedback,0.8,73,adaptation,30.457631330234364,15.27820938831476,53.90800195406466,13.027595762840603,0.0,0.0,0,0
33,feedback,0.8,74,adaptation,30.457631330234364,15.27820938831476,53.90800195406466,13.027595762840603,0.0,0.0,0,0
33,feedback,0.8,75,adaptation,30.457631330234364,15.27820938831476,53.90800195406466,13.027595762840603,0.0,0.0,0,0
33,feedback,0.8,76,adaptation,30.457631330234364,15.27820938831476,53.90800195406466,13.027595762840603,0.0,0.0,0,0
33,feedback,0.8,77,adaptation,30.457631330234364,15.27820938831476,53.90800195406466,13.027595762840603,0.0,0.0,0,0
33,feedback,0.8,78,adaptation,30.457631330234364,15.27820938831476,53.90800195406466,13.027595762840603,0.0,0.0,0,0
33,feedback,0.8,79,adaptation,30.457631330234364,15.27820938831476,53.90800195406466,13.027595762840603,0.0,0.0,0,0
33,feedback,0.8,80,adaptation,30.457631330234364,15.27820938831476,53.90800195406466,13.027595762840603,0.0,0.0,0,0
33,feedback,0.8,81,adaptation,30.457631330234364,15.27820938831476,53.90800195406466,13.027595762840603,0.0,0.0,0,0
33,feedback,0.8,82,adaptation,30.457631330234364,15.27820938831476,53.90800195406466,13.027595762840603,0.0,0.0,0,0
33,feedback,0.8,83,adaptation,30.457631330234364,15.27820938831476,53.90800195406466,13.027595762840603,0.0,0.0,0,0
33,feedback,0.8,84,adaptation,30.457631330234364,15.27820938831476,53.90800195406466,13.027595762840603,0.0,0.0,0,0
33,feedback,0.8,85,adaptation,30.457631330234364,15.27820938831476,53.90800195406466,13.027595762840603,0.0,0.0,0,0
33,feedback,0.8,86,adaptation,30.457631330234364,15.27820938831476,53.90800195406466,13.027595762840603,0.0,0.0,0,0
33,feedback,0.8,87,adaptation,30.457631330234364,15.27820938831476,53.90800195406466,13.027595762840603,0.0,0.0,0,0
33,feedback,0.8,88,adaptation,30.457631330234364,15.27820938831476,53.90800195406466,13.027595762840603,0.0,0.0,0,0
33,feedback,0.8,89,adaptation,30.457631330234364,15.27820938831476,53.90800195406466,13.027595762840603,0.0,0.0,0,0
33,feedback,0.8,90,adaptation,30.457631330234364,15.27820938831476,53.90800195406466,13.027595762840603,0.0,0.0,0,0
33,feedback,0.8,91,adaptation,30.457631330234364,15.27820938831476,53.90800195406466,13.027595762840603,0.0,0.0,0,0
33,feedback,0.8,92,adaptation,30.457631330234364,15.27820938831476,53.90800195406466,13.027595762840603,0.0,0.0,0,0
33,feedback,0.8,93,adaptation,30.457631330234364,15.27820938831476,53.90800195406466,13.027595762840603,0.0,0.0,0,0
33,feedback,0.8,94,adaptation,30.457631330234364,15.27820938831476,53.90800195406466,13.027595762840603,0.0,0.0,0,0
33,feedback,0.8,95,adaptation,30.457631330234364,15.27820938831476,53.90800195406466,13.027595762840603,0.0,0.0,0,0
33,feedback,0.8,96,adaptation,30.457631330234364,15.27820938831476,53.90800195406466,13.027595762840603,0.0,0.0,0,0
33,feedback,0.8,97,adaptation,30.457631330234364,15.27820938831476,53.90800195406466,13.027595762840603,0.0,0.0,0,0
33,feedback,0.8,98,adaptation,30.457631330234364,15.27820938831476,53.90800195406466,13.027595762840603,0.0,0.0,0,0
33,feedback,0.8,99,adaptation,30.457631330234364,15.27820938831476,53.90800195406466,13.027595762840603,0.0,0.0,0,0
33,feedback,0.8,100,adaptation,30.457631330234364,15.27820938831476,53.90800195406466,13.027595762840603,0.0,0.0,0,0
33,feedback,0.8,101,washout,0.45763133023436736,0.0235176928999197,0.1710095977345276,0.01666711749839351,0.0,0.0,0,0
33,feedback,0.8,102,washout,0.45763133023436736,0.0235176928999197,0.1710095977345276,0.01666711749839351,0.0,0.0,0,0
33,feedback,0.8,103,washout,0.45763133023436736,0.0235176928999197,0.1710095977345276,0.01666711749839351,0.0,0.0,0,0
33,feedback,0.8,104,washout,0.45763133023436736,0.0235176928999197,0.1710095977345276,0.01666711749839351,0.0,0.0,0,0
33,feedback,0.8,105,washout,0.45763133023436736,0.0235176928999197,0.1710095977345276,0.01666711749839351,0.0,0.0,0,0
33,feedback,0.8,106,washout,0.45763133023436736,0.0235176928999197,0.1710095977345276,0.01666711749839351,0.0,0.0,0,0
33,feedback,0.8,107,washout,0.45763133023436736,0.0235176928999197,0.1710095977345276,0.01666711749839351,0.0,0.0,0,0
33,feedback,0.8,108,washout,0.45763133023436736,0.0235176928999197,0.1710095977345276,0.01666711749839351,0.0,0.0,0,0
33,feedback,0.8,109,washout,0.45763133023436736,0.0235176928999197,0.1710095977345276,0.01666711749839351,0.0,0.0,0,0
33,feedback,0.8,110,washout,0.45763133023436736,0.0235176928999197,0.1710095977345276,0.01666711749839351,0.0,0.0,0,0
33,feedback,0.8,111,washout,0.45763133023436736,0.0235176928999197,0.1710095977345276,0.01666711749839351,0.0,0.0,0,0
33,feedback,0.8,112,washout,0.45763133023436736,0.0235176928999197,0.1710095977345276,0.01666711749839351,0.0,0.0,0,0
33,feedback,0.8,113,washout,0.45763133023436736,0.0235176928999197,0.1710095977345276,0.01666711749839351,0.0,0.0,0,0
33,feedback,0.8,114,washout,0.45763133023436736,0.0235176928999197,0.1710095977345276,0.01666711749839351,0.0,0.0,0,0
33,feedback,0.8,115,washout,0.45763133023436736,0.0235176928999197,0.1710095977345276,0.01666711749839351,0.0,0.0,0,0
33,feedback,0.8,116,washout,0.45763133023436736,0.0235176928999197,0.1710095977345276,0.01666711749839351,0.0,0.0,0,0
33,feedback,0.8,117,washout,0.45763133023436736,0.0235176928999197,0.1710095977345276,0.01666711749839351,0.0,0.0,0,0
33,feedback,0.8,118,washout,0.45763133023436736,0.0235176928999197,0.1710095977345276,0.01666711749839351,0.0,0.0,0,0
33,feedback,0.8,119,washout,0.45763133023436736,0.0235176928999197,0.1710095977345276,0.01666711749839351,0.0,0.0,0,0
33,feedback,0.8,120,washout,0.45763133023436736,0.0235176928999197,0.1710095977345276,0.01666711749839351,0.0,0.0,0,0
33,cortex,0.8,1,baseline,0.45763133023436736,0.0235176928999197,0.1710095977345276,0.01666711749839351,6.490318588217418e-05,0.0,67,0
33,cortex,0.8,2,baseline,0.43983205316002166,0.02389311574027221,0.16914483671620856,0.016258308525108643,0.00012688420886495125,0.0,67,0
33,cortex,0.8,3,baseline,0.42480436034221913,0.024405514892822344,0.167448251839613,0.015914627768997627,0.0001862925919313274,0.0,67,0
33,cortex,0.8,4,baseline,0.41197532057540637,0.024999894707220114,0.16590564513184602,0.01561378240743323,0.00024337534140451395,0.0,67,0
33,cortex,0.8,5,baseline,0.4008984832178432,0.025639891428032226,0.16450556308310627,0.015342549684326386,0.00029831412804663486,0.0,67,0
33,cortex,0.8,6,baseline,0.39122566060055664,0.02630131013584776,0.1632378863186462,0.01509317500598986,0.00035124920321958513,0.0,67,0
33,cortex,0.8,7,baseline,0.3826849799513465,0.026967903089031905,0.1620931275776116,0.014861129646490796,0.00040229459889997424,0.0,67,0
33,cortex,0.8,8,baseline,0.375063829178691,0.027628669705000764,0.1610621235195968,0.01464374727613905,0.00045154767395814066,0.0,67,0
33,cortex,0.8,9,baseline,0.36819561529389433,0.02827613442203407,0.16013593585810845,0.01443941051839448,0.0004990950333579904,0.0,67,0
33,cortex,0.8,10,baseline,0.36194948873208693,0.028905237620826942,0.15930585555421858,0.01424707452485117,0.0005450161444675406,0.0,67,0
33,cortex,0.8,11,baseline,0.35622237230021714,0.029512608539245117,0.15856345046083645,0.014065993816306122,0.0005893855069933695,0.0,67,0
33,cortex,0.8,12,baseline,0.35093277938516876,0.03009607776449745,0.15790062432664853,0.013895570015462466,0.000632273925752398,0.0,67,0
33,cortex,0.8,13,baseline,0.3460160204151644,0.030654342331370432,0.15730967104854127,0.013735270406113506,0.0006737492355283036,0.0,67,0
33,cortex,0.8,14,baseline,0.3414204859255726,0.03118673016226543,0.1567833171347903,0.013584587212811323,0.0007138766981385945,0.0,67,0
33,cortex,0.8,15,baseline,0.3371047642501121,0.03169303083176274,0.15631475031690004,0.013443019683881218,0.0007527192090199125,0.0,67,0
33,cortex,0.8,16,baseline,0.3330354060850502,0.032173371800663236,0.15589763482005534,0.013310068443077305,0.0007903373978641444,0.0,67,0
33,cortex,0.8,17,baseline,0.3291851903287929,0.03262812662551915,0.15552611499617044,0.013185236013695834,0.0008267896744450883,0.0,67,0
33,cortex,0.8,18,baseline,0.32553177832825797,0.033057846173677755,0.1551948094427026,0.013068030066755715,0.0008621322498217818,0.0,67,0
33,cortex,0.8,19,baseline,0.3220566690711625,0.033463206714895125,0.1548987977407778,0.012957967508910352,0.0008964191500948777,0.0,67,0
33,cortex,0.8,20,baseline,0.31874438755542783,0.03384497058587568,0.15463360175467858,0.012854578437505747,0.0009297022319267437,0.0,67,0
33,cortex,0.8,21,adaptation,30.315581853843835,15.281710551518065,53.886579151505956,13.022142092800335,0.06261025967790249,0.0,67,0
33,cortex,0.8,22,adaptation,-18.866616490881825,11.302970810523941,47.014351970122554,9.85453648282173,0.10912616137961646,0.0,67,0
33,cortex,0.8,23,adaptation,-39.302200942306584,8.725109818218668,42.179687290616826,7.601416288209934,0.14404798016891637,0.0,67,0
33,cortex,0.8,24,adaptation,-47.96721178152406,7.198436881071539,38.68016856893409,6.0190549389147225,0.17058017783911625,0.0,67,0
33,cortex,0.8,25,adaptation,-52.53721868244872,6.408744110977502,36.04425804895025,4.926683349370857,0.19105802490626173,0.0,67,0
33,cortex,0.8,26,adaptation,-55.32546844870857,6.067916748780998,33.96685778214736,4.185243397726231,0.20718443293285416,0.0,67,0
33,cortex,0.8,27,adaptation,-57.197263219136566,5.954548127466182,32.25585667890352,3.6863509385507567,0.2201988627726768,0.0,67,0
33,cortex,0.8,28,adaptation,-58.54005537699332,5.932041315499082,30.792068365250415,3.3477713633041177,0.23099959296691402,0.0,67,0
33,cortex,0.8,29,adaptation,-59.5503418742405,5.929988033153408,29.501722874535403,3.1107053011354773,0.2402334055417383,0.0,67,0
33,cortex,0.8,30,adaptation,-60.33667563229237,5.917342943261223,28.338725144750068,2.935935113981768,0.24836199400578093,0.0,67,0
33,cortex,0.8,31,adaptation,-60.96260724694603,5.883253919730085,27.273674699773856,2.798872440355081,0.2557114010906385,0.0,67,0
33,cortex,0.8,32,adaptation,-61.46675011796571,5.826276125422521,26.287240916031724,2.6848080135099,0.2625088807549861,0.0,67,0
33,cortex,0.8,33,adaptation,-61.87303173629806,5.748898208370115,25.366222673847165,2.5852200172067,0.2689103342765043,0.0,67,0
33,cortex,0.8,34,adaptation,-62.196318036395475,5.654915876915061,24.501218024039296,2.495265518841838,0.27502063843410807,0.0,67,0
33,cortex,0.8,35,adaptation,-62.44568238681005,5.548237240849542,23.685243747462795,2.412212338734096,0.28090860787594274,0.0,67,0
33,cortex,0.8,36,adaptation,-62.62639703285225,5.432387103447415,22.912910221468728,2.334508750708684,0.2866179187365911,0.0,67,0
33,cortex,0.8,37,adaptation,-62.74119395312282,5.310344056293945,22.179919780707678,2.2612502613220165,0.2921750101914931,0.0,67,0
33,cortex,0.8,38,adaptation,-62.79108920532598,5.184529696324032,21.482753890215015,2.191881582715869,0.2975947421960041,0.0,67,0
33,cortex,0.8,39,adaptation,-62.77593708506633,5.056861576730865,20.818471414253825,2.1260335935503094,0.30288440187509796,0.0,67,0
33,cortex,0.8,40,adaptation,-62.69481249580151,4.9288273649158665,20.184573278056906,2.06343602971841,0.3080465058703987,0.0,67,0
33,cortex,0.8,41,adaptation,-62.54628212527423,4.801560495004755,19.57890778681735,2.0038718266617828,0.3130807331084549,0.0,67,0
33,cortex,0.8,42,adaptation,-62.32860308991707,4.675908911563168,18.99960169407163,1.9471539006621559,0.31798523557465985,0.0,67,0
33,cortex,0.8,43,adaptation,-62.03987447518806,4.55249402567045,18.445008267362454,1.8931137224855705,0.32275750856199226,0.0,67,0
33,cortex,0.8,44,adaptation,-61.67815890549655,4.431759609005061,17.913667094591762,1.8415958903603815,0.32739495215287395,0.0,67,0
33,cortex,0.8,45,adaptation,-61.241585869658955,4.314011486126027,17.404272366003642,1.792455619876358,0.3318952187451773,0.0,67,0
33,cortex,0.8,46,adaptation,-60.72844484284991,4.199449290009081,16.915647512988638,1.7455575591161712,0.3362564142633746,0.0,67,0
33,cortex,0.8,47,adaptation,-60.13727359896206,4.088191600577426,16.44672475800199,1.7007751418107862,0.3404772009068231,0.0,67,0
33,cortex,0.8,48,adaptation,-59.46694508144221,3.9802956843556156,15.996528538256081,1.657990114546118,0.34455683499812145,0.0,67,0
33,cortex,0.8,49,adaptation,-58.71675453726884,3.875772893252883,15.564162025267152,1.6170920887289164,0.34849516325725755,0.0,67,0
33,cortex,0.8,50,adaptation,-57.88650715927241,3.7746006096225186,15.148796136638955,1.5779780709536169,0.3522925935459778,0.0,67,0
33,cortex,0.8,51,adaptation,-56.976605138974676,3.6767314650334915,14.749660560635842,1.5405519702026647,0.3559500509837651,0.0,67,0
33,cortex,0.8,52,adaptation,-55.98813177503322,3.5821004202469706,14.366036407327373,1.5047240961598334,0.35946892672926056,0.0,67,0
33,cortex,0.8,53,adaptation,-54.922929130850534,3.4906301757449567,13.997250172966258,1.47041066535759,0.3628510242089226,0.0,67,0
33,cortex,0.8,54,adaptation,-53.783664753823096,3.402235284730999,13.64266876279211,1.4375333289107137,0.36609850583968545,0.0,67,0
33,cortex,0.8,55,adaptation,-52.573882260396665,3.316825261454816,13.301695365200713,1.4060187311127836,0.3692138421054108,0.0,67,0
33,cortex,0.8,56,adaptation,-51.298030281671466,3.234306914270267,12.973766009435264,1.3757981039264813,0.37219976404436506,0.0,67,0
33,cortex,0.8,57,adaptation,-49.96146448164288,3.154586082366761,12.658346671227656,1.3468068990230486,0.3750592196704848,0.0,67,0
33,cortex,0.8,58,adaptation,-48.570418204390464,3.0775689152343633,12.354930817316713,1.3189844566298008,0.37779533450246067,0.0,67,0
33,cortex,0.8,59,adaptation,-47.13193881640012,3.003162802576364,12.063037301454104,1.2922737089170544,0.38041137615368587,0.0,67,0
33,cortex,0.8,60,adaptation,-45.653788932639905,2.931277037863061,11.7822085421707,1.266620914808942,0.3829107228021594,0.0,67,0
33,cortex,0.8,61,adaptation,-44.144314287526484,2.861823279606452,11.512008926889763,1.2419754227512467,0.3852968352841189,0.0,67,0
33,cortex,0.8,62,adaptation,-42.612282766614875,2.794715859595462,11.252023398517265,1.218289457951136,0.38757323251873266,0.0,67,0
33,cortex,0.8,63,adaptation,-41.0667017095131,2.7298719758372165,11.001856189904423,1.1955179307945847,0.38974346995999687,0.0,67,0
33,cortex,0.8,64,adaptation,-39.516622668373365,2.667211799077868,10.761129678976543,1.1736182634537735,0.39181112077669544,0.0,67,0
33,cortex,0.8,65,adaptation,-37.970944049070326,2.6066585149442414,10.529483343212046,1.1525502320562793,0.3937797594755564,0.0,67,0
33,cortex,0.8,66,adaptation,-36.438222279780426,2.5481383184967465,10.306572796813855,1.1322758221558087,0.39565294770229725,0.0,67,0
33,cortex,0.8,67,adaptation,-34.92650130917373,2.491580373961544,10.092068897596045,1.112759095596731,0.39743422197729544,0.0,67,0
33,cortex,0.8,68,adaptation,-33.44316846594306,2.436916749332298,9.885656913498643,1.0939660671849936,0.39912708314531625,0.0,67,0
33,cortex,0.8,69,adaptation,-31.994842282108195,2.3840823331815444,9.687035740903703,1.0758645898605275,0.40073498734094687,0.0,67,0
33,cortex,0.8,70,adaptation,-30.587295142210955,2.333014739233292,9.495917168692404,1.058424247308432,0.40226133829244193,0.0,67,0
33,cortex,0.8,71,adaptation,-29.225410925192705,2.2836542028856304,9.312025183347991,1.0416162531500377,0.40370948080622354,0.0,67,0
33,cortex,0.8,72,adaptation,-27.91317545675943,2.235943472839854,9.135095311468922,1.0254133560228134,0.40508269529211866,0.0,67,0
33,cortex,0.8,73,adaptation,-26.653695791855117,2.189827700207831,8.964873996865327,1.0097897499949837,0.406384193205542,0.0,67,0
33,cortex,0.8,74,adaptation,-25.44924319197816,2.145254326877968,8.80111801003029,0.9947209898697894,0.40761711329727873,0.0,67,0
33,cortex,0.8,75,adaptation,-24.301314140487772,2.1021729744694215,8.643593888243336,0.9801839110211094,0.40878451857439163,0.0,67,0
33,cortex,0.8,76,adaptation,-23.21070376398611,2.0605353348688134,8.492077404910416,0.9661565534692245,0.40988939388718254,0.0,67,0
33,cortex,0.8,77,adaptation,-22.17758646844933,2.020295063084978,8.346353066997073,0.9526180899572817,0.4109346440672233,0.0,67,0
33,cortex,0.8,78,adaptation,-21.201599310601303,1.981407672967167,8.20621363959364,0.9395487578280882,0.4119230925503549,0.0,67,0
33,cortex,0.8,79,adaptation,-20.281924473803652,1.9438304361858276,8.071459696774529,0.926929794529968,0.41285748042636866,0.0,67,0
33,cortex,0.8,80,adaptation,-19.41736809364432,1.907522284765564,7.9418991979927265,0.9147433766014713,0.413740465863954,0.0,67,0
33,cortex,0.8,81,adaptation,-18.606433502031614,1.872443717376116,7.817347089297204,0.9029725620000696,0.41457462386552413,0.0,67,0
33,cortex,0.8,82,adaptation,-17.8473876804463,1.8385567095262128,7.697624928679445,0.8916012356500091,0.41536244631182195,0.0,67,0
33,cortex,0.8,83,adaptation,-17.13832030890186,1.8058246277542567,7.582560534855279,0.8806140580920013,0.4161063422608499,0.0,67,0
33,cortex,0.8,84,adaptation,-16.477195262286617,1.7742121478743966,7.471987658772864,0.869996417121403,0.4168086384697364,0.0,67,0
33,cortex,0.8,85,adaptation,-15.861894748117136,1.7436851773064754,7.36574567711286,0.8597343823045829,0.4174715801117276,0.0,67,0
33,cortex,0.8,86,adaptation,-15.29025651485506,1.7142107814953977,7.263679307015241,0.8498146622643846,0.4180973316636252,0.0,67,0
33,cortex,0.8,87,adaptation,-14.760104706558385,1.6857571144061647,7.165638341229235,0.840224564626282,0.41868797794175,0.0,67,0
33,cortex,0.8,88,adaptation,-14.269275016804034,1.6582933530642119,7.071477402848545,0.8309519585172154,0.41924552526692777,0.0,67,0
33,cortex,0.8,89,adaptation,-13.815634820113887,1.631789636097658,6.981055718754676,0.8219852395089333,0.4197719027411279,0.0,67,0
33,cortex,0.8,90,adaptation,-13.397098947575238,1.6062170062247765,6.894236910858255,0.8133132968977677,0.42026896362025845,0.0,67,0
33,cortex,0.8,91,adaptation,-13.011641737392466,1.5815473566181668,6.81088880419623,0.8049254832129863,0.4207384867692744,0.0,67,0
33,cortex,0.8,92,adaptation,-12.657305940295693,1.5577533810675814,6.730883250918922,0.7968115858460594,0.42118217818721626,0.0,67,0
33,cortex,0.8,93,adaptation,-12.332209001319072,1.534808527850425,6.6540959691784805,0.7889618006941135,0.4216016725910848,0.0,67,0
33,cortex,0.8,94,adaptation,-12.034547178616208,1.5126869572115185,6.580406395918568,0.7813667077114169,0.4219985350485963,0.0,67,0
33,cortex,0.8,95,adaptation,-11.762597900217179,1.491363502341998,6.509697552558063,0.7740172482643157,0.4223742626508791,0.0,67,0
33,cortex,0.8,96,adaptation,-11.51472070322097,1.4708136337379678,6.441855922560489,0.7669047041864391,0.4227302862170622,0.0,67,0
33,cortex,0.8,97,adaptation,-11.289357048198315,1.451013426811515,6.376771339893917,0.7600206784331908,0.4230679720235131,0.0,67,0
33,cortex,0.8,98,adaptation,-11.08502925513728,1.4319395326159405,6.314336887392809,0.7533570772362219,0.423388623551187,0.0,67,0
33,cortex,0.8,99,adaptation,-10.90033876632665,1.413569151541272,6.254448804065916,0.7469060936617331,0.4236934832451888,0.0,67,0
33,cortex,0.8,100,adaptation,-10.733963905933221,1.3958800098261768,6.19700640041321,0.7406601924786677,0.4239837342812159,0.0,67,0
33,cortex,0.8,101,washout,-40.58465727540674,5.126141267928977,43.22246608216805,10.595360377292371,0.3972535566871683,0.0,67,0
33,cortex,0.8,102,washout,-0.32450676649695526,2.8084077695725966,39.416887062865115,8.575311616670698,0.3762906860598407,0.0,67,0
33,cortex,0.8,103,washout,23.15995785504262,1.538804721267942,36.42141838911247,7.009574747087298,0.3590000850576576,0.0,67,0
33,cortex,0.8,104,washout,34.13939627692107,1.7587094838561843,33.99701601237431,5.804437624173164,0.34403244529052085,0.0,67,0
33,cortex,0.8,105,washout,39.755390559085235,2.5226341591078167,31.97278496933214,4.883008565789772,0.3305529634190686,0.0,67,0
33,cortex,0.8,106,washout,42.88422854829285,3.197606673391546,30.230222634876295,4.18210456651466,0.3180630291054332,0.0,67,0
33,cortex,0.8,107,washout,44.69597068394458,3.70542342758611,28.68899740312774,3.649940142217834,0.3062748450459966,0.0,67,0
33,cortex,0.8,108,washout,45.731488828286665,4.061665908871299,27.295464856655492,3.2445356710911653,0.29502836893970047,0.0,67,0
33,cortex,0.8,109,washout,46.27087747380553,4.294257617220446,26.01408036461516,2.9325685515608355,0.2842384829900856,0.0,67,0
33,cortex,0.8,110,washout,46.472873542863276,4.4295344859300965,24.821309541669912,2.688337432464858,0.27386239408372126,0.0,67,0
33,cortex,0.8,111,washout,46.43411922336244,4.489674873839921,23.70146567773885,2.4926388681526834,0.2638800350682954,0.0,67,0
33,cortex,0.8,112,washout,46.216972549611974,4.492637244322755,22.643936123568484,2.3315493019401585,0.25428259262280406,0.0,67,0
33,cortex,0.8,113,washout,45.86365761654847,4.452699340451754,21.641367111621186,2.1952235579288066,0.24506600691384295,0.0,67,0
33,cortex,0.8,114,washout,45.40395723070239,4.38109327741363,20.68849107923241,2.076828379537737,0.23622745378595794,0.0,67,0
33,cortex,0.8,115,washout,44.859630864876344,4.286590957699259,19.78137628940386,1.9716762506018017,0.22776357818978987,0.0,67,0
33,cortex,0.8,116,washout,44.247071748395065,4.17600263606847,18.91695018788848,1.8765679165686806,0.21966972827387504,0.0,67,0
33,cortex,0.8,117,washout,43.57896910439335,4.054586878700884,18.092698400437346,1.7893172607454677,0.21193973944633518,0.0,67,0
33,cortex,0.8,118,washout,42.865384049420314,3.926381501594226,17.306475542363227,1.7084196393264277,0.20456600246068093,0.0,67,0
33,cortex,0.8,119,washout,42.11446702796894,3.794467824500144,16.556386743356857,1.632825784469152,0.1975396621381253,0.0,67,0
33,cortex,0.8,120,washout,41.33294891344338,3.6611801984937387,15.840713634274111,1.5617900752981038,0.19085086111077598,0.0,67,0
33,cerebellum,0.8,1,baseline,0.45763133023436736,0.0235176928999197,0.1710095977345276,0.01666711749839351,0.0,0.00023785823994168935,67,0
33,cerebellum,0.8,2,baseline,0.45956795822798624,0.023601099632148913,0.16856440421031,0.01594660743861877,0.0,0.00046576206018589304,67,0
33,cerebellum,0.8,3,baseline,0.4613053107988425,0.023648163841887324,0.16640153694702808,0.015302406957065882,0.0,0.0006845022609963601,67,0
33,cerebellum,0.8,4,baseline,0.4628641667606656,0.023661776113592155,0.16451180705421128,0.014731157978961176,0.0,0.0008947686914835645,67,0
33,cerebellum,0.8,5,baseline,0.46426314373615024,0.023644872145659905,0.16288781739755004,0.014231870228905543,0.0,0.001097168539967193,67,0
33,cerebellum,0.8,6,baseline,0.46551892232168274,0.023600341955930294,0.16152222927916063,0.013804851689400637,0.0,0.001292241146983243,67,0
33,cerebellum,0.8,7,baseline,0.46664644694686425,0.02353097085029906,0.16040666448113752,0.013450805048709352,0.0,0.001480469926748691,67,0
33,cerebellum,0.8,8,baseline,0.46765910587069287,0.023439402721299112,0.1595311007508942,0.013170093279753168,0.0,0.0016622919051455113,67,0
33,cerebellum,0.8,9,baseline,0.4685688925060943,0.023328118991565942,0.1588836406319209,0.012962187683841954,0.0,0.0018381053091856294,67,0
33,cerebellum,0.8,10,baseline,0.4693865500162553,0.0231994284494756,0.158450551903585,0.012825314603818905,0.0,0.002008275576216856,67,0
33,cerebellum,0.8,11,baseline,0.47012170093316075,0.023055464591141932,0.15821649392295178,0.012756308006486075,0.0,0.0021731400916356167,67,0
33,cerebellum,0.8,12,baseline,0.47078296335273834,0.022898188052659366,0.15816485880213066,0.012750655468673034,0.0,0.0023330119117476017,67,0
33,cerebellum,0.8,13,baseline,0.4713780551080623,0.02272939240699514,0.15827817011623269,0.012802701631111937,0.0,0.002488182683386353,67,0
33,cerebellum,0.8,14,baseline,0.4719138871630309,0.022550712095388246,0.15853849480774207,0.012905955051128959,0.0,0.002638924933455507,67,0
33,cerebellum,0.8,15,baseline,0.4723966473473395,0.022363631618020144,0.15892783592100115,0.013053438200005808,0.0,0.0027854938690484443,67,0
33,cerebellum,0.8,16,baseline,0.4728318754339835,0.02216949536625123,0.15942848444541644,0.013238027129219192,0.0,0.0029281288015372497,67,0
33,cerebellum,0.8,17,baseline,0.4732245304533154,0.02196951766287199,0.16002331756668794,0.013452742963940353,0.0,0.003067054285324056,67,0
33,cerebellum,0.8,18,baseline,0.4735790510484131,0.021764792712535577,0.1606960378617277,0.013690975671570887,0.0,0.003202481043171776,67,0
33,cerebellum,0.8,19,baseline,0.4738994095909722,0.021556304260789607,0.16143135340859519,0.01394663633823807,0.0,0.003334606734599458,67,0
33,cerebellum,0.8,20,baseline,0.47418916070078265,0.021344934830615565,0.16221510254964208,0.014214244880171766,0.0,0.0034636166112131587,67,0
33,cerebellum,0.8,21,adaptation,30.47445148474868,15.28607049502106,53.90857968785992,13.030697131386257,0.0,0.16205477137185503,67,0
33,cerebellum,0.8,22,adaptation,26.934646468428465,11.93401011091979,41.17673389965,10.161888386551016,0.0,0.2912060481457405,67,0
33,cerebellum,0.8,23,adaptation,23.792993153169824,9.272511368736858,31.01844038855081,7.862270574258539,0.0,0.3939965266100905,67,0
33,cerebellum,0.8,24,adaptation,21.096664442655,7.157437515997846,22.925389260082525,6.015974401951376,0.0,0.47561957703034524,67,0
33,cerebellum,0.8,25,adaptation,18.83786817923109,5.478085128115168,16.51171845438053,4.534092205016718,0.0,0.5402501863585192,67,0
33,cerebellum,0.8,26,adaptation,16.976021988570704,4.148921042785233,11.495607940475972,3.34808974857202,0.0,0.5912641935973763,67,0
33,cerebellum,0.8,27,adaptation,15.455986414852017,3.103622839899425,7.703854773252904,2.4055393673920693,0.0,0.6314015835490453,67,0
33,cerebellum,0.8,28,adaptation,14.220039292522545,2.2910787717195227,5.120342500892088,1.6683374312237917,0.0,0.6628894148567522,67,0
33,cerebellum,0.8,29,adaptation,13.214447121488641,1.6729911572154585,3.92190392996051,1.1148397354400934,0.0,0.6875367777974978,67,0
33,cerebellum,0.8,30,adaptation,12.392359566688482,1.2225954153929364,4.0296162833837466,0.7490958482993509,0.0,0.7068099380017714,67,0
33,cerebellum,0.8,31,adaptation,11.714548207003403,0.9227042869920564,4.740637915313774,0.6011943986824939,0.0,0.7218929684560447,67,0
33,cerebellum,0.8,32,adaptation,11.149035278619357,0.757785867480362,5.5196352330635845,0.6425369754531822,0.0,0.7337373868270006,67,0
33,cerebellum,0.8,33,adaptation,10.670240923143394,0.6986182502542774,6.185326482251246,0.7599346816555321,0.0,0.7431032097842292,67,0
33,cerebellum,0.8,34,adaptation,10.257991676232152,0.7011166931255103,6.700710143879792,0.8809827795834674,0.0,0.7505931395583645,67,0
33,cerebellum,0.8,35,adaptation,9.896559914145678,0.7270201936662353,7.073290478463899,0.9828240432318062,0.0,0.7566811446834802,67,0
33,cerebellum,0.8,36,adaptation,9.573807292985759,0.7548983560636849,7.322931692380298,1.0612705309987092,0.0,0.7617363911935229,67,0
33,cerebellum,0.8,37,adaptation,9.280454699032292,0.7759041863325058,7.471404787539147,1.1178523059550223,0.0,0.7660432683817255,67,0
33,cerebellum,0.8,38,adaptation,9.009476772824673,0.7876001154508233,7.53890254309976,1.155665613530238,0.0,0.7698181031884108,67,0
33,cerebellum,0.8,39,adaptation,8.755608576757448,0.7903209827746578,7.542985044944423,1.178006337218707,0.0,0.7732230498759518,67,0
33,cerebellum,0.8,40,adaptation,8.514948593201222,0.7854426706694542,7.498427486943559,1.1879112426133052,0.0,0.7763775637390115,67,0
33,cerebellum,0.8,41,adaptation,8.284642249563467,0.7746093418804917,7.417406073359665,1.1880207371951397,0.0,0.7793678097497002,67,0
33,cerebellum,0.8,42,adaptation,8.062631626668795,0.7594019422346137,7.309798813693157,1.1805623062971988,0.0,0.7822543123602518,67,0
33,cerebellum,0.8,43,adaptation,7.847458946291936,0.7412076100885661,7.183509374877053,1.1673794129939068,0.0,0.7850781162829933,67,0
33,cerebellum,0.8,44,adaptation,7.638113395518696,0.7211808993478258,7.044776231051014,1.1499757790390586,0.0,0.7878656966746704,67,0
33,cerebellum,0.8,45,adaptation,7.4339126363599295,0.700246592710509,6.898452626912618,1.129562573316325,0.0,0.7906328288039914,67,0
33,cerebellum,0.8,46,adaptation,7.2344119048461755,0.6791205007476961,6.748253109167535,1.1071033538284012,0.0,0.7933876009709513,67,0
33,cerebellum,0.8,47,adaptation,7.03933492072862,0.6583369828501597,6.59696686089544,1.0833547839591864,0.0,0.7961327298056404,67,0
33,cerebellum,0.8,48,adaptation,6.848521927704869,0.6382777909859837,6.446639951549294,1.0589025489590418,0.0,0.7988673140998498,67,0
33,cerebellum,0.8,49,adaptation,6.661891093264279,0.6191996744507389,6.298729315310577,1.0341925167665165,0.0,0.8015881421736626,67,0
33,cerebellum,0.8,50,adaptation,6.479410245589437,0.6012595691718756,6.154231448793569,1.009557447343736,0.0,0.8042906486310085,67,0
33,cerebellum,0.8,51,adaptation,6.301076538346035,0.5845368761397886,6.0137887760584325,0.985239651439841,0.0,0.8069695993385185,67,0
33,cerebellum,0.8,52,adaptation,6.1269021350617345,0.5690526756137761,5.8777764965940245,0.9614100234326464,0.0,0.8096195686110851,67,0
33,cerebellum,0.8,53,adaptation,5.956904412018686,0.5547859072742138,5.746372563348158,0.9381838654208915,0.0,0.8122352598578231,67,0
33,cerebellum,0.8,54,adaptation,5.7910995080661225,0.541686657872809,5.619613251086077,0.9156338997385991,0.0,0.8148117102131822,67,0
33,cerebellum,0.8,55,adaptation,5.6294983148391,0.5296867747637255,5.497436575297407,0.893800842269212,0.0,0.8173444107775387,67,0
33,cerebellum,0.8,56,adaptation,5.472104212759906,0.5187080790405761,5.3797156105489226,0.8727018821127709,0.0,0.8198293668172941,67,0
33,cerebellum,0.8,57,adaptation,5.318912026366812,0.5086684883043489,5.266283537619161,0.8523373850792982,0.0,0.8222631164126404,67,0
33,cerebellum,0.8,58,adaptation,5.169907804909675,0.4994863759154722,5.156952025787636,0.8326961093659864,0.0,0.8246427213810139,67,0
33,cerebellum,0.8,59,adaptation,5.0250691374847,0.4910834914399653,5.0515243363100195,0.8137591918886506,0.0,0.8269657406480485,67,0
33,cerebellum,0.8,60,adaptation,4.884365791842477,0.48338674837568546,4.9498043215541,0.795503133555646,0.0,0.8292301934067755,67,0
33,cerebellum,0.8,61,adaptation,4.747760527086228,0.4763291543024115,4.851602296891162,0.7779019819474636,0.0,0.8314345172428087,67,0
33,cerebellum,0.8,62,adaptation,4.6152099766297185,0.469850120174776,4.7567385832857925,0.7609288811108995,0.0,0.8335775247737391,67,0
33,cerebellum,0.8,63,adaptation,4.4866655322086695,0.46389534418020434,4.665045360061006,0.744557131155573,0.0,0.8356583611418515,67,0
33,cerebellum,0.8,64,adaptation,4.362074185001869,0.4584164251471083,4.576367330520097,0.7287608755827135,0.0,0.8376764638172308,67,0
33,cerebellum,0.8,65,adaptation,4.2413792981323954,0.45337032351931655,4.490561587642982,0.7135155121340981,0.0,0.8396315255375137,67,0
33,cerebellum,0.8,66,adaptation,4.124521297654556,0.44871875591469956,4.407496971704813,0.6987979035971281,0.0,0.8415234607701322,67,0
33,cerebellum,0.8,67,adaptation,4.011438277907827,0.44442758284524697,4.327053134480742,0.6845864484510804,0.0,0.8433523757848027,67,0
33,cerebellum,0.8,68,adaptation,3.902066522906939,0.44046622821685727,4.24911946348573,0.6708610573707345,0.0,0.8451185422306771,67,0
33,cerebellum,0.8,69,adaptation,3.7963409490099966,0.43680715326867176,4.17359397211953,0.6576030702092299,0.0,0.8468223739949634,67,0
33,cerebellum,0.8,70,adaptation,3.6941954761287463,0.43342539594696367,4.100382225375485,0.6447951388965402,0.0,0.8484644070558716,67,0
33,cerebellum,0.8,71,adaptation,3.5955633356554406,0.4302981785729978,4.029396343826829,0.6324210944227928,0.0,0.8500452820158039,67,0
33,cerebellum,0.8,72,adaptation,3.5003773234623208,0.4274045813117831,3.9605541090708423,0.6204658104372891,0.0,0.8515657289984727,67,0
33,cerebellum,0.8,73,adaptation,3.4085700060215522,0.42472527571456875,3.893778180069857,0.6089150717045692,0.0,0.8530265546070851,67,0
33,cerebellum,0.8,74,adaptation,3.320073887100547,0.4222423109226138,3.8289954205402617,0.59775545246795,0.0,0.8544286306634272,67,0
33,cerebellum,0.8,75,adaptation,3.2348215417455477,0.41993894452691494,3.7661363315955922,0.5869742074548829,0.0,0.8557728844751222,67,0
33,cerebellum,0.8,76,adaptation,3.152745723447655,0.4177995102124504,3.70513458035804,0.5765591766282671,0.0,0.8570602904073868,67,0
33,cerebellum,0.8,77,adaptation,3.073779449587149,0.41580931490053263,3.64592661351724,0.5664987036828237,0.0,0.8582918625643243,67,0
33,cerebellum,0.8,78,adaptation,2.9978560694799046,0.4139545589384449,3.588451344288822,0.5567815675769576,0.0,0.859468648411851,67,0
33,cerebellum,0.8,79,adaptation,2.9249093186452746,0.41222227382354465,3.532649901503078,0.5473969259720354,0.0,0.8605917231990873,67,0
33,cerebellum,0.8,80,adaptation,2.8548733622906766,0.4106002728959916,3.478465430327084,0.5383342692412632,0.0,0.8616621850571263,67,0
33,cerebellum,0.8,81,adaptation,2.7876828304540613,0.4090771113245644,3.425842935172848,0.5295833836447214,0.0,0.8626811506734212,67,0
33,cerebellum,0.8,82,adaptation,2.7232728467742655,0.4076420525099544,3.3747291565144044,0.5211343222975685,0.0,0.8636497514567211,67,0
33,cerebellum,0.8,83,adaptation,2.6615790524614047,0.40628503872131044,3.3250724745209315,0.5129773826480327,0.0,0.8645691301217096,67,0
33,cerebellum,0.8,84,adaptation,2.6025376266992315,0.4049966643605157,3.2768228335450993,0.5051030893056411,0.0,0.8654404376345005,67,0
33,cerebellum,0.8,85,adaptation,2.546085304442596,0.4037681507206052,3.2299316825433575,0.4975021811981928,0.0,0.8662648304701727,67,0
33,cerebellum,0.8,86,adaptation,2.4921593923431606,0.4025913214778137,3.1843519274282963,0.49016560217676947,0.0,0.8670434681418556,67,0
33,cerebellum,0.8,87,adaptation,2.440697783351364,0.40145857844302607,3.1400378921548557,0.4830844943227623,0.0,0.86777751096774,67,0
33,cerebellum,0.8,88,adaptation,2.391638970408642,0.40036287731418485,3.0969452860235127,0.4762501933349384,0.0,0.8684681180480195,67,0
33,cerebellum,0.8,89,adaptation,2.3449220595162115,0.3992977033240646,3.0550311752517034,0.4696542254850765,0.0,0.8691164454283652,67,0
33,cerebellum,0.8,90,adaptation,2.3004867823844415,0.3982570467847872,3.0142539573348923,0.46328830572725854,0.0,0.8697236444302812,67,0
33,cerebellum,0.8,91,adaptation,2.2582735087973287,0.39723537859842467,2.9745733370922394,0.4571443366279235,0.0,0.8702908601317229,67,0
33,cerebellum,0.8,92,adaptation,2.2182232587733903,0.39622762584348353,2.9359503035973056,0.4512144078531674,0.0,0.8708192299838315,67,0
33,cerebellum,0.8,93,adaptation,2.1802777145621604,0.39522914756564287,2.8983471074267744,0.44549079600665603,0.0,0.8713098825516328,67,0
33,cerebellum,0.8,94,adaptation,2.144379232492677,0.3942357109053424,2.8617272378444665,0.4399659646581899,0.0,0.8717639363681771,67,0
33,cerebellum,0.8,95,adaptation,2.1104708546654285,0.393243467688417,2.826055399675748,0.434632564440597,0.0,0.8721824988929215,67,0
33,cerebellum,0.8,96,adaptation,2.078496320465069,0.39224893159420143,2.7912974897315026,0.4294834331226013,0.0,0.8725666655662414,67,0
33,cerebellum,0.8,97,adaptation,2.0484000778648745,0.39124895599853043,2.7574205727132926,0.42451159558883567,0.0,0.872917518952845,67,0
33,cerebellum,0.8,98,adaptation,2.020127294485219,0.39024071257256576,2.7243928565911877,0.4197102636771138,0.0,0.8732361279676171,67,0
33,cerebellum,0.8,99,adaptation,1.9936238683679213,0.3892216706991502,2.6921836674742576,0.4150728358370351,0.0,0.8735235471780295,67,0
33,cerebellum,0.8,100,adaptation,1.9688364384246917,0.3881895777532924,2.660763424025978,0.4105928965855009,0.0,0.873780816177786,67,0
33,cerebellum,0.8,101,washout,-28.054287605479374,5.216224392444093,47.43346193622859,11.582975563888905,0.0,0.778736232771245,67,0
33,cerebellum,0.8,102,washout,-25.106078810061792,4.633580351345846,39.51440283309108,9.786589749322738,0.0,0.6997132823588338,67,0
33,cerebellum,0.8,103,washout,-22.437537541807266,4.11946668341292,32.600102759009694,8.21197128043292,0.0,0.6345878188399575,67,0
33,cerebellum,0.8,104,washout,-20.034532277469218,3.6637255217127325,26.577122031182956,6.83244747225114,0.0,0.5813504416342344,67,0
33,cerebellum,0.8,105,washout,-17.879364675643167,3.258278468919996,21.352258363459907,5.625513173345777,0.0,0.5380947525664602,67,0
33,cerebellum,0.8,106,washout,-15.952518317978354,2.8965840269319387,16.851372045434967,4.572056280946961,0.0,0.5030333203195774,67,0
33,cerebellum,0.8,107,washout,-14.23394258981495,2.5732545741224464,13.021702922267295,3.6558992701649635,0.0,0.47453012661578675,67,0
33,cerebellum,0.8,108,washout,-12.703934119019566,2.283783072509965,9.840243016979802,2.8636685597990725,0.0,0.4511350870156037,67,0
33,cerebellum,0.8,109,washout,-11.343699239300983,2.0243460201599794,7.333028429468225,2.1851537449125344,0.0,0.43160827247852723,67,0
33,cerebellum,0.8,110,washout,-10.135679315536672,1.7916598337588967,5.602904084583752,1.6146836713450996,0.0,0.4149274480978136,67,0
33,cerebellum,0.8,111,washout,-9.063708703861193,1.5828749485245084,4.794732210371647,1.154985954711239,0.0,0.4002790560873639,67,0
33,cerebellum,0.8,112,washout,-8.113060096914735,1.395496722922043,4.861400429622541,0.8262160328419929,0.0,0.3870370235721495,67,0
33,cerebellum,0.8,113,washout,-7.270417849174261,1.2273255196021637,5.453865256532939,0.6711887121984229,0.0,0.37473508266930045,67,0
33,cerebellum,0.8,114,washout,-6.523808115505606,1.0764106017636699,6.226739827855354,0.6990492085895105,0.0,0.3630375205253872,67,0
33,cerebellum,0.8,115,washout,-5.862505555382502,0.9410140614511757,6.995735946212734,0.8302321131498603,0.0,0.35171167187518465,67,0
33,cerebellum,0.8,116,washout,-5.276929679476973,0.8195820992558723,7.684594818132531,0.9877320369555509,0.0,0.34060390003547675,67,0
33,cerebellum,0.8,117,washout,-4.7585391805772845,0.7107217492114313,8.26701222980262,1.137715095824964,0.0,0.3296196586059292,67,0
33,cerebellum,0.8,118,washout,-4.299729327888666,0.6131816878751553,8.738287444155983,1.2688101521130517,0.0,0.31870752626595605,67,0
33,cerebellum,0.8,119,washout,-3.8937353117255773,0.5258361512992432,9.103036395270399,1.3781280701099599,0.0,0.30784675935142725,67,0
33,cerebellum,0.8,120,washout,-3.5345429897847698,0.447671255550403,9.369769823492913,1.4659600330110645,0.0,0.29703778576497386,67,0
33,joint,0.8,1,baseline,0.45763133023436736,0.0235176928999197,0.1710095977345276,0.01666711749839351,3.245159294108709e-05,0.00011892911997084467,67,0
33,joint,0.8,2,baseline,0.44969937497340906,0.02373642997922364,0.16883365553965987,0.01608234849575579,6.384426079323329e-05,0.00023492013001478958,67,0
33,joint,0.8,3,baseline,0.4415585564835129,0.02401174198764706,0.1668758975592544,0.01555032905584241,9.423884466735295e-05,0.000348015163090616,67,0
33,joint,0.8,4,baseline,0.4332546497088683,0.02433261117330656,0.16511935138591616,0.015063450508182728,0.00012368711468578686,0.00045826850190756814,67,0
33,joint,0.8,5,baseline,0.4248249894712556,0.02469007431615122,0.16355037385486587,0.014615966163883994,0.0001522343601595209,0.0005657451637048511,67,0
33,joint,0.8,6,baseline,0.4163001177043483,0.025076834164088634,0.16215774901310906,0.01420353705676754,0.00017992125815559094,0.0006705193988795076,67,0
33,joint,0.8,7,baseline,0.4077051071304798,0.02548694409448612,0.16093201127005693,0.013822885827538788,0.00020678521991082107,0.0007726732342759682,67,0
33,joint,0.8,8,baseline,0.3990606247198016,0.02591555220189383,0.15986493852154668,0.013471532281821056,0.0002328613589674001,0.0008722951276850702,67,0
33,joint,0.8,9,baseline,0.3903837859563682,0.026358693702212253,0.15894917434270592,0.013147590463209432,0.00025818318479943074,0.0009694787613269535,67,0
33,joint,0.8,10,baseline,0.38168884099152606,0.0268131226442358,0.15817794873011698,0.0128496120893646,0.00028278309682062605,0.00106432197952371,67,0
33,joint,0.8,11,baseline,0.3729877257240844,0.027276175585693473,0.15754487442532059,0.012576465075318502,0.0003066927328839112,0.0011569258633678838,67,0
33,joint,0.8,12,baseline,0.36429050438534183,0.027745661242792107,0.1570438013631104,0.012327238820840096,0.0003299432114318344,0.0012473939290731256,67,0
33,joint,0.8,13,baseline,0.3556057249893782,0.02821977122286306,0.15666871583857467,0.012101170159224711,0.00035256529568876015,0.0013358314343491905,67,0
33,joint,0.8,14,baseline,0.3469407048119255,0.028697007849513834,0.1564136739859708,0.011897585515361605,0.0003745895005220583,0.0014223447769955897,67,0
33,joint,0.8,15,baseline,0.33830175969094806,0.02917612583229873,0.15627276141545715,0.011715856032121838,0.0003960461569944274,0.0015070409709510998,67,0
33,joint,0.8,16,baseline,0.32969438822183245,0.029656085137544957,0.15624007256402614,0.011555363294922875,0.00041696544557635656,0.001590027186664578,67,0
33,joint,0.8,17,baseline,0.3211234197484844,0.03013601291419453,0.156309704640367,0.01141547389403267,0.0004373774060546131,0.001671410344488946,67,0
33,joint,0.8,18,baseline,0.3125931332895423,0.030615172734882765,0.1564757620851587,0.0112955214733849,0.0004573119300470921,0.0017512967516339795,67,0
33,joint,0.8,19,baseline,0.3041073531355363,0.031092939742663514,0.15673236829803733,0.011194795173943348,0.00047679874049502555,0.0018297917749303567,67,0
33,joint,0.8,20,baseline,0.2956695257229963,0.03156878056377988,0.15707368205990313,0.01111253353132244,0.0004958673613882015,0.0019069995431938607,67,0
33,joint,0.8,21,adaptation,30.28728278148174,15.288450799581716,53.91684210176972,13.028042358685155,0.031461177099213346,0.08052075773242659,67,0
33,joint,0.8,22,adaptation,1.9933073164988606,11.531447761708154,44.08736097172651,10.010255799944371,0.055562796110773145,0.14190653618851848,67,0
33,joint,0.8,23,adaptation,-16.76388728138549,8.732704344451786,36.78577167955404,7.754562977292805,0.07415827717420435,0.18857756804615644,67,0
33,joint,0.8,24,adaptation,-27.200414500993986,6.663234538991954,31.331018054124513,6.067364124037117,0.08854437424454295,0.2241800229559234,67,0
33,joint,0.8,25,adaptation,-33.07217393546239,5.163063157767894,27.230593254699464,4.8080376831391405,0.09971867425061069,0.2514553687883999,67,0
33,joint,0.8,26,adaptation,-36.522252907852966,4.11741874875952,24.12379642661573,3.872308220779758,0.1084460889154423,0.27247351056227725,67,0
33,joint,0.8,27,adaptation,-38.614921856911835,3.436515075240499,21.74556867057522,3.1813198488992565,0.11531199181771497,0.28880113702353594,67,0
33,joint,0.8,28,adaptation,-39.90063250848103,3.038167570873494,19.901756409743097,2.6743390680662786,0.12076374175026684,0.3016247975192156,67,0
33,joint,0.8,29,adaptation,-40.68347343937893,2.8405361651653016,18.45100312183895,2.3039897700416403,0.12514279418745092,0.3118422493547783,67,0
33,joint,0.8,30,adaptation,-41.14185280772881,2.7689986170689878,17.290955376420182,2.033291810653687,0.1287094077551657,0.3201310904313739,67,0
33,joint,0.8,31,adaptation,-41.385721361479256,2.7664936469561865,16.347692416620948,1.8338175207717962,0.13166161331864726,0.32700081333598086,67,0
33,joint,0.8,32,adaptation,-41.48551324073649,2.796109120370447,15.567756802656769,1.6843295594967487,0.1341497709698462,0.33283255908617015,67,0
33,joint,0.8,33,adaptation,-41.487710677595615,2.836824898788495,14.91229108751413,1.569500512844809,0.13628774410061004,0.3379096186233361,67,0
33,joint,0.8,34,adaptation,-41.42368354877859,2.877828148845834,14.352822692045068,1.4786245083731844,0.13816148075027293,0.34244089661932353,67,0
33,joint,0.8,35,adaptation,-41.31495177653336,2.914157868830149,13.868285283259617,1.4044140457499963,0.13983560611144766,0.3465789755997351,67,0
33,joint,0.8,36,adaptation,-41.17644680395365,2.9439829354719915,13.442933843289127,1.3419901203617912,0.14135848736028703,0.3504340116773581,67,0
33,joint,0.8,37,adaptation,-41.01860280952518,2.9670511530166337,13.064887857752913,1.2881095767833537,0.14276612347685888,0.3540844005137406,67,0
33,joint,0.8,38,adaptation,-40.84873603882135,2.9838462361274445,12.725108163953623,1.2406136314754863,0.14408513037917825,0.35758493713050615,67,0
33,joint,0.8,39,adaptation,-40.67197590178214,2.9951439790320555,12.416670753824459,1.1980528847602387,0.14533502910264923,0.3609730320045918,67,0
33,joint,0.8,40,adaptation,-40.4919052702978,3.001786658736663,12.134244018300885,1.1594403334456027,0.1465299970168064,0.36427342276623775,67,0
33,joint,0.8,41,adaptation,-40.31100722831161,3.0045747683953556,11.873706472370051,1.124091749711731,0.14768020551299677,0.36750172533828973,67,0
33,joint,0.8,42,adaptation,-40.1309802124628,3.004220880263577,11.631862818148717,1.091523414090029,0.14879283949248576,0.37066709349644683,67,0
33,joint,0.8,43,adaptation,-39.952962077407136,3.001335658387284,11.40623005331197,1.0613865860637501,0.14987287230873444,0.3737741967648476,67,0
33,joint,0.8,44,adaptation,-39.77769025111893,2.9964298120043873,11.194874427888042,1.0334251699340011,0.15092365305930602,0.3768246798507398,67,0
33,joint,0.8,45,adaptation,-39.60561656014794,2.9899232912983176,10.996286005868628,1.007447931795345,0.15194735014671915,0.3798182299160866,67,0
33,joint,0.8,46,adaptation,-39.436989650001564,2.9821571304275625,10.809281505747947,0.9833098512537827,0.15294528497326434,0.38275334891910623,67,0
33,joint,0.8,47,adaptation,-39.27191411599263,2.9734055859625763,10.632928706181035,0.9608992527914975,0.15391818184495326,0.3856279054771511,67,0
33,joint,0.8,48,adaptation,-39.110392842022044,2.9638874411507325,10.466487478775306,0.9401286509525858,0.1548663541283646,0.38843952294505374,67,0
33,joint,0.8,49,adaptation,-38.952357215720816,2.953776005476135,10.309363746309401,0.9209280388076829,0.15578984203945856,0.3911858466442793,67,0
33,joint,0.8,50,adaptation,-38.7976885929235,2.9432076863091585,10.161073547500463,0.9032398353803588,0.15668851384096988,0.39386472258156296,67,0
33,joint,0.8,51,adaptation,-38.64623345703325,2.932289184357918,10.021215035537326,0.887015003545389,0.15756213944753278,0.3964743118824233,67,0
33,joint,0.8,52,adaptation,-38.497814049480404,2.921103444794864,9.889446720777856,0.872210029628472,0.15841044330020454,0.39901315898812784,67,0
33,joint,0.8,53,adaptation,-38.352235761592915,2.909714524825679,9.765470635763753,0.8587845652339374,0.15923314173024133,0.4014802269875133,67,0
33,joint,0.8,54,adaptation,-38.209292224160535,2.8981715404850696,9.649019384299303,0.8466995984238932,0.16002996877338269,0.4038749099316521,67,0
33,joint,0.8,55,adaptation,-38.06876877249336,2.8865118442237736,9.539846257030616,0.8359160619526027,0.16080069343302336,0.4061970293382171,67,0
33,joint,0.8,56,adaptation,-37.930444775954946,2.8747635679449544,9.437717768654055,0.826393810842355,0.161545130655517,0.40844682012215333,67,0
33,joint,0.8,57,adaptation,-37.79409518311541,2.86294764765595,9.342408107418086,0.8180909162417804,0.16226314772076977,0.4106249097265267,67,0
33,joint,0.8,58,adaptation,-37.65949153324076,2.8510794279553413,9.253695094057868,0.8109632309924301,0.16295466732547165,0.41273229314676213,67,0
33,joint,0.8,59,adaptation,-37.5264026118699,2.8391699281985403,9.171357330931047,0.8049641870623083,0.16361966831330674,0.4147703057471881,67,0
33,joint,0.8,60,adaptation,-37.394594875419955,2.827226837787826,9.095172287761597,0.8000447876074768,0.164258184762022,0.4167405951882205,67,0
33,joint,0.8,61,adaptation,-37.26383273172397,2.8152552956739756,9.024915121875393,0.7961537580188193,0.1648703039526756,0.4186450933607778,67,0
33,joint,0.8,62,adaptation,-37.13387873617203,2.803258498737663,8.960358071186917,0.7932378216784508,0.16545616360742144,0.42048598892036365,67,0
33,joint,0.8,63,adaptation,-37.00449374376695,2.7912381750415625,8.901270289898685,0.7912420677953476,0.1660159486778501,0.4222657007957715,67,0
33,joint,0.8,64,adaptation,-36.8754370437584,2.7791949507962252,8.847418021842874,0.7901103808946062,0.16654988788782887,0.4239868528935305,67,0
33,joint,0.8,65,adaptation,-36.74646649400328,2.7671286340399996,8.798565026169072,0.7897859043919797,0.16705825017656253,0.4256522501118518,67,0
33,joint,0.8,66,adaptation,-36.61733866565517,2.7550384332910913,8.754473185852472,0.7902115141376417,0.16754134114436914,0.4272648557042848,67,0
33,joint,0.8,67,adaptation,-36.48780900434054,2.742923125606241,8.714903242219105,0.7913302817026818,0.16799949957172497,0.42882776998416233,67,0
33,joint,0.8,68,adaptation,-36.35763201104484,2.730781185411018,8.679615609058015,0.793085911288542,0.16843309405867019,0.4303442103293095,67,0
33,joint,0.8,69,adaptation,-36.226561444035646,2.7186108830159554,8.64837122847131,0.7954231382353056,0.16884251981455603,0.4318174924273551,67,0
33,joint,0.8,70,adaptation,-36.094350541979146,2.7064103597857794,8.620932437801455,0.7982880809755538,0.16922819561574157,0.4332510126916359,67,0
33,joint,0.8,71,adaptation,-35.96075226772641,2.69417768538652,8.597063823063674,0.8016285417601582,0.16959056094000388,0.43464823177341083,67,0
33,joint,0.8,72,adaptation,-35.8255195718948,2.681910901317984,8.576533039519342,0.8053942544566352,0.16993007328019244,0.43601265909599163,67,0
33,joint,0.8,73,adaptation,-35.688405675229,2.66960805398603,8.559111584504244,0.8095370801340414,0.17024720563535092,0.4373478383390183,67,0
33,joint,0.8,74,adaptation,-35.549164368721144,2.657267219818142,8.54457551148083,0.8140111529920425,0.17054244417463327,0.43865733380547745,67,0
33,joint,0.8,75,adaptation,-35.407550330526114,2.6448865243456265,8.532706077599261,0.8187729805011735,0.17081628606747254,0.43994471760945486,67,0
33,joint,0.8,76,adaptation,-35.263319458824164,2.6324641567187594,8.523290319878633,0.8237815024526313,0.17106923747233155,0.441213557628536,67,0
33,joint,0.8,77,adaptation,-35.116229219891196,2.61999838077314,8.516121557515197,0.8289981140482422,0.17130181167576522,0.44246740617085617,67,0
33,joint,0.8,78,adaptation,-34.96603901075435,2.6074875434916622,8.510999819814833,0.8343866582717073,0.17151452737329523,0.4437097893128248,67,0
33,joint,0.8,79,adaptation,-34.81251053590899,2.5949300815001015,8.50773220088019,0.8399133926513761,0.17170790708362624,0.44494419686933423,67,0
33,joint,0.8,80,adaptation,-34.655408197659746,2.5823245260731404,8.506133143483844,0.8455469352223268,0.1718824756879325,0.44617407296370637,67,0
33,joint,0.8,81,adaptation,-34.494499499701256,2.5696695070067594,8.506024655566382,0.8512581940822717,0.17203875908625393,0.44740280716965986,67,0
33,joint,0.8,82,adaptation,-34.329555463592584,2.5569637556201923,8.50723646354317,0.8570202844617208,0.1721772829634191,0.4486337262021548,67,0
33,joint,0.8,83,adaptation,-34.160351057794735,2.544206107080095,8.509606107121234,0.8628084367310407,0.17229857165732576,0.44987008613806784,67,0
33,joint,0.8,84,adaptation,-33.98666563891996,2.531395502188894,8.512978980648915,0.8685998982752845,0.17240314712283678,0.4511150651512631,67,0
33,joint,0.8,85,adaptation,-33.808283404823534,2.5185309887380356,8.517208326171891,0.8743738316993486,0.17249152798497497,0.4523717567497401,67,0
33,joint,0.8,86,adaptation,-33.62499385908981,2.505611722499161,8.522155183391996,0.8801112113955702,0.17256422867551596,0.4536431635051948,67,0
33,joint,0.8,87,adaptation,-33.43659228641245,2.492636967905182,8.527688301629416,0.8857947201189168,0.17262175864747517,0.454932191267497,67,0
33,joint,0.8,88,adaptation,-33.242880238255566,2.479606098456673,8.533684018710714,0.8914086468737908,0.17266462166236063,0.45624164385832405,67,0
33,joint,0.8,89,adaptation,-33.04366602807413,2.4665185968792556,8.54002611146537,0.8969387871231581,0.17269331514541664,0.45757421823948247,67,0
33,joint,0.8,90,adaptation,-32.838765235242356,2.453374055049406,8.546605622221175,0.9023723460793847,0.1727083296044116,0.4589325001523463,67,0
33,joint,0.8,91,adaptation,-32.62800121668446,2.440172173700685,8.553320665372345,0.9076978456270899,0.17271014810782767,0.46031896022534285,67,0
33,joint,0.8,92,adaptation,-32.41120562504684,2.4269127619196174,8.56007621775844,0.9129050352549247,0.17269924581859203,0.46173595054657496,67,0
33,joint,0.8,93,adaptation,-32.18821893206488,2.4135957364377387,8.566783896250918,0.9179848072320357,0.17267608957974936,0.46318570169849393,67,0
33,joint,0.8,94,adaptation,-31.958890955597013,2.4002211207254183,8.57336172560438,0.9229291161516908,0.17264113754871305,0.46467032025107174,67,0
33,joint,0.8,95,adaptation,-31.72308138859016,2.3867890438925965,8.579733899302656,0.927730902875338,0.17259483887695312,0.4661917867091921,67,0
33,joint,0.8,96,adaptation,-31.48066032804105,2.3732997394014745,8.585830535812628,0.9323840228405815,0.17253763343218126,0.4677519539090282,67,0
33,joint,0.8,97,adaptation,-31.231508801791392,2.359753543596771,8.591587432362935,0.9368831786442232,0.17246995156027722,0.4693525458570282,67,0
33,joint,0.8,98,adaptation,-30.975519290787005,2.346150894058514,8.59694581808723,0.9412238567724137,0.17239221388437317,0.4709951570038306,67,0
33,joint,0.8,99,adaptation,-30.712596244199958,2.332492327784728,8.601852108116615,0.9454022683220107,0.17230483113866857,0.4726812519440171,67,0
33,joint,0.8,100,adaptation,-30.442656584601384,2.3187784792107022,8.606257659972105,0.9494152935390086,0.17220820403469245,0.47441216553111054,67,0
33,joint,0.8,101,washout,-60.16563020014979,5.786918541898577,46.16649616100765,11.30832964076156,0.15403872369599061,0.43980260967687396,67,0
33,joint,0.8,102,washout,-39.31968052917308,4.355234726144334,40.84385973574759,9.5424633354871,0.1397527114721886,0.41234727305593466,67,0
33,joint,0.8,103,washout,-15.655884695354445,3.2151789615246043,36.53495084527441,8.107398466842737,0.12847711811208878,0.38995108021202296,67,0
33,joint,0.8,104,washout,3.765788692837883,2.3317886119355724,33.042817991225725,6.942892729408819,0.11949743242586636,0.3711198417567351,67,0
33,joint,0.8,105,washout,16.807044460930857,1.6884969656817743,30.20594374573042,5.9991243557338585,0.11224644998369888,0.3548265720429674,67,0
33,joint,0.8,106,washout,25.172105977060795,1.2892137854462835,27.892343912800914,5.234913011914753,0.10628703430807122,0.3403884357534646,67,0
33,joint,0.8,107,washout,30.65534970194758,1.13405487105423,25.994831956662406,4.616258193056128,0.10129126970158837,0.3273656067034926,67,0
33,joint,0.8,108,washout,34.378502209710376,1.1648943950103892,24.427006649765445,4.11513676399731,0.0970189292399851,0.3154841885342401,67,0
33,joint,0.8,109,washout,36.98784063359696,1.2846350884769178,23.119748801663803,3.708515849507624,0.09329759315267265,0.3045804010077736,67,0
33,joint,0.8,110,washout,38.86176135241827,1.425558461980588,22.018143835536897,3.377540840784784,0.09000571862997124,0.2945615387135086,67,0
33,joint,0.8,111,washout,40.23075180065134,1.557639162852682,21.078807248554092,3.1068605467696058,0.08705903899866445,0.28537928211425756,67,0
33,joint,0.8,112,washout,41.24123302188331,1.6707359786936231,20.267604550278058,2.8840568167983345,0.08440007977024522,0.27701171460969093,67,0
33,joint,0.8,113,washout,41.989873754757205,1.7629910376448594,19.55774906626961,2.6991543457724023,0.0819903042949357,0.26945130292402497,67,0
33,joint,0.8,114,washout,42.54267472782279,1.8357087563122743,18.928246835007844,2.544195414752993,0.07980433858010151,0.262696893708192,67,0
33,joint,0.8,115,washout,42.946008961244736,1.891245110358645,18.36264683506874,2.412871410808202,0.07782577246203405,0.25674840085568257,67,0
33,joint,0.8,116,washout,43.23325928494645,1.9321430034317624,17.8480498886548,2.3002068889552536,0.07604412443949853,0.251603312176239,67,0
33,joint,0.8,117,washout,43.428953916964,1.9607875281126823,17.37433020043135,2.2022930380682726,0.07445265268669195,0.24725445999660814,67,0
33,joint,0.8,118,washout,43.551428155921485,1.9792841806366948,16.9335277196876,2.116066870901775,0.07304677839954761,0.2436887093348103,67,0
33,joint,0.8,119,washout,43.61458828442969,1.9894339411752393,16.51937547690299,2.0391314478952522,0.0718229545021295,0.24088634667154088,67,0
33,joint,0.8,120,washout,43.62911155396061,1.9927494413249447,16.126932371979393,1.9696116958627121,0.07077786305956883,0.23882102442374106,67,0
44,feedback,0.8,1,baseline,0.15967039753595802,0.039149056355280536,0.14735967779851417,0.018741122175341664,0.0,0.0,0,0
44,feedback,0.8,2,baseline,0.15967039753595802,0.039149056355280536,0.14735967779851417,0.018741122175341664,0.0,0.0,0,0
44,feedback,0.8,3,baseline,0.15967039753595802,0.039149056355280536,0.14735967779851417,0.018741122175341664,0.0,0.0,0,0
44,feedback,0.8,4,baseline,0.15967039753595802,0.039149056355280536,0.14735967779851417,0.018741122175341664,0.0,0.0,0,0
44,feedback,0.8,5,baseline,0.15967039753595802,0.039149056355280536,0.14735967779851417,0.018741122175341664,0.0,0.0,0,0
44,feedback,0.8,6,baseline,0.15967039753595802,0.039149056355280536,0.14735967779851417,0.018741122175341664,0.0,0.0,0,0
44,feedback,0.8,7,baseline,0.15967039753595802,0.039149056355280536,0.14735967779851417,0.018741122175341664,0.0,0.0,0,0
44,feedback,0.8,8,baseline,0.15967039753595802,0.039149056355280536,0.14735967779851417,0.018741122175341664,0.0,0.0,0,0
44,feedback,0.8,9,baseline,0.15967039753595802,0.039149056355280536,0.14735967779851417,0.018741122175341664,0.0,0.0,0,0
44,feedback,0.8,10,baseline,0.15967039753595802,0.039149056355280536,0.14735967779851417,0.018741122175341664,0.0,0.0,0,0
44,feedback,0.8,11,baseline,0.15967039753595802,0.039149056355280536,0.14735967779851417,0.018741122175341664,0.0,0.0,0,0
44,feedback,0.8,12,baseline,0.15967039753595802,0.039149056355280536,0.14735967779851417,0.018741122175341664,0.0,0.0,0,0
44,feedback,0.8,13,baseline,0.15967039753595802,0.039149056355280536,0.14735967779851417,0.018741122175341664,0.0,0.0,0,0
44,feedback,0.8,14,baseline,0.15967039753595802,0.039149056355280536,0.14735967779851417,0.018741122175341664,0.0,0.0,0,0
44,feedback,0.8,15,baseline,0.15967039753595802,0.039149056355280536,0.14735967779851417,0.018741122175341664,0.0,0.0,0,0
44,feedback,0.8,16,baseline,0.15967039753595802,0.039149056355280536,0.14735967779851417,0.018741122175341664,0.0,0.0,0,0
44,feedback,0.8,17,baseline,0.15967039753595802,0.039149056355280536,0.14735967779851417,0.018741122175341664,0.0,0.0,0,0
44,feedback,0.8,18,baseline,0.15967039753595802,0.039149056355280536,0.14735967779851417,0.018741122175341664,0.0,0.0,0,0
44,feedback,0.8,19,baseline,0.15967039753595802,0.039149056355280536,0.14735967779851417,0.018741122175341664,0.0,0.0,0,0
44,feedback,0.8,20,baseline,0.15967039753595802,0.039149056355280536,0.14735967779851417,0.018741122175341664,0.0,0.0,0,0
44,feedback,0.8,21,adaptation,30.15967039753595,15.168165182923728,54.13586145979583,13.01447840583849,0.0,0.0,0,0
44,feedback,0.8,22,adaptation,30.15967039753595,15.168165182923728,54.13586145979583,13.01447840583849,0.0,0.0,0,0
44,feedback,0.8,23,adaptation,30.15967039753595,15.168165182923728,54.13586145979583,13.01447840583849,0.0,0.0,0,0
44,feedback,0.8,24,adaptation,30.15967039753595,15.168165182923728,54.13586145979583,13.01447840583849,0.0,0.0,0,0
44,feedback,0.8,25,adaptation,30.15967039753595,15.168165182923728,54.13586145979583,13.01447840583849,0.0,0.0,0,0
44,feedback,0.8,26,adaptation,30.15967039753595,15.168165182923728,54.13586145979583,13.01447840583849,0.0,0.0,0,0
44,feedback,0.8,27,adaptation,30.15967039753595,15.168165182923728,54.13586145979583,13.01447840583849,0.0,0.0,0,0
44,feedback,0.8,28,adaptation,30.15967039753595,15.168165182923728,54.13586145979583,13.01447840583849,0.0,0.0,0,0
44,feedback,0.8,29,adaptation,30.15967039753595,15.168165182923728,54.13586145979583,13.01447840583849,0.0,0.0,0,0
44,feedback,0.8,30,adaptation,30.15967039753595,15.168165182923728,54.13586145979583,13.01447840583849,0.0,0.0,0,0
44,feedback,0.8,31,adaptation,30.15967039753595,15.168165182923728,54.13586145979583,13.01447840583849,0.0,0.0,0,0
44,feedback,0.8,32,adaptation,30.15967039753595,15.168165182923728,54.13586145979583,13.01447840583849,0.0,0.0,0,0
44,feedback,0.8,33,adaptation,30.15967039753595,15.168165182923728,54.13586145979583,13.01447840583849,0.0,0.0,0,0
44,feedback,0.8,34,adaptation,30.15967039753595,15.168165182923728,54.13586145979583,13.01447840583849,0.0,0.0,0,0
44,feedback,0.8,35,adaptation,30.15967039753595,15.168165182923728,54.13586145979583,13.01447840583849,0.0,0.0,0,0
44,feedback,0.8,36,adaptation,30.15967039753595,15.168165182923728,54.13586145979583,13.01447840583849,0.0,0.0,0,0
44,feedback,0.8,37,adaptation,30.15967039753595,15.168165182923728,54.13586145979583,13.01447840583849,0.0,0.0,0,0
44,feedback,0.8,38,adaptation,30.15967039753595,15.168165182923728,54.13586145979583,13.01447840583849,0.0,0.0,0,0
44,feedback,0.8,39,adaptation,30.15967039753595,15.168165182923728,54.13586145979583,13.01447840583849,0.0,0.0,0,0
44,feedback,0.8,40,adaptation,30.15967039753595,15.168165182923728,54.13586145979583,13.01447840583849,0.0,0.0,0,0
44,feedback,0.8,41,adaptation,30.15967039753595,15.168165182923728,54.13586145979583,13.01447840583849,0.0,0.0,0,0
44,feedback,0.8,42,adaptation,30.15967039753595,15.168165182923728,54.13586145979583,13.01447840583849,0.0,0.0,0,0
44,feedback,0.8,43,adaptation,30.15967039753595,15.168165182923728,54.13586145979583,13.01447840583849,0.0,0.0,0,0
44,feedback,0.8,44,adaptation,30.15967039753595,15.168165182923728,54.13586145979583,13.01447840583849,0.0,0.0,0,0
44,feedback,0.8,45,adaptation,30.15967039753595,15.168165182923728,54.13586145979583,13.01447840583849,0.0,0.0,0,0
44,feedback,0.8,46,adaptation,30.15967039753595,15.168165182923728,54.13586145979583,13.01447840583849,0.0,0.0,0,0
44,feedback,0.8,47,adaptation,30.15967039753595,15.168165182923728,54.13586145979583,13.01447840583849,0.0,0.0,0,0
44,feedback,0.8,48,adaptation,30.15967039753595,15.168165182923728,54.13586145979583,13.01447840583849,0.0,0.0,0,0
44,feedback,0.8,49,adaptation,30.15967039753595,15.168165182923728,54.13586145979583,13.01447840583849,0.0,0.0,0,0
44,feedback,0.8,50,adaptation,30.15967039753595,15.168165182923728,54.13586145979583,13.01447840583849,0.0,0.0,0,0
44,feedback,0.8,51,adaptation,30.15967039753595,15.168165182923728,54.13586145979583,13.01447840583849,0.0,0.0,0,0
44,feedback,0.8,52,adaptation,30.15967039753595,15.168165182923728,54.13586145979583,13.01447840583849,0.0,0.0,0,0
44,feedback,0.8,53,adaptation,30.15967039753595,15.168165182923728,54.13586145979583,13.01447840583849,0.0,0.0,0,0
44,feedback,0.8,54,adaptation,30.15967039753595,15.168165182923728,54.13586145979583,13.01447840583849,0.0,0.0,0,0
44,feedback,0.8,55,adaptation,30.15967039753595,15.168165182923728,54.13586145979583,13.01447840583849,0.0,0.0,0,0
44,feedback,0.8,56,adaptation,30.15967039753595,15.168165182923728,54.13586145979583,13.01447840583849,0.0,0.0,0,0
44,feedback,0.8,57,adaptation,30.15967039753595,15.168165182923728,54.13586145979583,13.01447840583849,0.0,0.0,0,0
44,feedback,0.8,58,adaptation,30.15967039753595,15.168165182923728,54.13586145979583,13.01447840583849,0.0,0.0,0,0
44,feedback,0.8,59,adaptation,30.15967039753595,15.168165182923728,54.13586145979583,13.01447840583849,0.0,0.0,0,0
44,feedback,0.8,60,adaptation,30.15967039753595,15.168165182923728,54.13586145979583,13.01447840583849,0.0,0.0,0,0
44,feedback,0.8,61,adaptation,30.15967039753595,15.168165182923728,54.13586145979583,13.01447840583849,0.0,0.0,0,0
44,feedback,0.8,62,adaptation,30.15967039753595,15.168165182923728,54.13586145979583,13.01447840583849,0.0,0.0,0,0
44,feedback,0.8,63,adaptation,30.15967039753595,15.168165182923728,54.13586145979583,13.01447840583849,0.0,0.0,0,0
44,feedback,0.8,64,adaptation,30.15967039753595,15.168165182923728,54.13586145979583,13.01447840583849,0.0,0.0,0,0
44,feedback,0.8,65,adaptation,30.15967039753595,15.168165182923728,54.13586145979583,13.01447840583849,0.0,0.0,0,0
44,feedback,0.8,66,adaptation,30.15967039753595,15.168165182923728,54.13586145979583,13.01447840583849,0.0,0.0,0,0
44,feedback,0.8,67,adaptation,30.15967039753595,15.168165182923728,54.13586145979583,13.01447840583849,0.0,0.0,0,0
44,feedback,0.8,68,adaptation,30.15967039753595,15.168165182923728,54.13586145979583,13.01447840583849,0.0,0.0,0,0
44,feedback,0.8,69,adaptation,30.15967039753595,15.168165182923728,54.13586145979583,13.01447840583849,0.0,0.0,0,0
44,feedback,0.8,70,adaptation,30.15967039753595,15.168165182923728,54.13586145979583,13.01447840583849,0.0,0.0,0,0
44,feedback,0.8,71,adaptation,30.15967039753595,15.168165182923728,54.13586145979583,13.01447840583849,0.0,0.0,0,0
44,feedback,0.8,72,adaptation,30.15967039753595,15.168165182923728,54.13586145979583,13.01447840583849,0.0,0.0,0,0
44,feedback,0.8,73,adaptation,30.15967039753595,15.168165182923728,54.13586145979583,13.01447840583849,0.0,0.0,0,0
44,feedback,0.8,74,adaptation,30.15967039753595,15.168165182923728,54.13586145979583,13.01447840583849,0.0,0.0,0,0
44,feedback,0.8,75,adaptation,30.15967039753595,15.168165182923728,54.13586145979583,13.01447840583849,0.0,0.0,0,0
44,feedback,0.8,76,adaptation,30.15967039753595,15.168165182923728,54.13586145979583,13.01447840583849,0.0,0.0,0,0
44,feedback,0.8,77,adaptation,30.15967039753595,15.168165182923728,54.13586145979583,13.01447840583849,0.0,0.0,0,0
44,feedback,0.8,78,adaptation,30.15967039753595,15.168165182923728,54.13586145979583,13.01447840583849,0.0,0.0,0,0
44,feedback,0.8,79,adaptation,30.15967039753595,15.168165182923728,54.13586145979583,13.01447840583849,0.0,0.0,0,0
44,feedback,0.8,80,adaptation,30.15967039753595,15.168165182923728,54.13586145979583,13.01447840583849,0.0,0.0,0,0
44,feedback,0.8,81,adaptation,30.15967039753595,15.168165182923728,54.13586145979583,13.01447840583849,0.0,0.0,0,0
44,feedback,0.8,82,adaptation,30.15967039753595,15.168165182923728,54.13586145979583,13.01447840583849,0.0,0.0,0,0
44,feedback,0.8,83,adaptation,30.15967039753595,15.168165182923728,54.13586145979583,13.01447840583849,0.0,0.0,0,0
44,feedback,0.8,84,adaptation,30.15967039753595,15.168165182923728,54.13586145979583,13.01447840583849,0.0,0.0,0,0
44,feedback,0.8,85,adaptation,30.15967039753595,15.168165182923728,54.13586145979583,13.01447840583849,0.0,0.0,0,0
44,feedback,0.8,86,adaptation,30.15967039753595,15.168165182923728,54.13586145979583,13.01447840583849,0.0,0.0,0,0
44,feedback,0.8,87,adaptation,30.15967039753595,15.168165182923728,54.13586145979583,13.01447840583849,0.0,0.0,0,0
44,feedback,0.8,88,adaptation,30.15967039753595,15.168165182923728,54.13586145979583,13.01447840583849,0.0,0.0,0,0
44,feedback,0.8,89,adaptation,30.15967039753595,15.168165182923728,54.13586145979583,13.01447840583849,0.0,0.0,0,0
44,feedback,0.8,90,adaptation,30.15967039753595,15.168165182923728,54.13586145979583,13.01447840583849,0.0,0.0,0,0
44,feedback,0.8,91,adaptation,30.15967039753595,15.168165182923728,54.13586145979583,13.01447840583849,0.0,0.0,0,0
44,feedback,0.8,92,adaptation,30.15967039753595,15.168165182923728,54.13586145979583,13.01447840583849,0.0,0.0,0,0
44,feedback,0.8,93,adaptation,30.15967039753595,15.168165182923728,54.13586145979583,13.01447840583849,0.0,0.0,0,0
44,feedback,0.8,94,adaptation,30.15967039753595,15.168165182923728,54.13586145979583,13.01447840583849,0.0,0.0,0,0
44,feedback,0.8,95,adaptation,30.15967039753595,15.168165182923728,54.13586145979583,13.01447840583849,0.0,0.0,0,0
44,feedback,0.8,96,adaptation,30.15967039753595,15.168165182923728,54.13586145979583,13.01447840583849,0.0,0.0,0,0
44,feedback,0.8,97,adaptation,30.15967039753595,15.168165182923728,54.13586145979583,13.01447840583849,0.0,0.0,0,0
44,feedback,0.8,98,adaptation,30.15967039753595,15.168165182923728,54.13586145979583,13.01447840583849,0.0,0.0,0,0
44,feedback,0.8,99,adaptation,30.15967039753595,15.168165182923728,54.13586145979583,13.01447840583849,0.0,0.0,0,0
44,feedback,0.8,100,adaptation,30.15967039753595,15.168165182923728,54.13586145979583,13.01447840583849,0.0,0.0,0,0
44,feedback,0.8,101,washout,0.15967039753595802,0.039149056355280536,0.14735967779851417,0.018741122175341664,0.0,0.0,0,0
44,feedback,0.8,102,washout,0.15967039753595802,0.039149056355280536,0.14735967779851417,0.018741122175341664,0.0,0.0,0,0
44,feedback,0.8,103,washout,0.15967039753595802,0.039149056355280536,0.14735967779851417,0.018741122175341664,0.0,0.0,0,0
44,feedback,0.8,104,washout,0.15967039753595802,0.039149056355280536,0.14735967779851417,0.018741122175341664,0.0,0.0,0,0
44,feedback,0.8,105,washout,0.15967039753595802,0.039149056355280536,0.14735967779851417,0.018741122175341664,0.0,0.0,0,0
44,feedback,0.8,106,washout,0.15967039753595802,0.039149056355280536,0.14735967779851417,0.018741122175341664,0.0,0.0,0,0
44,feedback,0.8,107,washout,0.15967039753595802,0.039149056355280536,0.14735967779851417,0.018741122175341664,0.0,0.0,0,0
44,feedback,0.8,108,washout,0.15967039753595802,0.039149056355280536,0.14735967779851417,0.018741122175341664,0.0,0.0,0,0
44,feedback,0.8,109,washout,0.15967039753595802,0.039149056355280536,0.14735967779851417,0.018741122175341664,0.0,0.0,0,0
44,feedback,0.8,110,washout,0.15967039753595802,0.039149056355280536,0.14735967779851417,0.018741122175341664,0.0,0.0,0,0
44,feedback,0.8,111,washout,0.15967039753595802,0.039149056355280536,0.14735967779851417,0.018741122175341664,0.0,0.0,0,0
44,feedback,0.8,112,washout,0.15967039753595802,0.039149056355280536,0.14735967779851417,0.018741122175341664,0.0,0.0,0,0
44,feedback,0.8,113,washout,0.15967039753595802,0.039149056355280536,0.14735967779851417,0.018741122175341664,0.0,0.0,0,0
44,feedback,0.8,114,washout,0.15967039753595802,0.039149056355280536,0.14735967779851417,0.018741122175341664,0.0,0.0,0,0
44,feedback,0.8,115,washout,0.15967039753595802,0.039149056355280536,0.14735967779851417,0.018741122175341664,0.0,0.0,0,0
44,feedback,0.8,116,washout,0.15967039753595802,0.039149056355280536,0.14735967779851417,0.018741122175341664,0.0,0.0,0,0
44,feedback,0.8,117,washout,0.15967039753595802,0.039149056355280536,0.14735967779851417,0.018741122175341664,0.0,0.0,0,0
44,feedback,0.8,118,washout,0.15967039753595802,0.039149056355280536,0.14735967779851417,0.018741122175341664,0.0,0.0,0,0
44,feedback,0.8,119,washout,0.15967039753595802,0.039149056355280536,0.14735967779851417,0.018741122175341664,0.0,0.0,0,0
44,feedback,0.8,120,washout,0.15967039753595802,0.039149056355280536,0.14735967779851417,0.018741122175341664,0.0,0.0,0,0
44,cortex,0.8,1,baseline,0.15967039753595802,0.039149056355280536,0.14735967779851417,0.018741122175341664,8.766114951431342e-05,0.0,67,0
44,cortex,0.8,2,baseline,0.19682356064878986,0.03459662183367446,0.14849305792076944,0.01781196959736749,0.00016063627342906858,0.0,67,0
44,cortex,0.8,3,baseline,0.22433471800216365,0.031241560218079535,0.14975268728491942,0.017688241796639723,0.00022297519371446657,0.0,67,0
44,cortex,0.8,4,baseline,0.24448924654871632,0.02878690263958976,0.1509346544374691,0.017938253135217682,0.00027762555636842885,0.0,67,0
44,cortex,0.8,5,baseline,0.25903648583099886,0.027003580461976633,0.15195901553475727,0.018312275574357384,0.00032669681925012604,0.0,67,0
44,cortex,0.8,6,baseline,0.2693168415872369,0.025716717305903157,0.15280783316350433,0.01868663921370963,0.0003716733580823814,0.0,67,0
44,cortex,0.8,7,baseline,0.27635801466200977,0.024794237420619793,0.15349159085041442,0.0190089239407964,0.000413583312438222,0.0,67,0
44,cortex,0.8,8,baseline,0.28094815829322806,0.024137292900033202,0.15403168687158605,0.01926276964053226,0.000453129083971964,0.0,67,0
44,cortex,0.8,9,baseline,0.2836916757263807,0.023672370572670524,0.15445174557185054,0.019448585117426555,0.0004907854870959357,0.0,67,0
44,cortex,0.8,10,baseline,0.28505188433465534,0.023344990755718133,0.15477364691041468,0.019573703190157245,0.0005268716042209558,0.0,67,0
44,cortex,0.8,11,baseline,0.28538370060280277,0.023114835250695454,0.15501601085401323,0.019647583221834457,0.0005616020745510452,0.0,67,0
44,cortex,0.8,12,baseline,0.2849587170603566,0.022952073387950307,0.15519390490351864,0.01967959914228984,0.0005951228631108261,0.0,67,0
44,cortex,0.8,13,baseline,0.2839844635830246,0.0228346360748806,0.1553191147395548,0.019678121748516537,0.0006275356803139792,0.0,67,0
44,cortex,0.8,14,baseline,0.282619214119508,0.02274620977044329,0.1554006324454009,0.019650232653329144,0.0006589143216334451,0.0,67,0
44,cortex,0.8,15,baseline,0.2809833760081994,0.022674763226538826,0.15544518848642483,0.019601732670954143,0.0006893153852125383,0.0,67,0
44,cortex,0.8,16,baseline,0.27916825440557735,0.022611463153343305,0.15545774630026835,0.019537274572171293,0.0007187851545457528,0.0,67,0
44,cortex,0.8,17,baseline,0.27724279870934787,0.022549872483147257,0.1554419273329009,0.019460536084686446,0.0007473639117468982,0.0,67,0
44,cortex,0.8,18,baseline,0.27525879647927703,0.022485354262908392,0.1554003592927414,0.019374393239858675,0.0007750885586506352,0.0,67,0
44,cortex,0.8,19,baseline,0.27325487235690904,0.02241462592779937,0.15533495224164756,0.01928107680228224,0.0008019941431950511,0.0,67,0
44,cortex,0.8,20,baseline,0.2712595668241917,0.022335424307436368,0.15524711199290006,0.019182305902447315,0.0008281146917933798,0.0,67,0
44,cortex,0.8,21,adaptation,30.269293706234123,15.198460369313633,54.200588991655366,13.032560116763202,0.0543215676500245,0.0,67,0
44,cortex,0.8,22,adaptation,-12.932339943498373,11.190166167871078,46.34635756571251,9.854816671318973,0.09445705843343973,0.0,67,0
44,cortex,0.8,23,adaptation,-33.459779255559674,8.520865956859181,40.74690034794081,7.599230387420219,0.12424429278281242,0.0,67,0
44,cortex,0.8,24,adaptation,-42.83408975674524,6.833131710159581,36.669773821337664,6.007620916783366,0.14661357527399155,0.0,67,0
44,cortex,0.8,25,adaptation,-47.88948072693006,5.84923239298068,33.614197781872015,4.894584561125918,0.16366928870462696,0.0,67,0
44,cortex,0.8,26,adaptation,-50.970482481654855,5.330613064845113,31.24553854587878,4.12275656180656,0.1769278219234965,0.0,67,0
44,cortex,0.8,27,adaptation,-53.00220791776385,5.0833689895652485,29.344307497444163,3.58886214825942,0.18748208651237092,0.0,67,0
44,cortex,0.8,28,adaptation,-54.40976621561831,4.973011677841157,27.767924433044147,3.216221485422448,0.19611771052904622,0.0,67,0
44,cortex,0.8,29,adaptation,-55.41191481095116,4.920276880894295,26.42370286418281,2.9499820887921837,0.2033965704598056,0.0,67,0
44,cortex,0.8,30,adaptation,-56.13065850529684,4.884207906776525,25.25074950922637,2.7527522350021343,0.2097176106214096,0.0,67,0
44,cortex,0.8,31,adaptation,-56.63796304842357,4.84606064110891,24.20829731535838,2.600160699717403,0.21536147256613578,0.0,67,0
44,cortex,0.8,32,adaptation,-56.977885358158346,4.7986743992384,23.26836721137263,2.476838742103489,0.22052335446698873,0.0,67,0
44,cortex,0.8,33,adaptation,-57.177983881813844,4.740482756281736,22.41120873283801,2.3732700769625397,0.22533719456253068,0.0,67,0
44,cortex,0.8,34,adaptation,-57.25562281157433,4.672389848717365,21.622472612760166,2.283581974436855,0.22989340861460753,0.0,67,0
44,cortex,0.8,35,adaptation,-57.221662142094466,4.596216301756869,20.891444964516126,2.2041103876466033,0.2342518257738729,0.0,67,0
44,cortex,0.8,36,adaptation,-57.082727459532485,4.513961518699318,20.209927805964533,2.1325130432369406,0.2384510537445255,0.0,67,0
44,cortex,0.8,37,adaptation,-56.842669502355676,4.427479106071499,19.571513794233574,2.0672379491681805,0.24251520117419734,0.0,67,0
44,cortex,0.8,38,adaptation,-56.50354290752982,4.338356418668537,18.971103695530346,2.007210559878994,0.24645865719895685,0.0,67,0
44,cortex,0.8,39,adaptation,-56.06629067458959,4.2478913745242854,18.404575859012386,1.9516511362036268,0.2502894539529996,0.0,67,0
44,cortex,0.8,40,adaptation,-55.53124425859501,4.157112480920376,17.868553132106587,1.8999680588479624,0.25401160432055864,0.0,67,0
44,cortex,0.8,41,adaptation,-54.8985060359771,4.066815161439525,17.360234042139666,1.851694908011086,0.25762670513843056,0.0,67,0
44,cortex,0.8,42,adaptation,-54.168255315522686,3.977601410361814,16.87726770351917,1.8064526106930192,0.26113501863683164,0.0,67,0
44,cortex,0.8,43,adaptation,-53.34100307650121,3.8899169188408274,16.41765941096085,1.7639259501851967,0.2645361867551048,0.0,67,0
44,cortex,0.8,44,adaptation,-52.41781001525167,3.804083404108498,15.979698385331128,1.7238483697529723,0.2678296897433896,0.0,67,0
44,cortex,0.8,45,adaptation,-51.400475038463746,3.7203256276086987,15.56190189743516,1.6859916520852596,0.2710151286550388,0.0,67,0
44,cortex,0.8,46,adaptation,-50.291695886088675,3.6387933952610503,15.162971729137327,1.650158551498998,0.2740923881510784,0.0,67,0
44,cortex,0.8,47,adaptation,-49.095199540417646,3.559579156491955,14.781760057186446,1.6161772914571708,0.27706171928505424,0.0,67,0
44,cortex,0.8,48,adaptation,-47.81583728734394,3.482731901644028,14.41724260319132,1.5838973031922337,0.27992376992532747,0.0,67,0
44,cortex,0.8,49,adaptation,-46.45963776067131,3.408268027357941,14.068497422460245,1.5531858368748552,0.2826795819221937,0.0,67,0
44,cortex,0.8,50,adaptation,-45.03381113260756,3.336179762500821,13.734688086370424,1.5239252180140441,0.28533056808275636,0.0,67,0
44,cortex,0.8,51,adaptation,-43.54669890787926,3.2664416565384977,13.415050296255693,1.4960106006523408,0.287878477771473,0.0,67,0
44,cortex,0.8,52,adaptation,-42.007666509719066,3.1990155439230645,13.108881181396992,1.4693481141026878,0.29032535699321677,0.0,67,0
44,cortex,0.8,53,adaptation,-40.426939787302445,3.133854319026388,12.815530698656485,1.443853327043938,0.29267350676527437,0.0,67,0
44,cortex,0.8,54,adaptation,-38.81539126434615,3.0709047886505134,12.53439467928857,1.4194499700876992,0.29492544217666516,0.0,67,0
44,cortex,0.8,55,adaptation,-37.18428672101955,3.0101098131613897,12.264909168319141,1.3960688698469006,0.29708385357581835,0.0,67,0
44,cortex,0.8,56,adaptation,-35.545006786817694,2.951409901751578,12.006545779983014,1.3736470563615157,0.29915157068482245,0.0,67,0
44,cortex,0.8,57,adaptation,-33.908760903594846,2.894744390811065,11.75880785382499,1.3521270126466445,0.30113153001382015,0.0,67,0
44,cortex,0.8,58,adaptation,-32.286311796112905,2.8400523053836677,11.521227243853184,1.3314560407355576,0.3030267456748585,0.0,67,0
44,cortex,0.8,59,adaptation,-30.68772730369609,2.7872729808535723,11.293361610435515,1.3115857232233201,0.3048402835230459,0.0,67,0
44,cortex,0.8,60,adaptation,-29.12217330242434,2.7363465041370207,11.07479211368676,1.2924714631696728,0.3065752384510118,0.0,67,0
44,cortex,0.8,61,adaptation,-27.597757024789974,2.687214019752016,10.865121429676357,1.2740720884196812,0.30823471460734536,0.0,67,0
44,cortex,0.8,62,adaptation,-26.121425088153845,2.6398179353666817,10.663972028291077,1.2563495090456482,0.30982180828493977,0.0,67,0
44,cortex,0.8,63,adaptation,-24.698915713869223,2.5941020531190326,10.470984665133173,1.2392684187858518,0.3113395932200497,0.0,67,0
44,cortex,0.8,64,adaptation,-23.334760558957488,2.550011646609297,10.285817050276572,1.2227960331256058,0.3127911080499006,0.0,67,0
44,cortex,0.8,65,adaptation,-22.032328666924624,2.5074934985731625,10.108142664754693,1.2069018580993207,0.31417934569084127,0.0,67,0
44,cortex,0.8,66,adaptation,-20.793903398084613,2.4664959105014703,9.93764970183608,1.191557485044539,0.31550724441695044,0.0,67,0
44,cortex,0.8,67,adaptation,-19.620782733070055,2.4269686926247824,9.77404011489154,1.1767364074600861,0.3167776804384979,0.0,67,0
44,cortex,0.8,68,adaptation,-18.513393823433688,2.388863140515259,9.617028757297662,1.1624138568535844,0.31799346179932897,0.0,67,0
44,cortex,0.8,69,adaptation,-17.47141379357591,2.3521320029205657,9.466342602609386,1.1485666550441653,0.3191573234312262,0.0,67,0
44,cortex,0.8,70,adaptation,-16.49389028386224,2.316729444203462,9.321720035377169,1.135173080845548,0.32027192322111914,0.0,67,0
44,cortex,0.8,71,adaptation,-15.579356816781075,2.28261100383163,9.182910204626856,1.122212749416483,0.3213398389633989,0.0,67,0
44,cortex,0.8,72,adaptation,-14.725939583951373,2.2497335546588615,9.049672433285588,1.1096665028511916,0.3223635660844654,0.0,67,0
44,cortex,0.8,73,adaptation,-13.93145357789019,2.2180552612184563,8.921775677822449,1.0975163108082526,0.3233455160399896,0.0,67,0
44,cortex,0.8,74,adaptation,-13.193487073851067,2.187535538857647,8.798998033133445,1.0857451801546554,0.32428801529727524,0.0,67,0
44,cortex,0.8,75,adaptation,-12.509474293207127,2.1581350142557603,8.681126278309602,1.0743370727443042,0.3251933048256554,0.0,67,0
44,cortex,0.8,76,adaptation,-11.876756668961152,2.129815487654239,8.56795545940444,1.0632768305639142,0.32606354002717347,0.0,67,0
44,cortex,0.8,77,adaptation,-11.292633520241235,2.1025398969751574,8.45928850571541,1.052550107571584,0.3269007910479869,0.0,67,0
44,cortex,0.8,78,adaptation,-10.75440316593503,2.0762722838903644,8.354935876414872,1.0421433076284086,0.32770704341813306,0.0,67,0
44,cortex,0.8,79,adaptation,-10.259395607473627,2.0509777618271086,8.254715234646705,1.0320435279859974,0.3284841989735977,0.0,67,0
44,cortex,0.8,80,adaptation,-9.80499792227194,2.026622485840836,8.158451146442077,1.0222385078447922,0.32923407702015217,0.0,67,0
44,cortex,0.8,81,adaptation,-9.38867346162093,2.003173624248231,8.06597480202267,1.0127165815428245,0.3299584157032595,0.0,67,0
44,cortex,0.8,82,adaptation,-9.007975862829923,1.9805993318929138,7.977123757251981,1.0034666359727986,0.3306588735525838,0.0,67,0
44,cortex,0.8,83,adaptation,-8.660558782152945,1.9588687249021186,7.891741693174815,0.9944780718592536,0.3313370311733404,0.0,67,0
44,cortex,0.8,84,adaptation,-8.344182144681442,1.9379518567876666,7.809678191749591,0.9857407685573412,0.3319943930599733,0.0,67,0
44,cortex,0.8,85,adaptation,-8.05671559810144,1.9178196957449505,7.7307885260371165,0.9772450520617993,0.33263238951049223,0.0,67,0
44,cortex,0.8,86,adaptation,-7.796139754114033,1.89844410300739,7.654933463258969,0.968981665939242,0.3332523786223018,0.0,67,0
44,cortex,0.8,87,adaptation,-7.560545707327446,1.8797978121207082,7.581979079276688,0.9609417449187616,0.3338556483525537,0.0,67,0
44,cortex,0.8,88,adaptation,-7.348133237868856,1.861854409010096,7.511796583186033,0.9531167908974633,0.3344434186279869,0.0,67,0
44,cortex,0.8,89,adaptation,-7.157208031128871,1.8445883127232325,7.444262150841817,0.9454986511355046,0.3350168434909283,0.0,67,0
44,cortex,0.8,90,adaptation,-6.986178185531765,1.8279747567427727,7.379256766256667,0.9380794984340917,0.33557701326963807,0.0,67,0
44,cortex,0.8,91,adaptation,-6.833550226284771,1.8119897707730424,7.31666606993003,0.9308518131056478,0.3361249567625171,0.0,67,0
44,cortex,0.8,92,adaptation,-6.697924798679686,1.7966101629167592,7.256380213276539,0.9238083665616486,0.3366616434268853,0.0,67,0
44,cortex,0.8,93,adaptation,-6.577992177714558,1.781813502167863,7.198293718418684,0.9169422063573113,0.33718798556409413,0.0,67,0
44,cortex,0.8,94,adaptation,-6.472527700484908,1.767578101158301,7.142305342711439,0.9102466425466988,0.33770484049368144,0.0,67,0
44,cortex,0.8,95,adaptation,-6.380387203064258,1.753882999105244,7.088317947448085,0.9037152352137879,0.33821301271012094,0.0,67,0
44,cortex,0.8,96,adaptation,-6.300502523536379,1.7407079449157166,7.036238370279829,0.8973417830573058,0.33871325601647495,0.0,67,0
44,cortex,0.8,97,adaptation,-6.231877116706769,1.7280333804138113,6.985977300955691,0.8911203129180156,0.3392062756299418,0.0,67,0
44,cortex,0.8,98,adaptation,-6.173581813125973,1.7158404236639222,6.937449160052708,0.8850450701473325,0.339692730254903,0.0,67,0
44,cortex,0.8,99,adaptation,-6.124750744846082,1.704110852371037,6.890571980429902,0.8791105097259385,0.34017323411963035,0.0,67,0
44,cortex,0.8,100,adaptation,-6.084577452300704,1.6928270873453402,6.8452672911871835,0.8733112880494163,0.34064835897331824,0.0,67,0
44,cortex,0.8,101,washout,-36.052311180437464,5.450909986136222,42.12312137951286,10.481780489573538,0.3167436343979159,0.0,67,0
44,cortex,0.8,102,washout,-1.8212882387076261,3.4003641610447497,37.664349688781314,8.47529030498805,0.2984635163613773,0.0,67,0
44,cortex,0.8,103,washout,18.875755771604076,2.097079927243967,34.15528849470758,6.9136160179671755,0.28380065987499214,0.0,67,0
44,cortex,0.8,104,washout,29.38836513514228,1.7099568867002966,31.347934199911574,5.705364336744827,0.2714391221157675,0.0,67,0
44,cortex,0.8,105,washout,35.02174944776941,2.0210953982246775,29.055131401128705,4.775421782279227,0.2605536565201531,0.0,67,0
44,cortex,0.8,106,washout,38.226803265184856,2.4896701869434503,27.139465148466225,4.062355721665279,0.2506452215197255,0.0,67,0
44,cortex,0.8,107,washout,40.091784321740114,2.898220756340838,25.5021512820681,3.516214995198658,0.24142140649944374,0.0,67,0
44,cortex,0.8,108,washout,41.146678527911675,3.2080108642046574,24.073169828715073,3.0967880058896635,0.23271581952715786,0.0,67,0
44,cortex,0.8,109,washout,41.675254572963325,3.425270706666343,22.803238346571966,2.7722178799667607,0.22443638630681942,0.0,67,0
44,cortex,0.8,110,washout,41.842114867606526,3.5656252092910603,21.657684709141126,2.517802048356626,0.2165333522901424,0.0,67,0
44,cortex,0.8,111,washout,41.74926472786009,3.644989957754075,20.611976842473045,2.314843289277017,0.20898004053624145,0.0,67,0
44,cortex,0.8,112,washout,41.46350575772719,3.677223327590362,19.648562146752187,2.149518441651498,0.20176159328385304,0.0,67,0
44,cortex,0.8,113,washout,41.03068646906758,3.6737202222004908,18.75467927338372,2.0118093351523227,0.19486858763682952,0.0,67,0
44,cortex,0.8,114,washout,40.48357469040996,3.6435945101700904,17.92086282220204,1.8945603540806866,0.18829356391246133,0.0,67,0
44,cortex,0.8,115,washout,39.84643149814713,3.594019432310108,17.139928724892236,1.7927036762569242,0.18202925666485098,0.0,67,0
44,cortex,0.8,116,washout,39.137784734379665,3.5305794824186787,16.40628738688972,1.7026587794977022,0.17606779491070482,0.0,67,0
44,cortex,0.8,117,washout,38.37217349688356,3.4575851868683993,15.71547801216739,1.62188771591297,0.1704004341389453,0.0,67,0
44,cortex,0.8,118,washout,37.561280742726744,3.3783383320840734,15.063851409766478,1.5485764799206359,0.16501756390305886,0.0,67,0
44,cortex,0.8,119,washout,36.71468933370109,3.295348710963792,14.448352347810243,1.4814118668970995,0.15990884431842395,0.0,67,0
44,cortex,0.8,120,washout,35.8403992593212,3.2105081419913577,13.866368771944275,1.4194274637704514,0.15506339013018908,0.0,67,0
44,cerebellum,0.8,1,baseline,0.15967039753595802,0.039149056355280536,0.14735967779851417,0.018741122175341664,0.0,0.0004353601794394425,67,0
44,cerebellum,0.8,2,baseline,0.16790836453495508,0.036448691110988266,0.1523147107159758,0.017998050247767548,0.0,0.0008104472788831463,67,0
44,cerebellum,0.8,3,baseline,0.1749714855448853,0.03411175336979406,0.15990964665208793,0.019179481337009332,0.0,0.0011359872944827494,67,0
44,cerebellum,0.8,4,baseline,0.18102385064086177,0.03208677331778037,0.1681981425000327,0.021228195068915528,0.0,0.001421121269511142,67,0
44,cerebellum,0.8,5,baseline,0.1862067447380816,0.030329222999093335,0.17611316271154212,0.023468041537037767,0.0,0.0016735927994314316,67,0
44,cerebellum,0.8,6,baseline,0.19064182832724785,0.028800654297396384,0.18313888328854663,0.025578885717620622,0.0,0.0018999132168136276,67,0
44,cerebellum,0.8,7,baseline,0.1944338699522847,0.027467943038100708,0.18907186958927474,0.027433990240837192,0.0,0.002105509383426984,67,0
44,cerebellum,0.8,8,baseline,0.1976730948462892,0.02630262069730764,0.19387681696015052,0.02899700347795336,0.0,0.0022948578536948596,67,0
44,cerebellum,0.8,9,baseline,0.20043720457408326,0.025280280124712687,0.19760486305056615,0.030272003732563092,0.0,0.002471607988771307,67,0
44,cerebellum,0.8,10,baseline,0.20279311445021786,0.02438004564042136,0.2003482996011449,0.03128035533294634,0.0,0.002638695515975059,67,0
44,cerebellum,0.8,11,baseline,0.20479844868222974,0.02358410071376938,0.20221567344457295,0.03204988009305225,0.0,0.002798447157601826,67,0
44,cerebellum,0.8,12,baseline,0.2065028273976617,0.022877268234921873,0.20331825330619666,0.032609722267175255,0.0,0.0029526763683400477,67,0
44,cerebellum,0.8,13,baseline,0.20794897480255692,0.022246639354840034,0.2037628731341668,0.032987930673217314,0.0,0.003102769935865262,67,0
44,cerebellum,0.8,14,baseline,0.20917367353566077,0.021681247260179375,0.20364838040299407,0.03321038033208035,0.0,0.0032497651743425716,67,0
44,cerebellum,0.8,15,baseline,0.21020858671423023,0.02117178231375186,0.20306412898539375,0.033300369864757554,0.0,0.003394417599343462,67,0
44,cerebellum,0.8,16,baseline,0.21108096612524793,0.020710344930861477,0.2020896245153222,0.03327856220008094,0.0,0.003537259227534427,67,0
44,cerebellum,0.8,17,baseline,0.21181426241038184,0.020290232496124383,0.20079480524435422,0.0331630965582704,0.0,0.0036786479175853473,67,0
44,cerebellum,0.8,18,baseline,0.2124286508645532,0.019905756636859236,0.19924065586597042,0.03296978052264274,0.0,0.003818808404460079,67,0
44,cerebellum,0.8,19,baseline,0.21294148456142095,0.019552087265282465,0.1974799766268747,0.03271231322867562,0.0,0.003957865847284954,67,0
44,cerebellum,0.8,20,baseline,0.21336768487613028,0.01922511999124441,0.19555820386926082,0.03240251340686059,0.0,0.00409587280292509,67,0
44,cerebellum,0.8,21,adaptation,30.213720078076612,15.213246964643393,54.26730729388984,13.046909183226132,0.0,0.16902044114742631,67,0
44,cerebellum,0.8,22,adaptation,25.848946367111008,11.601605737845436,41.1214700758622,10.022492731726613,0.0,0.3014527431066464,67,0
44,cerebellum,0.8,23,adaptation,22.15383318617734,8.815479657072258,30.879823691882006,7.6669409202597425,0.0,0.40396519129032016,67,0
44,cerebellum,0.8,24,adaptation,19.131093770265817,6.6636947404343125,22.910695873338156,5.830235524787006,0.0,0.4832565489603774,67,0
44,cerebellum,0.8,25,adaptation,16.71558023438461,5.00056649538856,16.727264301702007,4.397486540061954,0.0,0.544516428126377,67,0
44,cerebellum,0.8,26,adaptation,14.813925901240161,3.715075307138842,11.960488551686169,3.2809739990633697,0.0,0.591776928119416,67,0
44,cerebellum,0.8,27,adaptation,13.329615810618163,2.722518826577737,8.341476778656212,2.414077396635786,0.0,0.6281791718110409,67,0
44,cerebellum,0.8,28,adaptation,12.175423313624327,1.9582977525251277,5.698367803171949,1.747004260766709,0.0,0.6561745273020165,67,0
44,cerebellum,0.8,29,adaptation,11.277859315493762,1.3734778056576773,3.969683839817291,1.2442940952314676,0.0,0.6776775931079374,67,0
44,cerebellum,0.8,30,adaptation,10.577460757982207,0.932020375027985,3.171135161583846,0.8840967390279925,0.0,0.6941834770202712,67,0
44,cerebellum,0.8,31,adaptation,10.027282182479917,0.6101914992960059,3.1509925287611495,0.6573142193140752,0.0,0.7068584199165824,67,0
44,cerebellum,0.8,32,adaptation,9.590836376958334,0.39949822098294907,3.50679595350861,0.5565595681293993,0.0,0.7166103236145757,67,0
44,cerebellum,0.8,33,adaptation,9.24006097306107,0.3066729671931876,3.93432092886631,0.5510831094940266,0.0,0.7241439740350438,67,0
44,cerebellum,0.8,34,adaptation,8.953535923761178,0.3146312975237387,4.313189991285272,0.5918660858244212,0.0,0.730004492991841,67,0
44,cerebellum,0.8,35,adaptation,8.715008704134783,0.3641386506547013,4.611888604349542,0.643753894434411,0.0,0.7346116510797548,67,0
44,cerebellum,0.8,36,adaptation,8.51221196723832,0.4160568857425979,4.830470245623245,0.6911021753157658,0.0,0.738287024586543,67,0
44,cerebellum,0.8,37,adaptation,8.33593280427834,0.458365022927876,4.978859240809244,0.7288531730285737,0.0,0.7412755076606478,67,0
44,cerebellum,0.8,38,adaptation,8.179288116302793,0.48927676471182086,5.069116336956563,0.7563220496996177,0.0,0.7437623455745407,67,0
44,cerebellum,0.8,39,adaptation,8.037164408622028,0.5099508713160287,5.112711198164485,0.7744317835291171,0.0,0.7458865993510123,67,0
44,cerebellum,0.8,40,adaptation,7.905786790711141,0.5222181258529235,5.1196470646566645,0.7845902212908105,0.0,0.7477517603851888,67,0
44,cerebellum,0.8,41,adaptation,7.7823886171661885,0.5278797882107896,5.098293214189093,0.7882435852578804,0.0,0.7494340877176482,67,0
44,cerebellum,0.8,42,adaptation,7.664959101297706,0.5285018586917294,5.05548536189691,0.7867074866376416,0.0,0.7509891274905437,67,0
44,cerebellum,0.8,43,adaptation,7.552051125943765,0.5253756959053246,4.996716715111727,0.7811140487636146,0.0,0.7524567849666227,67,0
44,cerebellum,0.8,44,adaptation,7.442635404233152,0.5195353760772621,4.926346630484251,0.7724077979909707,0.0,0.753865248187008,67,0
44,cerebellum,0.8,45,adaptation,7.335990242326451,0.5117924641969895,4.84779734990993,0.7613611871403089,0.0,0.7552340046625002,67,0
44,cerebellum,0.8,46,adaptation,7.231618579856889,0.5027734878452573,4.763728091577263,0.7485968253040819,0.0,0.7565761454850211,67,0
44,cerebellum,0.8,47,adaptation,7.129185871077896,0.49295468660224045,4.676183988730211,0.7346106578966385,0.0,0.7579001127994712,67,0
44,cerebellum,0.8,48,adaptation,7.02847383671719,0.4826922828266197,4.586720888556762,0.7197936195160648,0.0,0.7592110151254643,67,0
44,cerebellum,0.8,49,adaptation,6.929346256000784,0.4722479993385582,4.496508412467311,0.7044508130676348,0.0,0.7605116093520058,67,0
44,cerebellum,0.8,50,adaptation,6.831723853081269,0.4618101305435356,4.406414094551024,0.6888179864699635,0.0,0.7618030273723814,67,0
44,cerebellum,0.8,51,adaptation,6.735566018694003,0.45151067647046544,4.317071392153024,0.6730754077727782,0.0,0.7630853084742716,67,0
44,cerebellum,0.8,52,adaptation,6.6408576401218955,0.4414390924734454,4.228934151824227,0.6573593802440612,0.0,0.7643577850698731,67,0
44,cerebellum,0.8,53,adaptation,6.547599724513673,0.4316531847937068,4.14231983315614,0.6417716873087226,0.0,0.765619358562101,67,0
44,cerebellum,0.8,54,adaptation,6.455802818721635,0.4221876343197821,4.057443497335105,0.6263872606385241,0.0,0.7668686936011718,67,0
44,cerebellum,0.8,55,adaptation,6.36548247379421,0.4130605750998882,3.974444282039698,0.6112603469666447,0.0,0.7681043522714478,67,0
44,cerebellum,0.8,56,adaptation,6.27665619022906,0.4042785977920227,3.8934058208687454,0.5964294223452937,0.0,0.7693248845083568,67,0
44,cerebellum,0.8,57,adaptation,6.189341423744049,0.39584049442229635,3.8143718284036856,0.5819210727021964,0.0,0.7705288869850164,67,0
44,cerebellum,0.8,58,adaptation,6.103554340607041,0.3877400109560661,3.7373578625513786,0.5677530298038702,0.0,0.7717150395847798,67,0
44,cerebellum,0.8,59,adaptation,6.019309094272355,0.3799678289630832,3.662360093558584,0.5539365236797202,0.0,0.7728821261905328,67,0
44,cerebellum,0.8,60,adaptation,5.936617457297354,0.3725129574243847,3.5893617526679584,0.5404780869642218,0.0,0.7740290447131766,67,0
44,cerebellum,0.8,61,adaptation,5.8554886890605955,0.36536368060002855,3.518337800854359,0.5273809237922799,0.0,0.7751548099211675,67,0
44,cerebellum,0.8,62,adaptation,5.775929554345844,0.3585081777790235,3.449258247199932,0.5146459359018153,0.0,0.7762585516173854,67,0
44,cerebellum,0.8,63,adaptation,5.697944433312091,0.35193490541687716,3.3820904548016446,0.5022724813711683,0.0,0.7773395099579502,67,0
44,cerebellum,0.8,64,adaptation,5.621535481967421,0.34563281126298906,3.316800697229153,0.4902589267737578,0.0,0.7783970291562645,67,0
44,cerebellum,0.8,65,adaptation,5.54670281568938,0.3395914331181984,3.2533551680818262,0.478603041240632,0.0,0.779430550415274,67,0
44,cerebellum,0.8,66,adaptation,5.473444697948632,0.3338009213372329,3.191720597908817,0.4673022707306128,0.0,0.7804396046435593,67,0
44,cerebellum,0.8,67,adaptation,5.4017577231421114,0.328252013581468,3.1318645946252053,0.4563539224565271,0.0,0.7814238053072867,67,0
44,cerebellum,0.8,68,adaptation,5.331636987146896,0.3229359821446901,3.0737557937785134,0.44575528265054726,0.0,0.7823828416280391,67,0
44,cerebellum,0.8,69,adaptation,5.263076242364391,0.31784456796372623,3.017363882015981,0.4355036854309346,0.0,0.7833164722394285,67,0
44,cerebellum,0.8,70,adaptation,5.196068036134217,0.31296991079578723,2.962659539539168,0.4255965462391397,0.0,0.7842245193505551,67,0
44,cerebellum,0.8,71,adaptation,5.130603832709694,0.30830448164868296,2.909614334073136,0.4160313699524665,0.0,0.7851068634225764,67,0
44,cerebellum,0.8,72,adaptation,5.066674119791544,0.3038410211153826,2.858200588999097,0.40680574117629686,0.0,0.7859634383389443,67,0
44,cerebellum,0.8,73,adaptation,5.004268501031354,0.2995724855529907,2.808391241032869,0.3979173022318461,0.0,0.7867942270352989,67,0
44,cerebellum,0.8,74,adaptation,4.9433757760995025,0.2954920018803373,2.7601596975730978,0.38936372286021637,0.0,0.7875992575478945,67,0
44,cerebellum,0.8,75,adaptation,4.883984009942967,0.29159283099845684,2.713479700097667,0.3811426645560195,0.0,0.7883785994372461,67,0
44,cerebellum,0.8,76,adaptation,4.826080592773486,0.28786833936085615,2.6683251973797737,0.3732517416417444,0.0,0.7891323605445334,67,0
44,cerebellum,0.8,77,adaptation,4.7696522922106075,0.2843119779415234,2.624670230517535,0.3656884806261397,0.0,0.7898606840409755,67,0
44,cerebellum,0.8,78,adaptation,4.714685298845215,0.28091726771332476,2.5824888306072125,0.3584502790016425,0.0,0.7905637457339935,67,0
44,cerebellum,0.8,79,adaptation,4.661165266330589,0.2776777907076818,2.54175492915407,0.3515343643814342,0.0,0.7912417515979664,67,0
44,cerebellum,0.8,80,adaptation,4.609077346952353,0.2745871857438799,2.5024422808796403,0.3449377547188277,0.0,0.7918949355013851,67,0
44,cerebellum,0.8,81,adaptation,4.558406223480557,0.2716391479724637,2.4645243983588974,0.33865722026264905,0.0,0.7925235571060042,67,0
44,cerebellum,0.8,82,adaptation,4.509136137982326,0.2688274314519408,2.4279744978195885,0.33268924785581966,0.0,0.7931278999170636,67,0
44,cerebellum,0.8,83,adaptation,4.4612509181496405,0.2661458540626905,2.392765455424617,0.32703000816366906,0.0,0.7937082694667431,67,0
44,cerebellum,0.8,84,adaptation,4.414734001605435,0.26358830414934464,2.358869773388154,0.32167532640676216,0.0,0.7942649916157173,67,0
44,cerebellum,0.8,85,adaptation,4.369568458561232,0.2611487483656306,2.3262595553261187,0.31662065715814686,0.0,0.7947984109600047,67,0
44,cerebellum,0.8,86,adaptation,4.325737013130825,0.258821240275557,2.2949064903011314,0.3118610637397075,0.0,0.7953088893322796,67,0
44,cerebellum,0.8,87,adaptation,4.283222063544101,0.2565999293359388,2.2647818450700186,0.3073912027069784,0.0,0.7957968043884897,67,0
44,cerebellum,0.8,88,adaptation,4.242005701457976,0.2544790699515139,2.2358564640811696,0.30320531384647376,0.0,0.7962625482720046,67,0
44,cerebellum,0.8,89,adaptation,4.202069730516526,0.25245303034999506,2.208100776796187,0.29929721601987724,0.0,0.7967065263486953,67,0
44,cerebellum,0.8,90,adaptation,4.1633956842889175,0.2505163010771833,2.181484811919431,0.2956603090785674,0.0,0.7971291560072877,67,0
44,cerebellum,0.8,91,adaptation,4.1259648436775525,0.2486635029555852,2.1559782181176996,0.29228758194213594,0.0,0.7975308655201413,67,0
44,cerebellum,0.8,92,adaptation,4.089758253873445,0.24688939438909493,2.131550290798835,0.2891716267911172,0.0,0.7979120929602453,67,0
44,cerebellum,0.8,93,adaptation,4.054756740919802,0.2451888779298574,2.108170004497862,0.28630465917442266,0.0,0.7982732851707692,67,0
44,cerebellum,0.8,94,adaptation,4.0209409279264605,0.24355700605158218,2.0858060503898606,0.2836785436815254,0.0,0.7986148967839479,67,0
44,cerebellum,0.8,95,adaptation,3.9882912509717587,0.24198898609764766,2.064426878421176,0.2812848246882136,0.0,0.7989373892864452,67,0
44,cerebellum,0.8,96,adaptation,3.956787974719442,0.24048018439323363,2.044000743520832,0.2791147615580961,0.0,0.7992412301286488,67,0
44,cerebellum,0.8,97,adaptation,3.926411207767815,0.23902612952690805,2.0244957553251655,0.2771593675770975,0.0,0.7995268918756029,67,0
44,cerebellum,0.8,98,adaptation,3.897140917748515,0.23762251482112776,2.005879930828768,0.2754094518201354,0.0,0.7997948513974947,67,0
44,cerebellum,0.8,99,adaptation,3.868956946183584,0.2362652000219729,1.9881212493561449,0.27385566310046955,0.0,0.8000455890977984,67,0
44,cerebellum,0.8,100,adaptation,3.8418390231117194,0.2349502122470833,1.9711877092423147,0.2724885351346301,0.0,0.8002795881773254,67,0
44,cerebellum,0.8,101,washout,-26.184233218516702,5.130845718515836,46.875633505772974,11.4035413191408,0.0,0.6900314782053598,67,0
44,cerebellum,0.8,102,washout,-22.779125761940982,4.469725384858281,38.31664249285453,9.445952259679181,0.0,0.5999668891487223,67,0
44,cerebellum,0.8,103,washout,-19.774360114256197,3.8918153788591408,31.036546755536744,7.771643015824795,0.0,0.5273714840646532,67,0
44,cerebellum,0.8,104,washout,-17.14712913827757,3.387292800569421,24.863277191744327,6.3425003112328895,0.0,0.46970985388419406,67,0
44,cerebellum,0.8,105,washout,-14.865569664307456,2.9473432465743166,19.649939498383393,5.125379433020272,0.0,0.424574764465729,67,0
44,cerebellum,0.8,106,washout,-12.893910375816457,2.564076305034228,15.273565880574107,4.091597367676558,0.0,0.3896811084130365,67,0
44,cerebellum,0.8,107,washout,-11.195957404146224,2.2304544515678795,11.635617173531859,3.2165124800566467,0.0,0.3629036565722416,67,0
44,cerebellum,0.8,108,washout,-9.737209856495252,1.9402260411590289,8.666080199304373,2.4792430354152084,0.0,0.34233868070309476,67,0
44,cerebellum,0.8,109,washout,-8.48598373655702,1.687859526703489,6.334783242853037,1.8626457350541223,0.0,0.3263598000394584,67,0
44,cerebellum,0.8,110,washout,-7.413880751633042,1.4684786799407907,4.67212074734202,1.353880362701658,0.0,0.31364541604362833,67,0
44,cerebellum,0.8,111,washout,-6.495856677066633,1.2777995277812801,3.765579450763456,0.9465040586052748,0.0,0.3031718252168268,67,0
44,cerebellum,0.8,112,washout,-5.7100645790435225,1.1120699060053794,3.6114034496678014,0.646536896281583,0.0,0.2941800634481612,67,0
44,cerebellum,0.8,113,washout,-5.0375857605511225,0.9680124155324691,3.9513767609023103,0.4820041562706346,0.0,0.2861296434017039,67,0
44,cerebellum,0.8,114,washout,-4.462117145357782,0.8427713477170822,4.475867044326325,0.4732995800674101,0.0,0.27865043694294284,67,0
44,cerebellum,0.8,115,washout,-3.96965460545683,0.7338639163506542,5.010279446937334,0.5616420981358984,0.0,0.2714994821787927,67,0
44,cerebellum,0.8,116,washout,-3.5481933199299864,0.6391359337541952,5.484478335428393,0.6747218616485411,0.0,0.26452549876869264,67,0
44,cerebellum,0.8,117,washout,-3.1874551015949417,0.5567219092553346,5.876446218304316,0.7813019820952504,0.0,0.2576413667789574,67,0
44,cerebellum,0.8,118,washout,-2.878646146714258,0.485009430725719,6.183904563778954,0.8721732158189144,0.0,0.25080360348553304,67,0
44,cerebellum,0.8,119,washout,-2.6142450821341927,0.4226076081096464,6.412390996058024,0.9457049605750376,0.0,0.24399748314270903,67,0
44,cerebellum,0.8,120,washout,-2.38781935146016,0.36831930360752585,6.57025484072211,1.0027878379510553,0.0,0.23722647883036574,67,0
44,joint,0.8,1,baseline,0.15967039753595802,0.039149056355280536,0.14735967779851417,0.018741122175341664,4.383057475715671e-05,0.00021768008971972125,67,0
44,joint,0.8,2,baseline,0.1823691184576887,0.03552100273798086,0.15011341060022765,0.01785076941009822,7.867166576321052e-05,0.0004061830262457693,67,0
44,joint,0.8,3,baseline,0.19893929556978218,0.032738601102688475,0.15392454419551663,0.018247605707199906,0.00010683791616448616,0.0005722324607313336,67,0
44,joint,0.8,4,baseline,0.21066238113544578,0.030616712232509922,0.15800800122940256,0.019240056172727008,0.00013017347630142498,0.0007211068557257193,67,0
44,joint,0.8,5,baseline,0.21855507480004863,0.029008799718490717,0.16196026754542578,0.020404698913618145,0.00015013120249682735,0.0008569318574473233,67,0
44,joint,0.8,6,baseline,0.22342465533214073,0.027799788708010198,0.16559806428396898,0.021534567400442156,0.00016783646708695436,0.0009829170914530752,67,0
44,joint,0.8,7,baseline,0.22591250275865252,0.026899940765823645,0.16885791962075888,0.022545125892011044,0.00018414091587992324,0.0011015476770356173,67,0
44,joint,0.8,8,baseline,0.22652841963900713,0.026239631517873407,0.17173798674404522,0.02341175979316836,0.0001996698675033102,0.0012147385936929515,67,0
44,joint,0.8,9,baseline,0.22567775278236182,0.025764990001301977,0.1742656021694971,0.024136902687060532,0.00021486527467699896,0.0013239584812678935,67,0
44,joint,0.8,10,baseline,0.22368286142615287,0.025434352108383015,0.1764797041946029,0.024734003746411083,0.0002300246829943391,0.0014303283197816808,67,0
44,joint,0.8,11,baseline,0.22080013310611304,0.025215447232394814,0.17842162458162528,0.02521994763595586,0.0002453357570417843,0.0015346995633766388,67,0
44,joint,0.8,12,baseline,0.2172334850486187,0.025083210812489598,0.18013053320471673,0.02561159070080418,0.0002609057510155313,0.0016377155921243694,67,0
44,joint,0.8,13,baseline,0.21314508615750896,0.02501810699893766,0.18164143260531695,0.025924293389291697,0.0002767855816957994,0.001739859736115962,67,0
44,joint,0.8,14,baseline,0.2086638776005094,0.025004852593716025,0.18298451969598395,0.026171416299179632,0.0002929886215111976,0.001841492589552088,67,0
44,joint,0.8,15,baseline,0.2038923476852749,0.025031448946800944,0.18418525174332215,0.02636427151176363,0.0003095047345455069,0.001942880857792485,67,0
44,joint,0.8,16,baseline,0.19891192104584465,0.025088446611040788,0.18526474761156744,0.026512276462512776,0.00032631031863871086,0.002044219564779933,67,0
44,joint,0.8,17,baseline,0.19378724705561787,0.02516838460070714,0.18624032176337307,0.02662318456624533,0.0003433751866226678,0.002145649090945217,67,0
44,joint,0.8,18,baseline,0.18856961326348584,0.0252653604230849,0.18712604297913865,0.02670333101643593,0.0003606670668680907,0.002247268210558252,67,0
44,joint,0.8,19,baseline,0.1832996629852503,0.025374698328641743,0.187933263202145,0.026757865025767186,0.000378154385348732,0.0023491440485645444,67,0
44,joint,0.8,20,baseline,0.1780095592979849,0.025492691742065362,0.18867109187257236,0.026790956613691432,0.000395807853672507,0.002451319674761451,67,0
44,joint,0.8,21,adaptation,30.172724708462024,15.203521950367897,54.25907485326402,13.041802008536273,0.027349151889622274,0.08372066789820376,67,0
44,joint,0.8,22,adaptation,5.397534696854943,11.349404114579425,43.78381601648219,9.953351912318254,0.04818131360074614,0.14771309255063428,67,0
44,joint,0.8,23,adaptation,-11.85166087650433,8.52477452978642,36.05740427863826,7.673908425200642,0.06412029564957598,0.19583380724039928,67,0
44,joint,0.8,24,adaptation,-22.1687740877165,6.4582902410556775,30.32300790106533,5.985986535639601,0.07636284760875052,0.2321484458797225,67,0
44,joint,0.8,25,adaptation,-28.308083240145926,4.964967288567955,26.041142709902957,4.735196029879823,0.08581497395887626,0.25965059208569186,67,0
44,joint,0.8,26,adaptation,-32.0760239623845,3.9155682661230164,22.821559067546506,3.8095922945148306,0.09316221338211245,0.28056263092687356,67,0
44,joint,0.8,27,adaptation,-34.452815788016935,3.2143560121934036,20.37988845857267,3.1264487801011067,0.09892325472954953,0.29654434575870126,67,0
44,joint,0.8,28,adaptation,-35.97444932951278,2.781505064022227,18.508645673818748,2.6236154949531265,0.10349049744029423,0.3088402471095127,67,0
44,joint,0.8,29,adaptation,-36.948191990293076,2.543070770215974,17.05676623373898,2.2538722553743415,0.10716067951940654,0.31838558744853873,67,0
44,joint,0.8,30,adaptation,-37.55916729752847,2.4321405976551267,15.91456909763719,1.981266129672588,0.11015801545796333,0.3258838215505327,67,0
44,joint,0.8,31,adaptation,-37.92383640765839,2.3956816637721396,15.002516469912905,1.7786742589064441,0.11265170109943802,0.3318638904222427,67,0
44,joint,0.8,32,adaptation,-38.11810053530176,2.397648450348401,14.262843426429017,1.6260151857168361,0.11476918022854772,0.33672297959870684,67,0
44,joint,0.8,33,adaptation,-38.19283533261902,2.4164436528765507,13.653416492695692,1.5087611228674023,0.11660621581570613,0.34075865708615055,67,0
44,joint,0.8,34,adaptation,-38.18289748542676,2.4403119114584664,13.143303081636965,1.4166287841194265,0.11823454572207245,0.3441931484408943,67,0
44,joint,0.8,35,adaptation,-38.112573934343914,2.463393665438224,12.709617408782771,1.342456479905142,0.11970770733949133,0.34719173269282894,67,0
44,joint,0.8,36,adaptation,-37.999003471922634,2.4831025939216915,12.33529116012876,1.2812991924750339,0.12106547082674757,0.34987670911527546,67,0
44,joint,0.8,37,adaptation,-37.854394538221484,2.498573630202957,12.007498711666024,1.2297449335868293,0.12233721299027678,0.3523380089386112,67,0
44,joint,0.8,38,adaptation,-37.68750173641378,2.509796435972729,11.7165389703366,1.1854249053850756,0.12354448353503877,0.35464125626500764,67,0
44,joint,0.8,39,adaptation,-37.504630886826675,2.5171479855315213,11.45503397810907,1.146675686693948,0.12470295513912144,0.35683388543346817,67,0
44,joint,0.8,40,adaptation,-37.31033564144461,2.52114780735388,11.217347770361181,1.1123118808399706,0.12582390333346083,0.3589497761365314,67,0
44,joint,0.8,41,adaptation,-37.107907353517305,2.522334805299605,10.999159705968648,1.0814750005340124,0.12691532769182293,0.3610127581593105,67,0
44,joint,0.8,42,adaptation,-36.89972349750742,2.521209482227031,10.797147531207912,1.0535332607414367,0.12798279958887115,0.36303925478597243,67,0
44,joint,0.8,43,adaptation,-36.68749765583425,2.5182107315311324,10.608749566477266,1.028014722228701,0.12903010173861235,0.3650402707987661,67,0
44,joint,0.8,44,adaptation,-36.47246005743317,2.513710376518363,10.431984810040086,1.0045621078488844,0.13005970938335548,0.3670228826727141,67,0
44,joint,0.8,45,adaptation,-36.255488580111304,2.5080163394077157,10.265316025717036,0.9829017191398789,0.13107315124637095,0.36899135148007595,67,0
44,joint,0.8,46,adaptation,-36.03720411979203,2.5013795516458197,10.107545106953923,0.9628216107301648,0.13207127934777188,0.3709479505228851,67,0
44,joint,0.8,47,adaptation,-35.818040164416075,2.494002040845165,9.957732902376282,0.9441559400505626,0.13305446987385336,0.3728935778227974,67,0
44,joint,0.8,48,adaptation,-35.59829360833587,2.4860449036128225,9.815137707965947,0.9267735232273583,0.13402277199741083,0.3748282068016113,67,0
44,joint,0.8,49,adaptation,-35.37816188116754,2.47763556715299,9.679168071804282,0.9105693253778921,0.13497601749627364,0.37675121561971986,67,0
44,joint,0.8,50,adaptation,-35.15777007333055,2.4688741142645796,9.549346606087985,0.8954580493213626,0.13591390092168631,0.3786616258043739,67,0
44,joint,0.8,51,adaptation,-34.93719074277088,2.4598386394687344,9.425282278282285,0.8813692604193614,0.13683603770556652,0.3805582732982667,67,0
44,joint,0.8,52,adaptation,-34.71645836614218,2.450589698365451,9.306649237683619,0.8682436592433564,0.13774200579524357,0.3824399293514454,67,0
44,joint,0.8,53,adaptation,-34.49557987310303,2.441173952689861,9.193170678106993,0.8560302264431391,0.13863137503442893,0.3843053843474706,67,0
44,joint,0.8,54,adaptation,-34.27454231901528,2.4316271250397694,9.084606578174446,0.8446840389522264,0.13950372746859732,0.38615350437454743,67,0
44,joint,0.8,55,adaptation,-34.05331847026583,2.421976373975992,8.98074442338853,0.8341646076755708,0.14035867096380686,0.38798326787451026,67,0
44,joint,0.8,56,adaptation,-33.831870869978474,2.412242190005118,8.881392217399643,0.8244346226394397,0.1411958479305049,0.3897937878351255,67,0
44,joint,0.8,57,adaptation,-33.6101548000403,2.4024399001466152,8.786373247354344,0.8154590174706526,0.1420149404922598,0.3915843235870063,67,0
44,joint,0.8,58,adaptation,-33.38812044366827,2.3925808556586254,8.695522190323773,0.8072042842469156,0.14281567309860907,0.3933542852129545,67,0
44,joint,0.8,59,adaptation,-33.16571447060352,2.3826733651951053,8.608682242464107,0.7996379842621645,0.1435978133245711,0.3951032327889527,67,0
44,joint,0.8,60,adaptation,-32.942881206663166,2.3727234247060767,8.525703025873065,0.7927284114073796,0.14436117140643773,0.39683087208706064,67,0
44,joint,0.8,61,adaptation,-32.71956350508623,2.3627352859236845,8.4464390848109,0.7864443735679171,0.14510559891872996,0.3985370479316321,67,0
44,joint,0.8,62,adaptation,-32.49570340467778,2.352711897274373,8.370748826753518,0.7807550642990897,0.1458309868888593,0.40022173607410677,67,0
44,joint,0.8,63,adaptation,-32.27124263602833,2.3426552443970627,8.29849379751793,0.7756300025046239,0.14653726356513952,0.40188503420987465,67,0
44,joint,0.8,64,adaptation,-32.04612301980647,2.3325666119693196,8.2295382057021,0.7710390222285511,0.14722439199355997,0.40352715258204247,67,0
44,joint,0.8,65,adaptation,-31.820286788541868,2.3224467840813783,8.163748631665547,0.7669522982208985,0.1478923675140204,0.40514840448535694,67,0
44,joint,0.8,66,adaptation,-31.593676854206354,2.312296196790382,8.100993871618213,0.7633403958310951,0.1485412152536692,0.40674919688700917,67,0
44,joint,0.8,67,adaptation,-31.366237037326425,2.302115053591737,8.041144879150055,0.7601743361565869,0.149170987670646,0.4083300213105714,67,0
44,joint,0.8,68,adaptation,-31.137912268619672,2.2919034122282063,7.984074775539798,0.7574256693305409,0.14978176218371045,0.40989144507816305,67,0
44,joint,0.8,69,adaptation,-30.908648770772412,2.281661249422933,7.9296589070845735,0.7550665504501459,0.15037363891027342,0.41143410296906485,67,0
44,joint,0.8,70,adaptation,-30.67839422555862,2.2713885086651993,7.877774932973074,0.7530698139860719,0.1509467385259947,0.4129586893266668,67,0
44,joint,0.8,71,adaptation,-30.447097929795007,2.261085135034399,7.8283029312714785,0.7514090436191625,0.15150120025243574,0.41446595062704644,67,0
44,joint,0.8,72,adaptation,-30.214710942434568,2.250751100147616,7.781125513696323,0.7500586353600247,0.15203717997455618,0.4159566785095621,67,0
44,joint,0.8,73,adaptation,-29.98118622426003,2.240386419612786,7.736127942226887,0.7489938525478015,0.15255484848659667,0.41743170326106765,67,0
44,joint,0.8,74,adaptation,-29.746478771065483,2.229991164821875,7.6931982424484096,0.7481908719230824,0.15305438986270906,0.41889188773958563,67,0
44,joint,0.8,75,adaptation,-29.510545740830484,2.219565470491585,7.652227309926434,0.7476268204431283,0.15353599994728448,0.4203381217196625,67,0
44,joint,0.8,76,adaptation,-29.27334657510942,2.2091095390292814,7.613109007004791,0.7472798028762425,0.15399988495907868,0.4217713166395642,67,0
44,joint,0.8,77,adaptation,-29.034843114712892,2.1986236425464853,7.575740248268166,0.7471289204906388,0.15444626020278052,0.4231924007294927,67,0
44,joint,0.8,78,adaptation,-28.794999709621333,2.188108123145519,7.540021073561409,0.7471542813549826,0.1548753488814964,0.4246023144997833,67,0
44,joint,0.8,79,adaptation,-28.553783323026884,2.1775633919539703,7.505854707969177,0.7473370029067663,0.15528738100364484,0.4260020065683433,67,0
44,joint,0.8,80,adaptation,-28.311163629341113,2.1669899272656417,7.473147608550695,0.7476592075313505,0.15568259237790935,0.4273924298072216,67,0
44,joint,0.8,81,adaptation,-28.06711310600674,2.156388272057567,7.441809497928621,0.7481040119393266,0.15606122369013462,0.42877453778905644,67,0
44,joint,0.8,82,adaptation,-27.821607118927435,2.145759031086281,7.411753385062545,0.7486555111413606,0.15642351965634396,0.4301492815151132,67,0
44,joint,0.8,83,adaptation,-27.574624001343246,2.135102867713587,7.382895573711771,0.749298757805966,0.15676972824637428,0.4315176064076616,67,0
44,joint,0.8,84,adaptation,-27.32614512598251,2.124420500574165,7.355155659223059,0.7500197377530515,0.15710009997295957,0.4328804495504849,67,0
44,joint,0.8,85,adaptation,-27.07615497032967,2.113712700167966,7.328456514368814,0.7508053422902913,0.157414887241425,0.43423873716234435,67,0
44,joint,0.8,86,adaptation,-26.824641174861103,2.102980285436827,7.30272426502703,0.7516433380449697,0.15771434375548352,0.4355933822892186,67,0
44,joint,0.8,87,adaptation,-26.57159459411944,2.0922241203693757,7.277888256527439,0.7525223348838299,0.15799872397493914,0.43694528270208116,67,0
44,joint,0.8,88,adaptation,-26.31700934049861,2.0814451106653826,7.253881011511978,0.753431752452863,0.158268282621403,0.43829531898787083,67,0
44,joint,0.8,89,adaptation,-26.060882820641645,2.0706442004804475,7.230638180155137,0.7543617858064636,0.1585232742284105,0.43964435282214004,67,0
44,joint,0.8,90,adaptation,-25.80321576435514,2.05982236926648,7.208098483581904,0.7553033705366164,0.1587639527325941,0.4409932254126351,67,0
44,joint,0.8,91,adaptation,-25.544012245968034,2.0489806287171723,7.186203651299113,0.7562481477558043,0.1589905711028145,0.44234275610377327,67,0
44,joint,0.8,92,adaptation,-25.283279698073756,2.0381200198235288,7.164898353424961,0.7571884292345548,0.15920338100438303,0.4436937411326326,67,0
44,joint,0.8,93,adaptation,-25.02102891761231,2.027241610043871,7.144130128470545,0.7581171629464193,0.15940263249572265,0.4450469525276678,67,0
44,joint,0.8,94,adaptation,-24.757274064268486,2.01634649058752,7.123849307381862,0.7590278992288011,0.15958857375501342,0.4464031371419124,67,0
44,joint,0.8,95,adaptation,-24.492032651178107,2.0054357738129123,7.104008934512925,0.7599147577292565,0.15976145083455062,0.44776301581292177,67,0
44,joint,0.8,96,adaptation,-24.22532552794652,1.9945105907383465,7.084564686151544,0.7607723952713402,0.15992150744071382,0.4491272826421671,67,0
44,joint,0.8,97,adaptation,-23.95717685602072,1.9835720886621877,7.065474787175319,0.7615959747440766,0.16006898473760045,0.45049660438700123,67,0
44,joint,0.8,98,adaptation,-23.687614076454356,1.9726214288914146,7.046699926370192,0.7623811350922145,0.16020412117252303,0.4518716199586931,67,0
44,joint,0.8,99,adaptation,-23.41666787013829,1.9616597845742971,7.02820317089391,0.7631239624612972,0.1603271523216994,0.45325294002036787,67,0
44,joint,0.8,100,adaptation,-23.14437211059389,1.9506883386343532,7.009949880328125,0.7638209625327635,0.16043831075459128,0.45464114667900063,67,0
44,joint,0.8,101,washout,-52.87076380943433,5.383575362175656,45.31312164155858,11.127856908904853,0.14515494406425025,0.4110569143638511,67,0
44,joint,0.8,102,washout,-34.039278896510844,4.087652236208871,39.49771673432467,9.326763000199431,0.13324767923835562,0.37689591916642307,67,0
44,joint,0.8,103,washout,-15.111138569055472,3.045905337929998,34.771298202416794,7.859660969006189,0.12389263876667767,0.3497162503276605,67,0
44,joint,0.8,104,washout,0.07529210555511734,2.2277015005300935,30.9318453690329,6.667601217085252,0.11643242913243176,0.3276247233382911,67,0
44,joint,0.8,105,washout,10.78858451620136,1.6138262751573949,27.810824263916935,5.700984086355094,0.11035962347215898,0.3092073145943934,67,0
44,joint,0.8,106,washout,18.06925165419859,1.2000674676317085,25.26851324159396,4.918350833771612,0.10529385861089267,0.29344151584997596,67,0
44,joint,0.8,107,washout,23.04478220996017,0.9891438999300873,23.189953234352224,4.285230778390875,0.10095685842218749,0.2796074182596011,67,0
44,joint,0.8,108,washout,26.504737802354885,0.953504835681355,21.48134905071518,3.773091051669215,0.09714889903080616,0.2672089115135289,67,0
44,joint,0.8,109,washout,28.951124117808536,1.0205624310900745,20.066826539075407,3.358413054041639,0.09372871254440923,0.255909911786171,67,0
44,joint,0.8,110,washout,30.700903387799936,1.1231248998490437,18.885506303250587,3.021899328886928,0.0905974627241031,0.2454858934925969,67,0
44,joint,0.8,111,washout,31.958462975263483,1.2260733266157604,17.8888898420129,2.747799807709897,0.08768656544888205,0.2357886353590625,67,0
44,joint,0.8,112,washout,32.8594320793492,1.3159632362929905,17.0385671943854,2.5233389037720677,0.08494873554588941,0.22672135749077235,67,0
44,joint,0.8,113,washout,33.496457399189126,1.3891958011680166,16.304250771638984,2.338224330012065,0.08235155510619871,0.21822156152574385,67,0
44,joint,0.8,114,washout,33.934533056043605,1.4461090794269957,15.662126593253122,2.184222459840853,0.07987292458873918,0.2102493603864951,67,0
44,joint,0.8,115,washout,34.22033860147723,1.4884593302927789,15.09349977656083,2.054790376113108,0.0774978782927997,0.20277961321340643,67,0
44,joint,0.8,116,washout,34.38808732948019,1.5183752591364288,14.583700787135548,1.9447589627162432,0.07521636910504237,0.19579664426107068,67,0
44,joint,0.8,117,washout,34.46329325606151,1.5379316449035292,14.121214126714035,1.8500634774963676,0.07302173291140679,0.18929068842361382,67,0
44,joint,0.8,118,washout,34.46526360646816,1.5489883678308323,13.69699108243408,1.7675183125978853,0.07090962559687587,0.18325547553271265,67,0
44,joint,0.8,119,washout,34.40878996066422,1.5531450885834557,13.303911285112463,1.6946319879254534,0.06887728691564365,0.17768655835410613,67,0
44,joint,0.8,120,washout,34.30532251591068,1.5517458079246307,12.93636255087178,1.6294576501705234,0.06692302972420128,0.1725801243207826,67,0
55,feedback,0.8,1,baseline,0.34041938435631003,0.010610722515686007,0.10344941311000018,0.00860890162101386,0.0,0.0,0,0
55,feedback,0.8,2,baseline,0.34041938435631003,0.010610722515686007,0.10344941311000018,0.00860890162101386,0.0,0.0,0,0
55,feedback,0.8,3,baseline,0.34041938435631003,0.010610722515686007,0.10344941311000018,0.00860890162101386,0.0,0.0,0,0
55,feedback,0.8,4,baseline,0.34041938435631003,0.010610722515686007,0.10344941311000018,0.00860890162101386,0.0,0.0,0,0
55,feedback,0.8,5,baseline,0.34041938435631003,0.010610722515686007,0.10344941311000018,0.00860890162101386,0.0,0.0,0,0
55,feedback,0.8,6,baseline,0.34041938435631003,0.010610722515686007,0.10344941311000018,0.00860890162101386,0.0,0.0,0,0
55,feedback,0.8,7,baseline,0.34041938435631003,0.010610722515686007,0.10344941311000018,0.00860890162101386,0.0,0.0,0,0
55,feedback,0.8,8,baseline,0.34041938435631003,0.010610722515686007,0.10344941311000018,0.00860890162101386,0.0,0.0,0,0
55,feedback,0.8,9,baseline,0.34041938435631003,0.010610722515686007,0.10344941311000018,0.00860890162101386,0.0,0.0,0,0
55,feedback,0.8,10,baseline,0.34041938435631003,0.010610722515686007,0.10344941311000018,0.00860890162101386,0.0,0.0,0,0
55,feedback,0.8,11,baseline,0.34041938435631003,0.010610722515686007,0.10344941311000018,0.00860890162101386,0.0,0.0,0,0
55,feedback,0.8,12,baseline,0.34041938435631003,0.010610722515686007,0.10344941311000018,0.00860890162101386,0.0,0.0,0,0
55,feedback,0.8,13,baseline,0.34041938435631003,0.010610722515686007,0.10344941311000018,0.00860890162101386,0.0,0.0,0,0
55,feedback,0.8,14,baseline,0.34041938435631003,0.010610722515686007,0.10344941311000018,0.00860890162101386,0.0,0.0,0,0
55,feedback,0.8,15,baseline,0.34041938435631003,0.010610722515686007,0.10344941311000018,0.00860890162101386,0.0,0.0,0,0
55,feedback,0.8,16,baseline,0.34041938435631003,0.010610722515686007,0.10344941311000018,0.00860890162101386,0.0,0.0,0,0
55,feedback,0.8,17,baseline,0.34041938435631003,0.010610722515686007,0.10344941311000018,0.00860890162101386,0.0,0.0,0,0
55,feedback,0.8,18,baseline,0.34041938435631003,0.010610722515686007,0.10344941311000018,0.00860890162101386,0.0,0.0,0,0
55,feedback,0.8,19,baseline,0.34041938435631003,0.010610722515686007,0.10344941311000018,0.00860890162101386,0.0,0.0,0,0
55,feedback,0.8,20,baseline,0.34041938435631003,0.010610722515686007,0.10344941311000018,0.00860890162101386,0.0,0.0,0,0
55,feedback,0.8,21,adaptation,30.340419384356306,15.381526600163603,53.907399491220474,13.024032408253554,0.0,0.0,0,0
55,feedback,0.8,22,adaptation,30.340419384356306,15.381526600163603,53.907399491220474,13.024032408253554,0.0,0.0,0,0
55,feedback,0.8,23,adaptation,30.340419384356306,15.381526600163603,53.907399491220474,13.024032408253554,0.0,0.0,0,0
55,feedback,0.8,24,adaptation,30.340419384356306,15.381526600163603,53.907399491220474,13.024032408253554,0.0,0.0,0,0
55,feedback,0.8,25,adaptation,30.340419384356306,15.381526600163603,53.907399491220474,13.024032408253554,0.0,0.0,0,0
55,feedback,0.8,26,adaptation,30.340419384356306,15.381526600163603,53.907399491220474,13.024032408253554,0.0,0.0,0,0
55,feedback,0.8,27,adaptation,30.340419384356306,15.381526600163603,53.907399491220474,13.024032408253554,0.0,0.0,0,0
55,feedback,0.8,28,adaptation,30.340419384356306,15.381526600163603,53.907399491220474,13.024032408253554,0.0,0.0,0,0
55,feedback,0.8,29,adaptation,30.340419384356306,15.381526600163603,53.907399491220474,13.024032408253554,0.0,0.0,0,0
55,feedback,0.8,30,adaptation,30.340419384356306,15.381526600163603,53.907399491220474,13.024032408253554,0.0,0.0,0,0
55,feedback,0.8,31,adaptation,30.340419384356306,15.381526600163603,53.907399491220474,13.024032408253554,0.0,0.0,0,0
55,feedback,0.8,32,adaptation,30.340419384356306,15.381526600163603,53.907399491220474,13.024032408253554,0.0,0.0,0,0
55,feedback,0.8,33,adaptation,30.340419384356306,15.381526600163603,53.907399491220474,13.024032408253554,0.0,0.0,0,0
55,feedback,0.8,34,adaptation,30.340419384356306,15.381526600163603,53.907399491220474,13.024032408253554,0.0,0.0,0,0
55,feedback,0.8,35,adaptation,30.340419384356306,15.381526600163603,53.907399491220474,13.024032408253554,0.0,0.0,0,0
55,feedback,0.8,36,adaptation,30.340419384356306,15.381526600163603,53.907399491220474,13.024032408253554,0.0,0.0,0,0
55,feedback,0.8,37,adaptation,30.340419384356306,15.381526600163603,53.907399491220474,13.024032408253554,0.0,0.0,0,0
55,feedback,0.8,38,adaptation,30.340419384356306,15.381526600163603,53.907399491220474,13.024032408253554,0.0,0.0,0,0
55,feedback,0.8,39,adaptation,30.340419384356306,15.381526600163603,53.907399491220474,13.024032408253554,0.0,0.0,0,0
55,feedback,0.8,40,adaptation,30.340419384356306,15.381526600163603,53.907399491220474,13.024032408253554,0.0,0.0,0,0
55,feedback,0.8,41,adaptation,30.340419384356306,15.381526600163603,53.907399491220474,13.024032408253554,0.0,0.0,0,0
55,feedback,0.8,42,adaptation,30.340419384356306,15.381526600163603,53.907399491220474,13.024032408253554,0.0,0.0,0,0
55,feedback,0.8,43,adaptation,30.340419384356306,15.381526600163603,53.907399491220474,13.024032408253554,0.0,0.0,0,0
55,feedback,0.8,44,adaptation,30.340419384356306,15.381526600163603,53.907399491220474,13.024032408253554,0.0,0.0,0,0
55,feedback,0.8,45,adaptation,30.340419384356306,15.381526600163603,53.907399491220474,13.024032408253554,0.0,0.0,0,0
55,feedback,0.8,46,adaptation,30.340419384356306,15.381526600163603,53.907399491220474,13.024032408253554,0.0,0.0,0,0
55,feedback,0.8,47,adaptation,30.340419384356306,15.381526600163603,53.907399491220474,13.024032408253554,0.0,0.0,0,0
55,feedback,0.8,48,adaptation,30.340419384356306,15.381526600163603,53.907399491220474,13.024032408253554,0.0,0.0,0,0
55,feedback,0.8,49,adaptation,30.340419384356306,15.381526600163603,53.907399491220474,13.024032408253554,0.0,0.0,0,0
55,feedback,0.8,50,adaptation,30.340419384356306,15.381526600163603,53.907399491220474,13.024032408253554,0.0,0.0,0,0
55,feedback,0.8,51,adaptation,30.340419384356306,15.381526600163603,53.907399491220474,13.024032408253554,0.0,0.0,0,0
55,feedback,0.8,52,adaptation,30.340419384356306,15.381526600163603,53.907399491220474,13.024032408253554,0.0,0.0,0,0
55,feedback,0.8,53,adaptation,30.340419384356306,15.381526600163603,53.907399491220474,13.024032408253554,0.0,0.0,0,0
55,feedback,0.8,54,adaptation,30.340419384356306,15.381526600163603,53.907399491220474,13.024032408253554,0.0,0.0,0,0
55,feedback,0.8,55,adaptation,30.340419384356306,15.381526600163603,53.907399491220474,13.024032408253554,0.0,0.0,0,0
55,feedback,0.8,56,adaptation,30.340419384356306,15.381526600163603,53.907399491220474,13.024032408253554,0.0,0.0,0,0
55,feedback,0.8,57,adaptation,30.340419384356306,15.381526600163603,53.907399491220474,13.024032408253554,0.0,0.0,0,0
55,feedback,0.8,58,adaptation,30.340419384356306,15.381526600163603,53.907399491220474,13.024032408253554,0.0,0.0,0,0
55,feedback,0.8,59,adaptation,30.340419384356306,15.381526600163603,53.907399491220474,13.024032408253554,0.0,0.0,0,0
55,feedback,0.8,60,adaptation,30.340419384356306,15.381526600163603,53.907399491220474,13.024032408253554,0.0,0.0,0,0
55,feedback,0.8,61,adaptation,30.340419384356306,15.381526600163603,53.907399491220474,13.024032408253554,0.0,0.0,0,0
55,feedback,0.8,62,adaptation,30.340419384356306,15.381526600163603,53.907399491220474,13.024032408253554,0.0,0.0,0,0
55,feedback,0.8,63,adaptation,30.340419384356306,15.381526600163603,53.907399491220474,13.024032408253554,0.0,0.0,0,0
55,feedback,0.8,64,adaptation,30.340419384356306,15.381526600163603,53.907399491220474,13.024032408253554,0.0,0.0,0,0
55,feedback,0.8,65,adaptation,30.340419384356306,15.381526600163603,53.907399491220474,13.024032408253554,0.0,0.0,0,0
55,feedback,0.8,66,adaptation,30.340419384356306,15.381526600163603,53.907399491220474,13.024032408253554,0.0,0.0,0,0
55,feedback,0.8,67,adaptation,30.340419384356306,15.381526600163603,53.907399491220474,13.024032408253554,0.0,0.0,0,0
55,feedback,0.8,68,adaptation,30.340419384356306,15.381526600163603,53.907399491220474,13.024032408253554,0.0,0.0,0,0
55,feedback,0.8,69,adaptation,30.340419384356306,15.381526600163603,53.907399491220474,13.024032408253554,0.0,0.0,0,0
55,feedback,0.8,70,adaptation,30.340419384356306,15.381526600163603,53.907399491220474,13.024032408253554,0.0,0.0,0,0
55,feedback,0.8,71,adaptation,30.340419384356306,15.381526600163603,53.907399491220474,13.024032408253554,0.0,0.0,0,0
55,feedback,0.8,72,adaptation,30.340419384356306,15.381526600163603,53.907399491220474,13.024032408253554,0.0,0.0,0,0
55,feedback,0.8,73,adaptation,30.340419384356306,15.381526600163603,53.907399491220474,13.024032408253554,0.0,0.0,0,0
55,feedback,0.8,74,adaptation,30.340419384356306,15.381526600163603,53.907399491220474,13.024032408253554,0.0,0.0,0,0
55,feedback,0.8,75,adaptation,30.340419384356306,15.381526600163603,53.907399491220474,13.024032408253554,0.0,0.0,0,0
55,feedback,0.8,76,adaptation,30.340419384356306,15.381526600163603,53.907399491220474,13.024032408253554,0.0,0.0,0,0
55,feedback,0.8,77,adaptation,30.340419384356306,15.381526600163603,53.907399491220474,13.024032408253554,0.0,0.0,0,0
55,feedback,0.8,78,adaptation,30.340419384356306,15.381526600163603,53.907399491220474,13.024032408253554,0.0,0.0,0,0
55,feedback,0.8,79,adaptation,30.340419384356306,15.381526600163603,53.907399491220474,13.024032408253554,0.0,0.0,0,0
55,feedback,0.8,80,adaptation,30.340419384356306,15.381526600163603,53.907399491220474,13.024032408253554,0.0,0.0,0,0
55,feedback,0.8,81,adaptation,30.340419384356306,15.381526600163603,53.907399491220474,13.024032408253554,0.0,0.0,0,0
55,feedback,0.8,82,adaptation,30.340419384356306,15.381526600163603,53.907399491220474,13.024032408253554,0.0,0.0,0,0
55,feedback,0.8,83,adaptation,30.340419384356306,15.381526600163603,53.907399491220474,13.024032408253554,0.0,0.0,0,0
55,feedback,0.8,84,adaptation,30.340419384356306,15.381526600163603,53.907399491220474,13.024032408253554,0.0,0.0,0,0
55,feedback,0.8,85,adaptation,30.340419384356306,15.381526600163603,53.907399491220474,13.024032408253554,0.0,0.0,0,0
55,feedback,0.8,86,adaptation,30.340419384356306,15.381526600163603,53.907399491220474,13.024032408253554,0.0,0.0,0,0
55,feedback,0.8,87,adaptation,30.340419384356306,15.381526600163603,53.907399491220474,13.024032408253554,0.0,0.0,0,0
55,feedback,0.8,88,adaptation,30.340419384356306,15.381526600163603,53.907399491220474,13.024032408253554,0.0,0.0,0,0
55,feedback,0.8,89,adaptation,30.340419384356306,15.381526600163603,53.907399491220474,13.024032408253554,0.0,0.0,0,0
55,feedback,0.8,90,adaptation,30.340419384356306,15.381526600163603,53.907399491220474,13.024032408253554,0.0,0.0,0,0
55,feedback,0.8,91,adaptation,30.340419384356306,15.381526600163603,53.907399491220474,13.024032408253554,0.0,0.0,0,0
55,feedback,0.8,92,adaptation,30.340419384356306,15.381526600163603,53.907399491220474,13.024032408253554,0.0,0.0,0,0
55,feedback,0.8,93,adaptation,30.340419384356306,15.381526600163603,53.907399491220474,13.024032408253554,0.0,0.0,0,0
55,feedback,0.8,94,adaptation,30.340419384356306,15.381526600163603,53.907399491220474,13.024032408253554,0.0,0.0,0,0
55,feedback,0.8,95,adaptation,30.340419384356306,15.381526600163603,53.907399491220474,13.024032408253554,0.0,0.0,0,0
55,feedback,0.8,96,adaptation,30.340419384356306,15.381526600163603,53.907399491220474,13.024032408253554,0.0,0.0,0,0
55,feedback,0.8,97,adaptation,30.340419384356306,15.381526600163603,53.907399491220474,13.024032408253554,0.0,0.0,0,0
55,feedback,0.8,98,adaptation,30.340419384356306,15.381526600163603,53.907399491220474,13.024032408253554,0.0,0.0,0,0
55,feedback,0.8,99,adaptation,30.340419384356306,15.381526600163603,53.907399491220474,13.024032408253554,0.0,0.0,0,0
55,feedback,0.8,100,adaptation,30.340419384356306,15.381526600163603,53.907399491220474,13.024032408253554,0.0,0.0,0,0
55,feedback,0.8,101,washout,0.34041938435631003,0.010610722515686007,0.10344941311000018,0.00860890162101386,0.0,0.0,0,0
55,feedback,0.8,102,washout,0.34041938435631003,0.010610722515686007,0.10344941311000018,0.00860890162101386,0.0,0.0,0,0
55,feedback,0.8,103,washout,0.34041938435631003,0.010610722515686007,0.10344941311000018,0.00860890162101386,0.0,0.0,0,0
55,feedback,0.8,104,washout,0.34041938435631003,0.010610722515686007,0.10344941311000018,0.00860890162101386,0.0,0.0,0,0
55,feedback,0.8,105,washout,0.34041938435631003,0.010610722515686007,0.10344941311000018,0.00860890162101386,0.0,0.0,0,0
55,feedback,0.8,106,washout,0.34041938435631003,0.010610722515686007,0.10344941311000018,0.00860890162101386,0.0,0.0,0,0
55,feedback,0.8,107,washout,0.34041938435631003,0.010610722515686007,0.10344941311000018,0.00860890162101386,0.0,0.0,0,0
55,feedback,0.8,108,washout,0.34041938435631003,0.010610722515686007,0.10344941311000018,0.00860890162101386,0.0,0.0,0,0
55,feedback,0.8,109,washout,0.34041938435631003,0.010610722515686007,0.10344941311000018,0.00860890162101386,0.0,0.0,0,0
55,feedback,0.8,110,washout,0.34041938435631003,0.010610722515686007,0.10344941311000018,0.00860890162101386,0.0,0.0,0,0
55,feedback,0.8,111,washout,0.34041938435631003,0.010610722515686007,0.10344941311000018,0.00860890162101386,0.0,0.0,0,0
55,feedback,0.8,112,washout,0.34041938435631003,0.010610722515686007,0.10344941311000018,0.00860890162101386,0.0,0.0,0,0
55,feedback,0.8,113,washout,0.34041938435631003,0.010610722515686007,0.10344941311000018,0.00860890162101386,0.0,0.0,0,0
55,feedback,0.8,114,washout,0.34041938435631003,0.010610722515686007,0.10344941311000018,0.00860890162101386,0.0,0.0,0,0
55,feedback,0.8,115,washout,0.34041938435631003,0.010610722515686007,0.10344941311000018,0.00860890162101386,0.0,0.0,0,0
55,feedback,0.8,116,washout,0.34041938435631003,0.010610722515686007,0.10344941311000018,0.00860890162101386,0.0,0.0,0,0
55,feedback,0.8,117,washout,0.34041938435631003,0.010610722515686007,0.10344941311000018,0.00860890162101386,0.0,0.0,0,0
55,feedback,0.8,118,washout,0.34041938435631003,0.010610722515686007,0.10344941311000018,0.00860890162101386,0.0,0.0,0,0
55,feedback,0.8,119,washout,0.34041938435631003,0.010610722515686007,0.10344941311000018,0.00860890162101386,0.0,0.0,0,0
55,feedback,0.8,120,washout,0.34041938435631003,0.010610722515686007,0.10344941311000018,0.00860890162101386,0.0,0.0,0,0
55,cortex,0.8,1,baseline,0.34041938435631003,0.010610722515686007,0.10344941311000018,0.00860890162101386,3.9961975555839696e-05,0.0,67,0
55,cortex,0.8,2,baseline,0.32334524125652603,0.010110071535485782,0.10105494283071852,0.008217270466515008,7.709483398865252e-05,0.0,67,0
55,cortex,0.8,3,baseline,0.3072044817264662,0.009708273672057647,0.0988466854197324,0.007912487182349834,0.00011192179134904677,0.0,67,0
55,cortex,0.8,4,baseline,0.2919184490377365,0.009365153281240688,0.0968001050143842,0.007660121936202949,0.00014481423953015908,0.0,67,0
55,cortex,0.8,5,baseline,0.2774202098847798,0.00905824650331857,0.09489810461145724,0.007439314531636329,0.000176038504412584,0.0,67,0
55,cortex,0.8,6,baseline,0.2636522182527893,0.008775989878015932,0.09312811685868333,0.007237899111664052,0.00020578869513634507,0.0,67,0
55,cortex,0.8,7,baseline,0.2505644782347181,0.008513201211995973,0.09148032926860665,0.007049051997796471,0.0002342094745486239,0.0,67,0
55,cortex,0.8,8,baseline,0.23811309966778327,0.008268244242360659,0.08994661265792663,0.006869123318810128,0.00026141168237400926,0.0,67,0
55,cortex,0.8,9,baseline,0.22625916223933887,0.008041311425460374,0.08851988200960093,0.006696288838643686,0.00028748297231734614,0.0,67,0
55,cortex,0.8,10,baseline,0.21496782136514755,0.00783340940041219,0.0871937210953016,0.006529735031502635,0.00031249501328712345,0.0,67,0
55,cortex,0.8,11,baseline,0.20420760329365742,0.00764577255021038,0.08596216649105984,0.006369177985249289,0.0003365083446010422,0.0,67,0
55,cortex,0.8,12,baseline,0.1939498481714695,0.00747953319685112,0.0848195867875888,0.006214586258185383,0.0003595756402961282,0.0,67,0
55,cortex,0.8,13,baseline,0.18416826873660477,0.007335545028379222,0.0837606177395469,0.006066026115994369,0.0003817439002077757,0.0,67,0
55,cortex,0.8,14,baseline,0.17483859935385812,0.007214298862483406,0.08278012952222695,0.005923579014589324,0.00040305591996424626,0.0,67,0
55,cortex,0.8,15,baseline,0.16593831564474162,0.007115895379575714,0.08187321175806954,0.005787300960358402,0.0004235512780983148,0.0,67,0
55,cortex,0.8,16,baseline,0.15744640930697676,0.007040054181795544,0.08103516779139158,0.005657205563138768,0.00044326700072741277,0.0,67,0
55,cortex,0.8,17,baseline,0.14934320612069554,0.006986146606441421,0.08026151323891495,0.0055332600169704545,0.00046223801153448367,0.0,67,0
55,cortex,0.8,18,baseline,0.14161021778939073,0.0069532438786567815,0.07954797599077168,0.005415387724396736,0.0004804974391918195,0.0,67,0
55,cortex,0.8,19,baseline,0.13423002033386125,0.006940174236279967,0.07889049612831087,0.005303473964500665,0.0004980768304225111,0.0,67,0
55,cortex,0.8,20,baseline,0.12718615337420353,0.006945583763773657,0.078285224991339,0.005197372600955261,0.0005150063008167728,0.0,67,0
55,cortex,0.8,21,adaptation,30.120463035887447,15.380759600051038,53.93626969299054,13.024071169699562,0.05892894922856502,0.0,67,0
55,cortex,0.8,22,adaptation,-18.031469225743237,11.332903388438675,46.47526059419865,9.870198136702205,0.10262093564080031,0.0,67,0
55,cortex,0.8,23,adaptation,-38.62763959084371,8.57187987433012,41.16750920026264,7.6073790598226765,0.1352481066802257,0.0,67,0
55,cortex,0.8,24,adaptation,-47.34411132126247,6.815447929472972,37.3129061559757,6.004448038210394,0.15985898510322485,0.0,67,0
55,cortex,0.8,25,adaptation,-51.88230038323739,5.8178258165502355,34.426952437237105,4.886930240697344,0.1786874209364738,0.0,67,0
55,cortex,0.8,26,adaptation,-54.6057812472246,5.335909360633389,32.185657490661995,4.1196586590178,0.19336727107281723,0.0,67,0
55,cortex,0.8,27,adaptation,-56.3994814148364,5.151275196358255,30.37805199592508,3.5970503284196553,0.20508884525290913,0.0,67,0
55,cortex,0.8,28,adaptation,-57.65772396183479,5.107250152419004,28.868771608698015,3.238640649689974,0.21471421611145652,0.0,67,0
55,cortex,0.8,29,adaptation,-58.57894374536537,5.113140567968429,27.571139230599616,2.986321353662579,0.22286292460210286,0.0,67,0
55,cortex,0.8,30,adaptation,-59.271724804492514,5.1245599804780255,26.429107290831013,2.80075810478973,0.22997599680441821,0.0,67,0
55,cortex,0.8,31,adaptation,-59.79896619848108,5.12312885654082,25.40570842745025,2.6568349986524677,0.2363638367999553,0.0,67,0
55,cortex,0.8,32,adaptation,-60.19846248281738,5.10335825825122,24.475884312971104,2.539197200423551,0.24224200251963898,0.0,67,0
55,cortex,0.8,33,adaptation,-60.49337319392854,5.065561239610024,23.622101276090856,2.4387051549347576,0.2477578178334827,0.0,67,0
55,cortex,0.8,34,adaptation,-60.697934768245325,5.012325803340611,22.831680509822938,2.3499766107271114,0.25301004207500344,0.0,67,0
55,cortex,0.8,35,adaptation,-60.82075854713921,4.946852885825446,22.09516276261807,2.269825733478219,0.2580632920468466,0.0,67,0
55,cortex,0.8,36,adaptation,-60.866825683589155,4.872223739361064,21.405291672866092,2.196325214847806,0.2629585197131462,0.0,67,0
55,cortex,0.8,37,adaptation,-60.838741680910054,4.7911174788989825,20.756367102501606,2.1282622633377235,0.26772054818195457,0.0,67,0
55,cortex,0.8,38,adaptation,-60.73755236532397,4.70573973030855,20.14382165430177,2.0648302694360723,0.2723634337001664,0.0,67,0
55,cortex,0.8,39,adaptation,-60.563291386206174,4.61784455039799,19.56393410383852,2.005456699177338,0.2768942366972028,0.0,67,0
55,cortex,0.8,40,adaptation,-60.31535935637747,4.528792317889334,19.013628934576317,1.9497079069846537,0.28131564016928795,0.0,67,0
55,cortex,0.8,41,adaptation,-59.99279580101016,4.439616469268612,18.490331748902918,1.8972366247946093,0.2856277413087491,0.0,67,0
55,cortex,0.8,42,adaptation,-59.59448245817307,4.351086962273271,17.991862242376286,1.847752795948056,0.28982925609234517,0.0,67,0
55,cortex,0.8,43,adaptation,-59.11930276818781,4.263765741400065,17.51635334690063,1.8010070333896568,0.29391831131815754,0.0,67,0
55,cortex,0.8,44,adaptation,-58.566273724463336,4.178053027817148,17.06218920821182,1.7567808520772015,0.2978929498615883,0.0,67,0
55,cortex,0.8,45,adaptation,-57.93466052364901,4.094224865078324,16.62795709102155,1.7148805334831743,0.30175143896897283,0.0,67,0
55,cortex,0.8,46,adaptation,-57.22408045929956,4.012462992015389,16.212409798992518,1.675132961372489,0.3054924451655986,0.0,67,0
55,cortex,0.8,47,adaptation,-56.434599565809926,3.9328782818346606,15.814436150246685,1.6373825643627407,0.3091151203874505,0.0,67,0
55,cortex,0.8,48,adaptation,-55.566823242251964,3.855528936045757,15.433037684047118,1.6014889205025986,0.3126191303559779,0.0,67,0
55,cortex,0.8,49,adaptation,-54.621980250008484,3.7804344823918523,15.06731021570251,1.5673247953136182,0.3160046465552682,0.0,67,0
55,cortex,0.8,50,adaptation,-53.60199798154136,3.7075864613097584,14.716429175795131,1.534774493187029,0.31927231635548986,0.0,67,0
55,cortex,0.8,51,adaptation,-52.50956571977875,3.6369565257113186,14.379637907839458,1.5037324548464877,0.3224232210523383,0.0,67,0
55,cortex,0.8,52,adaptation,-51.348181785346966,3.5685025367312195,14.056238280141542,1.4741020586181324,0.325458828272508,0.0,67,0
55,cortex,0.8,53,adaptation,-50.1221800742248,3.5021731174490176,13.74558310838938,1.4457945949933613,0.32838094290500963,0.0,67,0
55,cortex,0.8,54,adaptation,-48.836731603773195,3.43791102718625,13.447069995526025,1.4187283897348184,0.33119165915229043,0.0,67,0
55,cortex,0.8,55,adaptation,-47.49781737508581,3.3756556386622947,13.160136281803583,1.3928280540797573,0.3338933152359743,0.0,67,0
55,cortex,0.8,56,adaptation,-46.112170141282235,3.3153447363132154,12.884254865743463,1.3680238430116671,0.33648845158524815,0.0,67,0
55,cortex,0.8,57,adaptation,-44.68718448854729,3.256915803651239,12.618930709956535,1.3442511047273218,0.33897977287261954,0.0,67,0
55,cortex,0.8,58,adaptation,-43.230796845235936,3.2003069281241627,12.363697887443777,1.3214498065102853,0.3413701139654914,0.0,67,0
55,cortex,0.8,59,adaptation,-41.75133940524931,3.145457421331454,12.11811705653115,1.2995641242450702,0.3436624096793143,0.0,67,0
55,cortex,0.8,60,adaptation,-40.25737419627482,3.0923082288280037,11.88177327789885,1.278542084722278,0.3458596681118146,0.0,67,0
55,cortex,0.8,61,adaptation,-38.757515337184564,3.0408021855953224,11.654274106793169,1.258335251645808,0.3479649472822406,0.0,67,0
55,cortex,0.8,62,adaptation,-37.26024864810359,2.9908841593779387,11.435247908682797,1.238898447825534,0.349981334777012,0.0,67,0
55,cortex,0.8,63,adaptation,-35.77375803120583,2.9425011135019665,11.224342358308178,1.2201895074067535,0.35191193010152544,0.0,67,0
55,cortex,0.8,64,adaptation,-34.305767389785444,2.895602112764014,11.02122309106002,1.2021690531531766,0.3537598294489588,0.0,67,0
55,cortex,0.8,65,adaptation,-32.863405395546884,2.85013828989965,10.825572482508123,1.1848002947745313,0.3555281126152598,0.0,67,0
55,cortex,0.8,66,adaptation,-31.45309836399726,2.8060627855595404,10.63708853716782,1.1680488450909265,0.35721983181147726,0.0,67,0
55,cortex,0.8,67,adaptation,-30.08049414118818,2.7633306712753707,10.455483871614454,1.151882551476391,0.3588380021478563,0.0,67,0
55,cortex,0.8,68,adaptation,-28.750417542389947,2.721898862317024,10.280484780123029,1.1362713405449236,0.3603855935872191,0.0,67,0
55,cortex,0.8,69,adaptation,-27.466855777116614,2.6817260254144957,10.111830373347635,1.1211870744551822,0.36186552418718854,0.0,67,0
55,cortex,0.8,70,adaptation,-26.232970632468103,2.6427724848837033,9.94927178233828,1.1066034175341923,0.36328065447132546,0.0,67,0
55,cortex,0.8,71,adaptation,-25.051133063768557,2.605000129632415,9.792571421551704,1.0924957121725487,0.3646337827879851,0.0,67,0
55,cortex,0.8,72,adaptation,-23.92297526639504,2.5683723227383113,9.641502305553633,1.0788408631384243,0.36592764153260476,0.0,67,0
55,cortex,0.8,73,adaptation,-22.849455215381347,2.5328538147142,9.495847414907265,1.0656172296072521,0.3671648941242475,0.0,67,0
55,cortex,0.8,74,adaptation,-21.830928956914835,2.4984106611566954,9.355399107358041,1.0528045243176993,0.36834813264063593,0.0,67,0
55,cortex,0.8,75,adaptation,-20.86722649814162,2.465010145169835,9.219958570905535,1.0403837193518195,0.3694798760277526,0.0,67,0
55,cortex,0.8,76,adaptation,-19.95772785241114,2.432620704736259,9.089335315724119,1.028336958102626,0.3705625688104982,0.0,67,0
55,cortex,0.8,77,adaptation,-19.10143655734815,2.4012118650551613,8.963346702195043,1.0166474730427963,0.3715985802400307,0.0,67,0
55,cortex,0.8,78,adaptation,-18.297048718190474,2.3707541757583748,8.841817502551692,1.0052995089464587,0.37259020382139907,0.0,67,0
55,cortex,0.8,79,adaptation,-17.543016289149033,2.341219152842494,8.724579493834286,0.9942782512454812,0.37353965717206783,0.0,67,0
55,cortex,0.8,80,adaptation,-16.837603863941755,2.312579225107413,8.611471080017303,0.9835697592252678,0.3744490821680213,0.0,67,0
55,cortex,0.8,81,adaptation,-16.178938693720077,2.284807684862856,8.502336941310636,0.9731609037833105,0.3753205453394498,0.0,67,0
55,cortex,0.8,82,adaptation,-15.565053989431687,2.257878642646392,8.397027708757946,0.9630393094894862,0.37615603848265555,0.0,67,0
55,cortex,0.8,83,adaptation,-14.993925807184425,2.2317669856917326,8.295399662365009,0.9531933006999713,0.3769574794588537,0.0,67,0
55,cortex,0.8,84,adaptation,-14.46350397425656,2.2064483398846595,8.197314451089007,0.9436118514883866,0.3777267131540678,0.0,67,0
55,cortex,0.8,85,adaptation,-13.971737606124579,2.181899034948832,8.10263883311115,0.9342845391680977,0.37846551257739064,0.0,67,0
55,cortex,0.8,86,adaptation,-13.516595806612676,2.158096072611401,8.011244434898622,0.925201501189374,0.37917558007756486,0.0,67,0
55,cortex,0.8,87,adaptation,-13.096084147699386,2.1350170975088227,7.923007527646871,0.9163533952045656,0.37985854866017954,0.0,67,0
55,cortex,0.8,88,adaptation,-12.708257504108003,2.112640370603223,7.837808819765599,0.9077313621031642,0.3805159833898257,0.0,67,0
55,cortex,0.8,89,adaptation,-12.351229779758249,2.0909447448928846,7.755533264151194,0.8993269918275706,0.3811493828633474,0.0,67,0
55,cortex,0.8,90,adaptation,-12.023181015538572,2.0699096432122173,7.6760698790590185,0.8911322917889352,0.3817601807418962,0.0,67,0
55,cortex,0.8,91,adaptation,-11.722362315891184,2.049515037928533,7.599311581458031,0.8831396577108209,0.3823497473308707,0.0,67,0
55,cortex,0.8,92,adaptation,-11.447098979076666,2.0297414323561,7.525155031820843,0.8753418467366874,0.38291939119803675,0.0,67,0
55,cortex,0.8,93,adaptation,-11.19579216518402,2.0105698437199924,7.453500489369376,0.86773195264576,0.383470360821188,0.0,67,0
55,cortex,0.8,94,adaptation,-10.966919388515418,1.991981787512398,7.38425167685733,0.8603033830292347,0.38400384625764505,0.0,67,0
55,cortex,0.8,95,adaptation,-10.759034077775928,1.9739592630982,7.317315654038743,0.8530498382872314,0.38452098082872216,0.0,67,0
55,cortex,0.8,96,adaptation,-10.570764408893698,1.9564847404346604,7.252602699028765,0.8459652923141743,0.3850228428130243,0.0,67,0
55,cortex,0.8,97,adaptation,-10.400811581338694,1.9395411477824436,7.190026196823587,0.8390439747478858,0.3855104571430901,0.0,67,0
55,cortex,0.8,98,adaptation,-10.247947679301976,1.9231118602943176,7.129502534303678,0.8322803546649805,0.3859847971004749,0.0,67,0
55,cortex,0.8,99,adaptation,-10.111013233733036,1.90718068937746,7.07095100109685,0.8256691256119568,0.38644678600488575,0.0,67,0
55,cortex,0.8,100,adaptation,-9.988914579639216,1.8917318727346675,7.014293695732728,0.8192051918683411,0.38689729889344465,0.0,67,0
55,cortex,0.8,101,washout,-39.88062108478364,7.09204410220653,42.24137159174326,10.957777081337255,0.36120927100508204,0.0,67,0
55,cortex,0.8,102,washout,1.4228589085435064,4.374306078449618,37.8305674438969,8.683598117652052,0.34197088615013055,0.0,67,0
55,cortex,0.8,103,washout,24.47212162602144,2.6150245661778153,34.49478730064551,6.964070980542134,0.3266424679625276,0.0,67,0
55,cortex,0.8,104,washout,34.967009881814704,1.9634178129748991,31.908216809673352,5.671899405327121,0.3136519409347928,0.0,67,0
55,cortex,0.8,105,washout,40.252833613493344,2.244304698795856,29.838806484084916,4.707243183007293,0.3020685629847588,0.0,67,0
55,cortex,0.8,106,washout,43.14959141583088,2.776660962406561,28.126343894019445,3.9911321326427083,0.29136233402124234,0.0,67,0
55,cortex,0.8,107,washout,44.787062485243766,3.2501914157296237,26.662769603018884,3.46084898768569,0.2812430809563604,0.0,67,0
55,cortex,0.8,108,washout,45.68444494891403,3.60864352190755,25.37628749068448,3.066900016086329,0.271559176796601,0.0,67,0
55,cortex,0.8,109,washout,46.1098588576167,3.8587068756005296,24.21953195723188,2.7709784453720765,0.26223628904202234,0.0,67,0
55,cortex,0.8,110,washout,46.214988365790994,4.01937941219279,23.161246587806083,2.5443021956948995,0.2532414084916877,0.0,67,0
55,cortex,0.8,111,washout,46.09204305528836,4.109796975334233,22.180656435242327,2.3659601567627786,0.24456226640673023,0.0,67,0
55,cortex,0.8,112,washout,45.80042608703345,4.14635529875773,21.263758901946453,2.221229100007008,0.23619588998124097,0.0,67,0
55,cortex,0.8,113,washout,45.38028789139467,4.142333720790136,20.400918789624832,2.100000575616803,0.22814247891187886,0.0,67,0
55,cortex,0.8,114,washout,44.85989153030921,4.10821421125278,19.585323972721685,1.9954540374813048,0.22040232052234812,0.0,67,0
55,cortex,0.8,115,washout,44.25984301279124,4.052154754075044,18.811998536295263,1.903030502607202,0.21297439929350073,0.0,67,0
55,cortex,0.8,116,washout,43.59563656118835,3.980447424767832,18.077172953090685,1.81968849091998,0.2058559200321612,0.0,67,0
55,cortex,0.8,117,washout,42.87924778669944,3.897912388681075,17.377881490218567,1.7433886914235295,0.19904229806356052,0.0,67,0
55,cortex,0.8,118,washout,42.120165388662365,3.808220475758276,16.71170382228624,1.6727478863119125,0.1925273660823748,0.0,67,0
55,cortex,0.8,119,washout,41.326079178315446,3.714150828124383,16.07659814120636,1.606811124458686,0.18630366139430893,0.0,67,0
55,cortex,0.8,120,washout,40.50335071628056,3.617793861843929,15.470792426256885,1.5449035253858774,0.18036272278239437,0.0,67,0
55,cerebellum,0.8,1,baseline,0.34041938435631003,0.010610722515686007,0.10344941311000018,0.00860890162101386,0.0,0.00021645439595449,67,0
55,cerebellum,0.8,2,baseline,0.3340611413088766,0.009472715891851597,0.10598549461150795,0.009308141348499128,0.0,0.00041593713715869175,67,0
55,cerebellum,0.8,3,baseline,0.32842981155874834,0.00851333457103312,0.10781281246562448,0.010024090949130756,0.0,0.0006014443955904904,67,0
55,cerebellum,0.8,4,baseline,0.32343473136043294,0.007713010163559472,0.10891790132356198,0.010633316954840898,0.0,0.0007753347657967828,67,0
55,cerebellum,0.8,5,baseline,0.31899649477148034,0.007053823631710983,0.10934964813197239,0.01109300661190588,0.0,0.0009394442109433441,67,0
55,cerebellum,0.8,6,baseline,0.31504556451678706,0.006519038766547289,0.1091864130766539,0.011397547962447529,0.0,0.001095187579746325,67,0
55,cerebellum,0.8,7,baseline,0.3115210536268412,0.0060927860020111085,0.10851772893414839,0.01155758898599147,0.0,0.0012436461118640382,67,0
55,cerebellum,0.8,8,baseline,0.30836965690092094,0.005759937903920563,0.10743424042947466,0.01159030433721467,0.0,0.0013856411556786685,67,0
55,cerebellum,0.8,9,baseline,0.3055447138189854,0.005506174795108547,0.10602231081080263,0.01151484281256124,0.0,0.0015217949624702744,67,0
55,cerebellum,0.8,10,baseline,0.30300538676916333,0.005318185466930275,0.10436128720368215,0.011350192363380507,0.0,0.0016525798453874679,67,0
55,cerebellum,0.8,11,baseline,0.30071594043845,0.005183912186595086,0.10252228509705091,0.01111420757733134,0.0,0.0017783572087073354,67,0
55,cerebellum,0.8,12,baseline,0.29864510994677795,0.00509275025667181,0.10056783714730587,0.010823211875133406,0.0,0.0018994080023555697,67,0
55,cerebellum,0.8,13,baseline,0.2967655468271807,0.005035645631820829,0.09855202605421927,0.010491887732719087,0.0,0.0020159560882886747,67,0
55,cerebellum,0.8,14,baseline,0.2950533332880208,0.00500507780927145,0.0965208796045243,0.01013330917333421,0.0,0.002128185865632783,67,0
55,cerebellum,0.8,15,baseline,0.2934875563708206,0.004994948594499887,0.09451289895607615,0.00975903939081888,0.0,0.00223625532748552,67,0
55,cerebellum,0.8,16,baseline,0.2920499346382868,0.005000412103656857,0.09255964660995397,0.00937925100708816,0.0,0.0023403055401953247,67,0
55,cerebellum,0.8,17,baseline,0.2907244909381332,0.005017680648247141,0.09068635368717137,0.009002844578439929,0.0,0.002440467362267628,67,0
55,cerebellum,0.8,18,baseline,0.2894972655745,0.005043832474688589,0.08891252578478365,0.0086375509108234,0.0,0.0025368660638364327,67,0
55,cerebellum,0.8,19,baseline,0.2883560649160447,0.005076637059960577,0.08725253787381305,0.008290008811067208,0.0,0.0026296243727075915,67,0
55,cerebellum,0.8,20,baseline,0.28729024108175266,0.005114405183699226,0.08571621445807677,0.007965814460946855,0.0,0.002718864359813981,67,0
55,cerebellum,0.8,21,adaptation,30.28629049887629,15.380996337448813,53.917454588287285,13.022312932601197,0.0,0.17022057754788505,67,0
55,cerebellum,0.8,22,adaptation,26.39450937226905,11.80228951025849,40.88129077419698,10.033275969298385,0.0,0.3023570219534979,67,0
55,cerebellum,0.8,23,adaptation,23.058338919291913,9.003915288665091,30.666967001239783,7.687420480734003,0.0,0.40486784795940745,67,0
55,cerebellum,0.8,24,adaptation,20.29189468077268,6.819690955793067,22.685468479523372,5.847352546164636,0.0,0.4842493665542066,67,0
55,cerebellum,0.8,25,adaptation,18.049346774309075,5.1185645730711276,16.481485228975924,4.406194012085903,0.0,0.5456074159181257,67,0
55,cerebellum,0.8,26,adaptation,16.257198475934835,3.7972757468592238,11.70892875576573,3.2809938178427185,0.0,0.5929524083817151,67,0
55,cerebellum,0.8,27,adaptation,14.835852441994808,2.774724810347685,8.119277424363473,2.407916903614632,0.0,0.6294325708885914,67,0
55,cerebellum,0.8,28,adaptation,13.711175763050159,1.987606707180445,5.565985465258365,1.7389452171386517,0.0,0.6575171374888316,67,0
55,cerebellum,0.8,29,adaptation,12.81930666731227,1.3871698181756762,4.013894934819249,1.2400829685411465,0.0,0.6791401546661046,67,0
55,cerebellum,0.8,30,adaptation,12.107673311343927,0.937263744366111,3.4389526867144644,0.890800259384275,0.0,0.6958134633080626,67,0
55,cerebellum,0.8,31,adaptation,11.534204383925246,0.6144082938960217,3.5588197632955523,0.681287858491564,0.0,0.7087156348580943,67,0
55,cerebellum,0.8,32,adaptation,11.065852684019537,0.4106923682219793,3.947113767069475,0.5969896166311984,0.0,0.718762165969466,67,0
55,cerebellum,0.8,33,adaptation,10.676995413732252,0.3287396129799877,4.3528355652625335,0.5983705226986915,0.0,0.7266610430579336,67,0
55,cerebellum,0.8,34,adaptation,10.347960397407148,0.34029127637492385,4.687387167286283,0.636978332362858,0.0,0.7329568430870341,67,0
55,cerebellum,0.8,35,adaptation,10.063765831132784,0.38616991841471926,4.931883336838583,0.6820718344102853,0.0,0.7380658036868809,67,0
55,cerebellum,0.8,36,adaptation,9.813085028453647,0.43190913132928666,5.0917071580638185,0.720623884434742,0.0,0.7423037363904821,67,0
55,cerebellum,0.8,37,adaptation,9.587415771057781,0.46727163218181106,5.179480941023329,0.7486962438953901,0.0,0.7459082350279833,67,0
55,cerebellum,0.8,38,adaptation,9.38042354179092,0.4910462431960026,5.208891251125502,0.7661030966195739,0.0,0.749056314959634,67,0
55,cerebellum,0.8,39,adaptation,9.1874272966291,0.504660180033711,5.1925081309305305,0.77403286061493,0.0,0.7518783810838883,67,0
55,cerebellum,0.8,40,adaptation,9.004999683135683,0.5101173966419069,5.141123475931916,0.7740630134950726,0.0,0.7544692422943076,67,0
55,cerebellum,0.8,41,adaptation,8.830657996887549,0.5093456514683709,5.063680243601833,0.7677623065269363,0.0,0.7568967513255235,67,0
55,cerebellum,0.8,42,adaptation,8.66262649251052,0.5040046224890373,4.967425158203456,0.7565401541797018,0.0,0.7592085401480994,67,0
55,cerebellum,0.8,43,adaptation,8.499654482118018,0.49545254805999284,4.858133600955004,0.7416016257972776,0.0,0.7614372341207665,67,0
55,cerebellum,0.8,44,adaptation,8.3408778488203,0.48476761567672083,4.740343489133411,0.7239474586793657,0.0,0.7636044574271291,67,0
55,cerebellum,0.8,45,adaptation,8.185714205785818,0.4727860932644263,4.617572537566863,0.7043923248231992,0.0,0.7657238841559395,67,0
55,cerebellum,0.8,46,adaptation,8.033784020878262,0.4601428240697777,4.492509787682758,0.683589264348853,0.0,0.7678035411755494,67,0
55,cerebellum,0.8,47,adaptation,7.884851690914291,0.44730876372791173,4.36717957445309,0.6620548188103582,0.0,0.7698475289158102,67,0
55,cerebellum,0.8,48,adaptation,7.738781868685714,0.4346238495999779,4.243079243239764,0.6401924746511672,0.0,0.7718572929855191,67,0
55,cerebellum,0.8,49,adaptation,7.595507388458344,0.4223249414806174,4.1212931731933535,0.6183134853206622,0.0,0.7738325521841796,67,0
55,cerebellum,0.8,50,adaptation,7.455005957738223,0.4105691301905743,4.002586037881032,0.5966548351600587,0.0,0.7757719660509974,67,0
55,cerebellum,0.8,51,adaptation,7.3172834297298195,0.39945289713698906,3.8874782140958795,0.5753944335732948,0.0,0.7776736068850102,67,0
55,cerebellum,0.8,52,adaptation,7.182361978138497,0.3890276447083417,3.7763060589578603,0.5546637718968035,0.0,0.779535286509046,67,0
55,cerebellum,0.8,53,adaptation,7.050271892520391,0.379312098587836,3.66926951691998,0.5345583292155627,0.0,0.7813547763532364,67,0
55,cerebellum,0.8,54,adaptation,6.921046021200745,0.37030204711172743,3.566469239888639,0.5151460224929845,0.0,0.783129950187544,67,0
55,cerebellum,0.8,55,adaptation,6.794716128191117,0.3619778433536052,3.467935127439752,0.49647398358089356,0.0,0.7848588715907802,67,0
55,cerebellum,0.8,56,adaptation,6.671310615199088,0.35431005612739186,3.3736479306705642,0.4785739225587473,0.0,0.7865398426231551,67,0
55,cerebellum,0.8,57,adaptation,6.550853201451049,0.3472636165180943,3.283555318053369,0.46146630943661265,0.0,0.7881714258471209,67,0
55,cerebellum,0.8,58,adaptation,6.433362261998937,0.34080076638262297,3.1975835778499397,0.4451635777627683,0.0,0.7897524485478072,67,0
55,cerebellum,0.8,59,adaptation,6.318850606897654,0.33488307460400923,3.1156459309192868,0.4296725259076576,0.0,0.7912819955182855,67,0
55,cerebellum,0.8,60,adaptation,6.207325545034418,0.3294727465305638,3.0376482508198204,0.41499606581932885,0.0,0.7927593949165292,67,0
55,cerebellum,0.8,61,adaptation,6.098789122142392,0.3245334131632665,2.9634928347853084,0.4011344455194561,0.0,0.7941842003260651,67,0
55,cerebellum,0.8,62,adaptation,5.993238456304191,0.32003055049517154,2.8930807385175155,0.3880860509337633,0.0,0.7955561711464458,67,0
55,cerebellum,0.8,63,adaptation,5.890666118929172,0.3159316469283478,2.82631307822754,0.3758478750338716,0.0,0.7968752527129025,67,0
55,cerebellum,0.8,64,adaptation,5.791060527006705,0.3122062085168858,2.7630916129840983,0.36441572775089526,0.0,0.7981415570267983,67,0
55,cerebellum,0.8,65,adaptation,5.694406325122866,0.3088256681282649,2.7033188469432874,0.35378424858883184,0.0,0.799355344615846,67,0
55,cerebellum,0.8,66,adaptation,5.600684744605774,0.30576324538192123,2.6468978320979466,0.3439467750431761,0.0,0.8005170077941774,67,0
55,cerebellum,0.8,67,adaptation,5.509873933258166,0.30299378906730334,2.5937318055061325,0.3348951133870003,0.0,0.8016270554260435,67,0
55,cerebellum,0.8,68,adaptation,5.421949253190671,0.3004936221799649,2.543723758393191,0.32661925355031485,0.0,0.8026860991896666,67,0
55,cerebellum,0.8,69,adaptation,5.336883546886252,0.2982404011914543,2.496776006143268,0.31910706600397,0.0,0.8036948412721848,67,0
55,cerebellum,0.8,70,adaptation,5.254647373204905,0.2962129951299918,2.452789806337943,0.3123440150348258,0.0,0.8046540633898465,67,0
55,cerebellum,0.8,71,adaptation,5.175209215924466,0.2943913859770435,2.411665055248589,0.30631291886758644,0.0,0.8055646170103044,67,0
55,cerebellum,0.8,72,adaptation,5.098535667803169,0.29275658931651705,2.3733000804081046,0.300993782203425,0.0,0.8064274146493199,67,0
55,cerebellum,0.8,73,adaptation,5.024591593244936,0.29129059271776025,2.3375915371668397,0.2963637206085847,0.0,0.8072434221176485,67,0
55,cerebellum,0.8,74,adaptation,4.9533402725342155,0.28997630866683655,2.304434409778953,0.29239698882974124,0.0,0.8080136516020353,67,0
55,cerebellum,0.8,75,adaptation,4.884743530388492,0.2887975387286514,2.273722112056507,0.28906511691297276,0.0,0.8087391554748309,67,0
55,cerebellum,0.8,76,adaptation,4.818761851292918,0.2877389458264081,2.2453466785805496,0.28633714962258355,0.0,0.8094210207382687,67,0
55,cerebellum,0.8,77,adaptation,4.755354483787576,0.28678603191973817,2.219199034609524,0.2841799769165175,0.0,0.810060364020939,67,0
55,cerebellum,0.8,78,adaptation,4.694479535576004,0.2859251188433067,2.1951693309716966,0.2825587369442964,0.0,0.8106583270548828,67,0
55,cerebellum,0.8,79,adaptation,4.63609406104783,0.28514333056305896,2.173147329223805,0.28143726881599357,0.0,0.8112160725717169,67,0
55,cerebellum,0.8,80,adaptation,4.580154142553379,0.28442857557215995,2.1530228220845222,0.2807785905683062,0.0,0.8117347805650891,67,0
55,cerebellum,0.8,81,adaptation,4.5266149665438675,0.28376952855724547,2.1346860744929086,0.280545378290354,0.0,0.8122156448745914,67,0
55,cerebellum,0.8,82,adaptation,4.475430895494102,0.2831556108085123,2.118028271506224,0.2807004249225832,0.0,0.8126598700530012,67,0
55,cerebellum,0.8,83,adaptation,4.426555536355206,0.28257696911781194,2.1029419605175996,0.2812070612328789,0.0,0.8130686684845038,67,0
55,cerebellum,0.8,84,adaptation,4.37994180614673,0.2820244531160851,2.0893214768482924,0.2820295262493482,0.0,0.8134432577264463,67,0
55,cerebellum,0.8,85,adaptation,4.335541995171293,0.28148959114851274,2.0770633435318744,0.2831332793537017,0.0,0.813784858051307,67,0
55,cerebellum,0.8,86,adaptation,4.2933078282426385,0.28096456488540694,2.066066637973466,0.28448525080273224,0.0,0.8140946901690186,67,0
55,cerebellum,0.8,87,adaptation,4.253190524227959,0.2804421829251256,2.056233320027885,0.2860540312971534,0.0,0.8143739731126868,67,0
55,cerebellum,0.8,88,adaptation,4.215140854146358,0.27991585367294214,2.047468517830061,0.2878100041794017,0.0,0.8146239222731538,67,0
55,cerebellum,0.8,89,adaptation,4.179109198000007,0.2793795577847823,2.0396807693617416,0.2897254258821773,0.0,0.8148457475698675,67,0
55,cerebellum,0.8,90,adaptation,4.145045600479832,0.27882782045297566,2.032782219203801,0.2917744614407982,0.0,0.815040651747198,67,0
55,cerebellum,0.8,91,adaptation,4.112899825642431,0.27825568378838056,2.02668877117695,0.2939331823625407,0.0,0.8152098287867398,67,0
55,cerebellum,0.8,92,adaptation,4.082621410631065,0.2776586795250498,2.0213201986012446,0.29617953408062386,0.0,0.8153544624273171,67,0
55,cerebellum,0.8,93,adaptation,4.054159718485041,0.2770328022405272,2.0166002147038076,0.29849327977031115,0.0,0.8154757247853841,67,0
55,cerebellum,0.8,94,adaptation,4.027463990067609,0.2763744832530658,2.0124565062923425,0.3008559266170852,0.0,0.8155747750693567,67,0
55,cerebellum,0.8,95,adaptation,4.0024833951220335,0.27568056532493784,2.008820734197266,0.30325063981740047,0.0,0.8156527583821073,67,0
55,cerebellum,0.8,96,adaptation,3.9791670824559664,0.2749482782715579,2.005628504204328,0.30566214875066616,0.0,0.8157108046064646,67,0
55,cerebellum,0.8,97,adaptation,3.957464229243777,0.2741752155496209,2.0028193122679507,0.3080766489476272,0.0,0.8157500273690689,67,0
55,cerebellum,0.8,98,adaptation,3.9373240894284485,0.27335931187349044,2.00033646774382,0.31048170273297165,0.0,0.8157715230783857,67,0
55,cerebellum,0.8,99,adaptation,3.9186960411973955,0.27249882188951535,1.9981269982406835,0.3128661407611252,0.0,0.8157763700330682,67,0
55,cerebellum,0.8,100,adaptation,3.9015296335046017,0.27159229991974393,1.9961415394765463,0.31521996609910374,0.0,0.8157656275971923,67,0
55,cerebellum,0.8,101,washout,-26.11422536839654,5.216453714231785,45.21976606665058,11.133296679109858,0.0,0.7119944777744881,67,0
55,cerebellum,0.8,102,washout,-23.125865739878204,4.582496778113718,36.9976581917213,9.255875197760382,0.0,0.6261718242996008,67,0
55,cerebellum,0.8,103,washout,-20.44663893838996,4.01918576308954,29.948839603974864,7.6347001111351265,0.0,0.5560050343185027,67,0
55,cerebellum,0.8,104,washout,-18.062453586537647,3.5200611007412914,23.930701235368968,6.238672144342612,0.0,0.4992904242609794,67,0
55,cerebellum,0.8,105,washout,-15.953010395364505,3.0788077223582273,18.820147325775856,5.040103567667081,0.0,0.4539064818160321,67,0
55,cerebellum,0.8,106,washout,-14.094741403524415,2.6894212137102507,14.514297676726512,4.01455126254439,0.0,0.4178351122237375,67,0
55,cerebellum,0.8,107,washout,-12.462974680089971,2.346304117771318,10.93354405867625,3.1406656064187226,0.0,0.3892060070970105,67,0
55,cerebellum,0.8,108,washout,-11.033398346177371,2.0443129770934068,8.030077734849455,2.4001404624292966,0.0,0.36634875730209826,67,0
55,cerebellum,0.8,109,washout,-9.7829663802107,1.7787720406332717,5.807621226162827,1.7779441053940637,0.0,0.347834197331932,67,0
55,cerebellum,0.8,110,washout,-8.690396007211733,1.5454653495041568,4.349053365068873,1.2633315574755692,0.0,0.3324925602970458,67,0
55,cerebellum,0.8,111,washout,-7.736385386916077,1.3406155286548953,3.762582008195727,0.8532596251526137,0.0,0.319406384783455,67,0
55,cerebellum,0.8,112,washout,-6.903650873201561,1.1608550529830775,3.9221656786224197,0.5630416662801846,0.0,0.30788424252993263,67,0
55,cerebellum,0.8,113,washout,-6.1768552286906075,1.0031938988459197,4.45276267254202,0.44044527481735163,0.0,0.2974243466838339,67,0
55,cerebellum,0.8,114,washout,-5.542475530919472,0.8649861802453372,5.065339072911731,0.4919538739871568,0.0,0.2876759882625458,67,0
55,cerebellum,0.8,115,washout,-4.988642620719148,0.7438974645224918,5.630910050352278,0.6178004311865395,0.0,0.27840394815546876,67,0
55,cerebellum,0.8,116,washout,-4.5049720331601835,0.6378738562609434,6.104952556068213,0.7486210494299971,0.0,0.26945833676926007,67,0
55,cerebellum,0.8,117,washout,-4.082398282951238,0.545113551529274,6.477668786701755,0.8630114349817529,0.0,0.26075044283465887,67,0
55,cerebellum,0.8,118,washout,-3.713019087061414,0.4640413456585587,6.7529463158923795,0.9563165742587167,0.0,0.2522341449715334,67,0
55,cerebellum,0.8,119,washout,-3.389952744194195,0.3932864976759092,6.9398349777589905,1.0288908526527263,0.0,0.24389201240685668,67,0
55,cerebellum,0.8,120,washout,-3.107209821194617,0.3316644044758504,7.048970413148399,1.0826178012816547,0.0,0.23572514169921407,67,0
55,joint,0.8,1,baseline,0.34041938435631003,0.010610722515686007,0.10344941311000018,0.00860890162101386,1.9980987777919848e-05,0.000108227197977245,67,0
55,joint,0.8,2,baseline,0.3287037495001637,0.009786760143981058,0.10345141358945248,0.00873382501810146,3.890332959619389e-05,0.0002097797431256292,67,0
55,joint,0.8,3,baseline,0.3192069125556566,0.009173417350413696,0.10328960426353528,0.008903528993609923,5.71284591941927e-05,0.00030591395395391727,67,0
55,joint,0.8,4,baseline,0.31146647029605645,0.008716026629739077,0.10296729297214328,0.009061794554386042,7.488883527632134e-05,0.0003975797647199022,67,0
55,joint,0.8,5,baseline,0.3051126474852276,0.008372284833881194,0.10250037129883814,0.00918386962584258,9.232688338965289e-05,0.00048549517391185796,67,0
55,joint,0.8,6,baseline,0.2998499197947417,0.008110374361311535,0.10190972561064038,0.00926181488337717,0.00010952428390041478,0.0005702033139350351,67,0
55,joint,0.8,7,baseline,0.2954422606851949,0.007906931906493513,0.10121713475480451,0.00929601995871027,0.00012652308953935157,0.0006521158518050661,67,0
55,joint,0.8,8,baseline,0.29170130482132867,0.007745115537912353,0.1004431843147889,0.009290624043940633,0.00014334043270290586,0.0007315457942700642,67,0
55,joint,0.8,9,baseline,0.2884768560670443,0.007612941184780188,0.09960632591275516,0.009251138548559553,0.00015997847103638312,0.0008087321753018464,67,0
55,joint,0.8,10,baseline,0.28564927860882094,0.007501952331821352,0.09872256990455675,0.009183259236409903,0.00017643093555437512,0.0008838585804490242,67,0
55,joint,0.8,11,baseline,0.28312339950515264,0.0074062098687476905,0.09780551365193514,0.009092309294334914,0.00019268732778517816,0.0009570670232816772,67,0
55,joint,0.8,12,baseline,0.2808236236501325,0.007321551800662175,0.09686653399717353,0.008983012505756382,0.00020873552935716025,0.0010284683331080742,67,0
55,joint,0.8,13,baseline,0.2786900208565442,0.007245063339409322,0.0959150471210449,0.00885943536682967,0.00022456336184761087,0.0010981499319731144,67,0
55,joint,0.8,14,baseline,0.27667519211258795,0.007174703152210956,0.0949587827535445,0.008725011876230617,0.00024015946628974948,0.0011661816611980623,67,0
55,joint,0.8,15,baseline,0.2747417601819593,0.007109041953993743,0.09400404524715257,0.00858260501068919,0.0002555137511433939,0.00123262015151857,67,0
55,joint,0.8,16,baseline,0.27286036036786776,0.007047080353333495,0.09305594872322237,0.00843458070726219,0.00027061757360409425,0.0012975121053567314,67,0
55,joint,0.8,17,baseline,0.27100803189661143,0.00698812196096663,0.0921186217763101,0.00828288204191871,0.0002854637618749711,0.0013608967656777798,67,0
55,joint,0.8,18,baseline,0.2691669301278251,0.006931684796770867,0.09119538169924515,0.008129097752741399,0.0003000465475629911,0.0014228077757192125,67,0
55,joint,0.8,19,baseline,0.2673232956742441,0.00687743918479019,0.09028888044864336,0.007974522739458999,0.000314361451840434,0.0014832745817240198,67,0
55,joint,0.8,20,baseline,0.26546662922218894,0.006825163983094984,0.08940122554853552,0.007820210007226512,0.00032840515226827664,0.0015423234921014804,67,0
55,joint,0.8,21,adaptation,30.263589031041437,15.378198381107953,53.91068745843403,13.021307613458983,0.02934582045453742,0.08551106137983082,67,0
55,joint,0.8,22,adaptation,2.659834816263913,11.51640569163767,43.648706993468195,9.954634847223835,0.05179333361773887,0.1495914210061111,67,0
55,joint,0.8,23,adaptation,-15.925221910217466,8.630716585515087,36.01290850827597,7.664429265478186,0.0689102851258595,0.19801925674211426,67,0
55,joint,0.8,24,adaptation,-26.398840799822175,6.4920561912407875,30.307520712166372,5.95516927613426,0.08198752144203893,0.2347151006763079,67,0
55,joint,0.8,25,adaptation,-32.33760189736743,4.936743053688384,26.02450454482034,4.682585491723981,0.09201069455372554,0.2626197839877203,67,0
55,joint,0.8,26,adaptation,-35.84829793370582,3.847315428145193,22.789436839875677,3.7389034305187123,0.09972952769813495,0.28394431398636966,67,0
55,joint,0.8,27,adaptation,-37.991787925835354,3.1344571886077426,20.325810708900487,3.0426351433159757,0.10571286342448931,0.3003530204309153,67,0
55,joint,0.8,28,adaptation,-39.32021718105885,2.718104256699142,18.43007877379281,2.5314499160507378,0.11039148559560796,0.3130988312983949,67,0
55,joint,0.8,29,adaptation,-40.13947353562031,2.515771251009158,16.953229383053547,2.1572827491922015,0.11409106649115892,0.32312408443086116,67,0
55,joint,0.8,30,adaptation,-40.62923041508988,2.4481300438640075,15.786726372880675,1.883085773770358,0.11705736972708905,0.3311361982011904,67,0
55,joint,0.8,31,adaptation,-40.90025503121924,2.452797045966736,14.85171699232713,1.680660539052799,0.11947547383835654,0.3376647847252044,67,0
55,joint,0.8,32,adaptation,-41.0234964098634,2.4896134366523035,14.090864877842836,1.5290453673465687,0.12148441600659825,0.34310492832551415,67,0
55,joint,0.8,33,adaptation,-41.045759028102246,2.5363554083420325,13.462306460539999,1.4131057259443727,0.12318834090064429,0.3477500649551412,67,0
55,joint,0.8,34,adaptation,-40.9986129912529,2.5820992565697534,12.935274428512143,1.3222158590584718,0.12466498617156992,0.3518169935239987,67,0
55,joint,0.8,35,adaptation,-40.903700996853395,2.6221664165314595,12.486978368286763,1.2490761421373737,0.1259721385966463,0.3554649045478608,67,0
55,joint,0.8,36,adaptation,-40.776028002591715,2.655069685895808,12.100399655283391,1.1887366347494406,0.12715254343649576,0.35880984443931174,67,0
55,joint,0.8,37,adaptation,-40.62607044110256,2.680843887912382,11.762733540916319,1.1378532463263864,0.128237634381459,0.36193569107080525,67,0
55,joint,0.8,38,adaptation,-40.46116711497607,2.7001778385161432,11.464282058392907,1.094156091077234,0.1292503640611631,0.36490246146024774,67,0
55,joint,0.8,39,adaptation,-40.28645771543515,2.7139790158621278,11.197659148782186,1.056086360371589,0.130207348744927,0.36775258068754907,67,0
55,joint,0.8,40,adaptation,-40.10552784022323,2.7231650000484464,10.95721271214182,1.0225554517653717,0.1311204904037968,0.3705155953494793,67,0
55,joint,0.8,41,adaptation,-39.92085869727299,2.7285716856616853,10.738598909367143,0.9927877130545069,0.1319982008427843,0.37321170310610274,67,0
55,joint,0.8,42,adaptation,-39.73414405469393,2.730920444227116,10.53846489554547,0.9662182642508074,0.13284632322882173,0.37585438375357955,67,0
55,joint,0.8,43,adaptation,-39.54651539233813,2.7308140310162976,10.354210066552172,0.9424263036113628,0.1336688238548899,0.3784523507037515,67,0
55,joint,0.8,44,adaptation,-39.35870270539028,2.728745555660644,10.18380508950026,0.9210910422054388,0.1344683097563633,0.3810109902794029,67,0
55,joint,0.8,45,adaptation,-39.17114973037093,2.725112481575056,10.025654079616773,0.9019620695364483,0.13524641459609302,0.3835334164668335,67,0
55,joint,0.8,46,adaptation,-38.984096642231094,2.7202316496692776,9.878489374661259,0.8848390095217153,0.13600408512196227,0.38602123811164435,67,0
55,joint,0.8,47,adaptation,-38.7976394142653,2.7143534424020226,9.74129115495558,0.8695572661927384,0.13674179275851828,0.3884751119842449,67,0
55,joint,0.8,48,adaptation,-38.61177238208085,2.7076743096355913,9.613226115196337,0.8559778629865449,0.13745968897386052,0.39089513710033597,67,0
55,joint,0.8,49,adaptation,-38.42641870191508,2.700347441323846,9.493600798439754,0.8439801168704663,0.13815771854213307,0.3932811319186222,67,0
55,joint,0.8,50,adaptation,-38.24145208410245,2.6924916464298767,9.381826232497183,0.8334563365146538,0.1388357013755685,0.3956328255794354,67,0
55,joint,0.8,51,adaptation,-38.05671224665411,2.684198618467853,9.277391278868958,0.824308005573171,0.1394933909774214,0.39794998643091434,67,0
55,joint,0.8,52,adaptation,-37.8720158600452,2.675538809108584,9.179842688645543,0.8164430782254214,0.14013051557516693,0.40023250511864034,67,0
55,joint,0.8,53,adaptation,-37.687164266494975,2.6665661321244474,9.088770308268026,0.8097741174092113,0.14074680648331178,0.4024804450279335,67,0
55,joint,0.8,54,adaptation,-37.501948902695226,2.657321701988346,9.00379622491786,0.8042170724891287,0.14134201710275232,0.4046940695082478,67,0
55,joint,0.8,55,adaptation,-37.31615509710545,2.647836786101749,8.924566911000882,0.7996905378133758,0.14191593510106026,0.4068738528017045,67,0
55,joint,0.8,56,adaptation,-37.129564725218096,2.638135122811578,8.850747637514713,0.7961153657120529,0.14246838966817188,0.4090204797327566,67,0
55,joint,0.8,57,adaptation,-36.94195806962136,2.6282347320033197,8.782018590396333,0.7934145321350979,0.1429992552533099,0.4111348378333208,67,0
55,joint,0.8,58,adaptation,-36.753115132491075,2.618149322396291,8.71807225238961,0.7915131731736892,0.1435084528223695,0.4132180045561428,67,0
55,joint,0.8,59,adaptation,-36.56281657625653,2.607889380124633,8.658611713379871,0.7903387276585586,0.14399594940060234,0.4152712314770537,67,0
55,joint,0.8,60,adaptation,-36.37084441628781,2.5974630067190265,8.603349650606846,0.7898211356193238,0.14446175646054668,0.4172959268351332,67,0
55,joint,0.8,61,adaptation,-36.1769825521127,2.5868765609495843,8.5520077814135,0.7898930549494311,0.14490592756256943,0.41929363735688563,67,0
55,joint,0.8,62,adaptation,-35.98101719696352,2.576135147810641,8.504316638955958,0.7904900692972567,0.14532855554209065,0.4212660300176219,67,0
55,joint,0.8,63,adaptation,-35.78273724644127,2.5652429888608776,8.460015558477206,0.7915508690800387,0.1457297694536996,0.4232148741814577,67,0
55,joint,0.8,64,adaptation,-35.58193461366065,2.5542037008344245,8.418852790627016,0.7930173946876762,0.1461097314205336,0.4251420244091979,67,0
55,joint,0.8,65,adaptation,-35.378404548820505,2.543020503609491,8.380585680676853,0.7948349365369302,0.14646863349187966,0.4270494041149304,67,0
55,joint,0.8,66,adaptation,-35.171945954616625,2.531696373984109,8.344980869734261,0.7969521908185033,0.14680669457878012,0.4289389901756028,67,0
55,joint,0.8,67,adaptation,-34.96236170441944,2.5202341580467578,8.311814487307906,0.7993212727439678,0.14712415751332722,0.4308127985444861,67,0
55,joint,0.8,68,adaptation,-34.749458967107415,2.5086366520453316,8.280872314675475,0.8018976910513311,0.1474212862599592,0.4326728708828235,67,0
55,joint,0.8,69,adaptation,-34.53304954041931,2.4969066593982223,8.251949906143823,0.8046402886716675,0.14769836329466046,0.43452126219940146,67,0
55,joint,0.8,70,adaptation,-34.31295019336536,2.485047029728237,8.22485266099897,0.8075111549827245,0.1479556871592083,0.43636002947182234,67,0
55,joint,0.8,71,adaptation,-34.0889830173928,2.473060684428145,8.19939584314522,0.8104755151467776,0.14819357019152107,0.4381912212133724,67,0
55,joint,0.8,72,adaptation,-33.8609757854833,2.460950632203619,8.17540454846431,0.8135016017889409,0.14841233642902263,0.4400168679437403,67,0
55,joint,0.8,73,adaptation,-33.628762318042604,2.4487199772186696,8.152713622045592,0.8165605138333194,0.1486123196792059,0.44183897351912116,67,0
55,joint,0.8,74,adaptation,-33.39218285426839,2.436371921836042,8.131167528864289,0.8196260667644638,0.1487938617498653,0.44365950727649,67,0
55,joint,0.8,75,adaptation,-33.15108442758361,2.423909765460232,8.11062018237493,0.8226746379871795,0.14895731083047234,0.44548039694735064,67,0
55,joint,0.8,76,adaptation,-32.90532124366865,2.4113369006191725,8.090934735976473,0.8256850103630945,0.14910302001568634,0.4473035222975964,67,0
55,joint,0.8,77,adaptation,-32.65475505959736,2.3986568071379244,8.071983342495292,0.8286382164391144,0.1492313459618612,0.44913070945189953,67,0
55,joint,0.8,78,adaptation,-32.39925556255169,2.3858730450404906,8.05364688680548,0.8315173853686181,0.14934264766751834,0.45096372586306055,67,0
55,joint,0.8,79,adaptation,-32.13870074656967,2.3729892466547655,8.035814696525412,0.8343075940708624,0.14943728536902603,0.452804275888822,67,0
55,joint,0.8,80,adaptation,-31.872977285739186,2.360009108270108,8.018384235442989,0.8369957237799961,0.14951561954308995,0.4546539969406921,67,0
55,joint,0.8,81,adaptation,-31.601980902211775,2.3469363816035957,8.001260783970215,0.8395703228020809,0.14957801000808937,0.4565144561712676,67,0
55,joint,0.8,82,adaptation,-31.32561672735466,2.3337748652626495,7.984357110539093,0.8420214760215217,0.1496248151167482,0.45838714766834265,67,0
55,joint,0.8,83,adaptation,-31.043799654300845,2.3205283963368113,7.967593137444561,0.8443406814734061,0.14965639103309367,0.4602734901257422,67,0
55,joint,0.8,84,adaptation,-30.756454680083078,2.30720084221389,7.9508956042353836,0.8465207341173048,0.14967309108711857,0.4621748249623055,67,0
55,joint,0.8,85,adaptation,-30.46351723547725,2.2937960926851213,7.934197731360857,0.8485556168073894,0.1496752652010078,0.46409241486178177,67,0
55,joint,0.8,86,adaptation,-30.164933500596696,2.2803180523836315,7.917438886407488,0.8504403983449268,0.14966325938122,0.46602744270759033,67,0
55,joint,0.8,87,adaptation,-29.860660704220315,2.266770633582413,7.900564254909119,0.8521711384183354,0.14963741527112107,0.4679810108874619,67,0
55,joint,0.8,88,adaptation,-29.550667404762354,2.253157749368582,7.883524517394734,0.8537447991778885,0.14959806975924822,0.4699541409439257,67,0
55,joint,0.8,89,adaptation,-29.234933750746496,2.2394833071997597,7.866275534043402,0.8551591631519024,0.14954555463864327,0.47194777354746015,67,0
55,joint,0.8,90,adaptation,-28.913451718590736,2.2257512028439668,7.848778038054132,0.8564127571858908,0.14948019631302628,0.47396276876989873,67,0
55,joint,0.8,91,adaptation,-28.586225325488403,2.2119653146986265,7.830997338603534,0.8575047820722708,0.14940231554589517,0.47599990663639097,67,0
55,joint,0.8,92,adaptation,-28.25327081515044,2.198129498481438,7.812903034056091,0.8584350475331012,0.14931222724892357,0.4780598879348768,67,0
55,joint,0.8,93,adaptation,-27.91461681418608,2.1842475822840246,7.794468735911738,0.859203912220158,0.14921024030629976,0.4801433352626597,67,0
55,joint,0.8,94,adaptation,-27.570304456917967,2.1703233619771467,7.77567180381803,0.8598122284036793,0.1490966574318981,0.48225079429025725,67,0
55,joint,0.8,95,adaptation,-27.22038747649635,2.1563605969551114,7.756493091836665,0.8602612910308639,0.14897177505640533,0.4843827352233015,67,0
55,joint,0.8,96,adaptation,-26.864932260235243,2.142363006207398,7.736916706042101,0.8605527908493384,0.14883588324173858,0.48653955444383523,67,0
55,joint,0.8,97,adaptation,-26.50401786722026,2.1283342647035624,7.716929773428474,0.8606887713042224,0.14868926562029025,0.48872157631293756,67,0
55,joint,0.8,98,adaptation,-26.137736006358946,2.1142780000791332,7.69652222202314,0.8606715889340737,0.1485321993567186,0.4909290551172011,67,0
55,joint,0.8,99,adaptation,-25.766190973215792,2.100197789608044,7.675686572033388,0.8605038770062192,0.1483649551301743,0.49316217714218946,67,0
55,joint,0.8,100,adaptation,-25.389499544172097,2.0860971574500344,7.654417737803666,0.860188512148977,0.14818779713501098,0.49542106285661613,67,0
55,joint,0.8,101,washout,-55.00779082666664,6.088350879446652,47.123288526688356,11.584389147622437,0.13223925013522814,0.44991713096262975,67,0
55,joint,0.8,102,washout,-32.00955669536613,4.5287396586244535,41.132157872929476,9.653908941015725,0.120240819554264,0.4138405882808555,67,0
55,joint,0.8,103,washout,-8.279606057530128,3.3058607760250975,36.312497366353305,8.102688075282764,0.11119998880413652,0.38476084764976526,67,0
55,joint,0.8,104,washout,9.395830191592815,2.3689433574131162,32.426730498602836,6.85654168072708,0.10431921057670933,0.3608721564949168,67,0
55,joint,0.8,105,washout,20.699998687303662,1.6886840478412908,29.282916607531885,5.855381654211071,0.09898307112320175,0.3408678675000354,67,0
55,joint,0.8,106,washout,27.82881633988488,1.2594771271123875,26.726593291911186,5.050605748427108,0.09473481944185838,0.3238224079621058,67,0
55,joint,0.8,107,washout,32.46301154002813,1.0788971319912273,24.63409785248663,4.402935671430903,0.09124684428464282,0.3090903562425068,67,0
55,joint,0.8,108,washout,35.57778102410716,1.0913265302935118,22.907001087115,3.880654409313277,0.0882907595799818,0.2962260165985144,67,0
55,joint,0.8,109,washout,37.725139814787724,1.197513045159253,21.467415386462836,3.458183985634117,0.08571104123760809,0.28492255351186574,67,0
55,joint,0.8,110,washout,39.22841861714399,1.3262946541628418,20.254032417290485,3.1149425758753475,0.08340386617657755,0.2749676034989909,67,0
55,joint,0.8,111,washout,40.285839833450034,1.4464622321432725,19.21880001108467,2.83442307332606,0.08130116679637252,0.26621174191071195,67,0
55,joint,0.8,112,washout,41.02438912382954,1.5478687433480416,18.32417043880089,2.603443070851008,0.07935911753484286,0.2585464989220985,67,0
55,joint,0.8,113,washout,41.52864626422777,1.628910839053962,17.540856195455937,2.411527042964163,0.07755005703647672,0.25188925525626527,67,0
55,joint,0.8,114,washout,41.85686157187618,1.6911178370839637,16.846026908929897,2.250392691026619,0.07585692901335962,0.24617300980462792,67,0
55,joint,0.8,115,washout,42.05030514500733,1.736986536895366,16.221879518344696,2.113522607064817,0.07426950601625447,0.2413395729839415,67,0
55,joint,0.8,116,washout,42.13892277020935,1.7691255894060265,15.654516203179442,1.9958084973619168,0.07278184759535511,0.23733516906208293,67,0
55,joint,0.8,117,washout,42.14488287244975,1.7899314475715977,15.133070451004746,1.8932584070220457,0.07139060137922948,0.23410773778716418,67,0
55,joint,0.8,118,washout,42.08487429687107,1.8014853885632685,14.649029697963453,1.8027586849512343,0.07009387513262434,0.23160543543290465,67,0
55,joint,0.8,119,washout,41.971638941682826,1.8055428929305153,14.195711674218721,1.721882876619502,0.06889049408935168,0.22977597477949896,67,0
55,joint,0.8,120,washout,41.815021144263426,1.803559902478331,13.76785986846633,1.648740047384463,0.0677795181054018,0.22856653603953184,67,0
